target,modality,kind,band_label,component,band_lower_nm,band_upper_nm,model_type,estimator,n_samples,rmse,mae,r2,rmse_loocv,mae_loocv,coefficients,intercept,feature_columns
chrom_total,chrom,12Oclock,320_480nm,total,320.0,480.0,ridge,ridge,6,0.16587509613106055,0.11492353960005869,0.43623406753548244,0.30298004218838914,0.22106707355056868,"[0.0026734304056046008, 3.8446624075547484e-13, -0.0042333088820377795, 0.0010689177690065368, -0.02079578701808242, -2.8306496292165926e-05, 0.0, 0.0]",2.0013932864933177,"['peak_reflectance', 'peak_wavelength_nm', 'auc', 'continuum_depth', 'fwhm_nm', 'max_curvature', 'fixed_peak_reflectance', 'fixed_continuum_depth']"
chrom_oxidized,chrom,12Oclock,320_480nm,oxidized,320.0,480.0,ridge,ridge,6,0.10566219402268584,0.08811617282373857,0.657079115201771,0.1806608087136982,0.1626920871358852,"[0.0023591275946629464, 7.502339668601025e-13, -0.01598532258456944, 0.0009937623683991363, -0.019347748147215432, 0.0002569024600774428, 0.0, 0.0]",1.871629492482647,"['peak_reflectance', 'peak_wavelength_nm', 'auc', 'continuum_depth', 'fwhm_nm', 'max_curvature', 'fixed_peak_reflectance', 'fixed_continuum_depth']"
chrom_reduced,chrom,12Oclock,320_480nm,reduced,320.0,480.0,ridge,ridge,6,0.27469782442839147,0.20157912435278902,0.27390795058851614,0.5589624339306488,0.40271997186374725,"[0.0016454741135954092, 3.170173723122409e-13, 0.01226678874252064, 0.0010825832919416738, -0.018398588667207276, -0.00048370780299693115, 0.0, 0.0]",2.0371097985933533,"['peak_reflectance', 'peak_wavelength_nm', 'auc', 'continuum_depth', 'fwhm_nm', 'max_curvature', 'fixed_peak_reflectance', 'fixed_continuum_depth']"
dad_total,dad,12Oclock,320_480nm,total,320.0,480.0,ridge,ridge,6,0.3329310292184674,0.2307900053412639,0.34364997583134294,0.5982533912003029,0.44079552192129484,"[0.005657310756632802, 1.6263423619558002e-12, -0.01579944597161255, 0.002238693173325166, -0.03435488027640755, 1.7885496125589205e-05, 0.0, 0.0]",3.734244012538069,"['peak_reflectance', 'peak_wavelength_nm', 'auc', 'continuum_depth', 'fwhm_nm', 'max_curvature', 'fixed_peak_reflectance', 'fixed_continuum_depth']"
dad_oxidized,dad,12Oclock,320_480nm,oxidized,320.0,480.0,ridge,ridge,6,0.26411387862402835,0.21413895304589406,0.4536830833017066,0.4361012894347874,0.3937467381515207,"[0.005877082719428142, 1.4167491245766587e-12, -0.01883007473028599, 0.002261780155859701, -0.03392597327002845, 0.000465586495874166, 0.0, 0.0]",2.933169048139426,"['peak_reflectance', 'peak_wavelength_nm', 'auc', 'continuum_depth', 'fwhm_nm', 'max_curvature', 'fixed_peak_reflectance', 'fixed_continuum_depth']"
dad_reduced,dad,12Oclock,320_480nm,reduced,320.0,480.0,ridge,ridge,6,0.3248391382970923,0.2457536029574643,0.1443712516569251,0.6432201876797926,0.4903585674579262,"[0.0033704820959001743, 2.1535602991266077e-12, -8.653133970845761e-05, 0.001563352054273937, -0.018416446077703846, -0.00038854967297942145, 0.0, 0.0]",2.825563300951201,"['peak_reflectance', 'peak_wavelength_nm', 'auc', 'continuum_depth', 'fwhm_nm', 'max_curvature', 'fixed_peak_reflectance', 'fixed_continuum_depth']"
latent_total,latent,12Oclock,320_480nm,total,320.0,480.0,ridge,ridge,6,0.1647928440480728,0.11314713272953171,0.38302675020571,0.29906795116163537,0.21601573043176595,"[0.002747217628325284, 1.5879728100997564e-13, -0.005507521410777103, 0.0010695750410379548, -0.018610839294436746, -9.427164132199966e-06, 0.0, 0.0]",1.9061426093047587,"['peak_reflectance', 'peak_wavelength_nm', 'auc', 'continuum_depth', 'fwhm_nm', 'max_curvature', 'fixed_peak_reflectance', 'fixed_continuum_depth']"
chrom_total,chrom,12Oclock,360_410nm,total,360.0,410.0,ridge,ridge,6,0.17366077294051002,0.13830704461737978,0.38206910017470774,0.34868124913070925,0.2884757252273468,"[-1.6035743524584303e-05, 0.07278459914281517, -0.013748913322118424, -0.0005436201582809265, 0.059709412178216334, -0.0004225585884216035, -1.8086449921199404e-05, -0.00020999015062401292]",-30.767937651471104,"['peak_reflectance', 'peak_wavelength_nm', 'auc', 'continuum_depth', 'fwhm_nm', 'max_curvature', 'fixed_peak_reflectance', 'fixed_continuum_depth']"
chrom_oxidized,chrom,12Oclock,360_410nm,oxidized,360.0,410.0,ridge,ridge,6,0.12305470912962597,0.1083938043505469,0.5348948340264632,0.2231273894117203,0.2131099502746482,"[-0.0005909435292680724, 0.06408281481999294, -0.04409347302795869, -0.00032176141045484047, -0.033096804523222986, -0.00021082696163268692, -0.0005958549290428406, -0.0001426310736285166]",-24.304276780452515,"['peak_reflectance', 'peak_wavelength_nm', 'auc', 'continuum_depth', 'fwhm_nm', 'max_curvature', 'fixed_peak_reflectance', 'fixed_continuum_depth']"
chrom_reduced,chrom,12Oclock,360_410nm,reduced,360.0,410.0,ridge,ridge,6,0.2782050957171067,0.21989799858629291,0.25524847279954543,0.6058458660143509,0.49345475547770823,"[0.0008574877106880214, 0.03803747156484841, 0.03832228644526081, -0.000850541253247838, 0.16513969831458303, -0.0007181684136349839, 0.000868651320104466, -0.0002890822323187913]",-19.875454478812202,"['peak_reflectance', 'peak_wavelength_nm', 'auc', 'continuum_depth', 'fwhm_nm', 'max_curvature', 'fixed_peak_reflectance', 'fixed_continuum_depth']"
dad_total,dad,12Oclock,360_410nm,total,360.0,410.0,ridge,ridge,6,0.3162988810140776,0.24142789344217916,0.40759015145251887,0.6036317085732199,0.48643821188904157,"[-0.0004925761034217829, 0.13684294665849478, -0.05685903496487296, -0.0009302611006873522, 0.13872193936053837, -0.0006872336932718326, -0.0005023526346894923, -0.00040219434124918064]",-58.436725038465106,"['peak_reflectance', 'peak_wavelength_nm', 'auc', 'continuum_depth', 'fwhm_nm', 'max_curvature', 'fixed_peak_reflectance', 'fixed_continuum_depth']"
dad_oxidized,dad,12Oclock,360_410nm,oxidized,360.0,410.0,ridge,ridge,6,0.24659463858440564,0.19298680393090248,0.5237560599547033,0.42162299017901117,0.35955701773193516,"[-0.0004447604566682931, 0.14016726800696278, -0.06092424029189072, -0.0006370233273412425, 0.0157963001973985, -0.0004035857122210565, -0.0004626867633959558, -0.00031953697974105037]",-56.59010598092985,"['peak_reflectance', 'peak_wavelength_nm', 'auc', 'continuum_depth', 'fwhm_nm', 'max_curvature', 'fixed_peak_reflectance', 'fixed_continuum_depth']"
dad_reduced,dad,12Oclock,360_410nm,reduced,360.0,410.0,ridge,ridge,6,0.29984392813029825,0.22981827904291743,0.2709804312890193,0.6118238865657327,0.4932302864985008,"[0.0001364907835645521, 0.06854712809258973, -0.011111740638868415, -0.0008432915951599973, 0.2146977442938732, -0.0006699911285542867, 0.00013729612021356205, -0.00034075868326908934]",-33.07030014665761,"['peak_reflectance', 'peak_wavelength_nm', 'auc', 'continuum_depth', 'fwhm_nm', 'max_curvature', 'fixed_peak_reflectance', 'fixed_continuum_depth']"
latent_total,latent,12Oclock,360_410nm,total,360.0,410.0,ridge,ridge,6,0.161982284489549,0.12554624011109627,0.40389237644364395,0.31678201192151834,0.25726060841358994,"[-0.000107946998243285, 0.0707562146810125, -0.019844600972481967, -0.000491922710118302, 0.06504593046416211, -0.0003738775073027396, -0.00011175930114074422, -0.0002010733441798057]",-30.07426298849114,"['peak_reflectance', 'peak_wavelength_nm', 'auc', 'continuum_depth', 'fwhm_nm', 'max_curvature', 'fixed_peak_reflectance', 'fixed_continuum_depth']"
chrom_total,chrom,12Oclock,peak_band_auto,total,300.0,600.0,ridge,ridge,6,0.19437157005579103,0.1566682914083441,0.22589131692800424,0.6605361613972354,0.5917693148605533,"[0.01983887099845093, -0.016359769241925223, 0.006565852587698136, 0.010391304799310294, -0.01107224203466542, -0.012789939374266422, 0.0, 0.0]",11.394476053297117,"['peak_reflectance', 'peak_wavelength_nm', 'auc', 'continuum_depth', 'fwhm_nm', 'max_curvature', 'fixed_peak_reflectance', 'fixed_continuum_depth']"
chrom_oxidized,chrom,12Oclock,peak_band_auto,oxidized,300.0,600.0,ridge,ridge,6,0.10827684538780293,0.0874013881523071,0.639897716454755,0.3722621720397087,0.3406561964571799,"[0.009747826361031116, -0.022513439172464147, 0.0015562083097181135, 0.004789914007848187, -0.0168488984226452, -0.006652100375505359, 0.0, 0.0]",15.774851858302554,"['peak_reflectance', 'peak_wavelength_nm', 'auc', 'continuum_depth', 'fwhm_nm', 'max_curvature', 'fixed_peak_reflectance', 'fixed_continuum_depth']"
chrom_reduced,chrom,12Oclock,peak_band_auto,reduced,300.0,600.0,ridge,ridge,6,0.2795736735605565,0.2181949866124883,0.24790311888249095,0.9813121066403204,0.8169987479595574,"[0.029977700480371385, 0.02898991317666957, 0.008493237393097843, 0.01633513360058577, -0.0037272471745710433, -0.018630864956040275, 0.0, 0.0]",-16.04193125708025,"['peak_reflectance', 'peak_wavelength_nm', 'auc', 'continuum_depth', 'fwhm_nm', 'max_curvature', 'fixed_peak_reflectance', 'fixed_continuum_depth']"
dad_total,dad,12Oclock,peak_band_auto,total,300.0,600.0,ridge,ridge,6,0.36462268905270095,0.28742256378291625,0.21274697494640138,1.2189994355355223,1.0523108943594908,"[0.03855182848438198, -0.04610020136040943, 0.009726385635918641, 0.020635037560209762, -0.018859941454300286, -0.02436229614944356, 0.0, 0.0]",30.510847850247043,"['peak_reflectance', 'peak_wavelength_nm', 'auc', 'continuum_depth', 'fwhm_nm', 'max_curvature', 'fixed_peak_reflectance', 'fixed_continuum_depth']"
dad_oxidized,dad,12Oclock,peak_band_auto,oxidized,300.0,600.0,ridge,ridge,6,0.23799563975109114,0.19081981260408573,0.5563911480816788,0.7763499922297527,0.7022378026112758,"[0.024226315351034304, -0.062041508957959894, 0.010009095671408497, 0.01259483795426861, -0.02839223516015255, -0.015702293953997516, 0.0, 0.0]",40.331570820559065,"['peak_reflectance', 'peak_wavelength_nm', 'auc', 'continuum_depth', 'fwhm_nm', 'max_curvature', 'fixed_peak_reflectance', 'fixed_continuum_depth']"
dad_reduced,dad,12Oclock,peak_band_auto,reduced,300.0,600.0,ridge,ridge,6,0.3373111682319247,0.25344178159791525,0.07740709595873896,1.158704236739251,0.9086978480062503,"[0.036740984218621354, -0.005887360201708625, 0.007498217952627861, 0.02031969571827602, -0.003081034462238671, -0.02249421035542701, 0.0, 0.0]",5.148807605769458,"['peak_reflectance', 'peak_wavelength_nm', 'auc', 'continuum_depth', 'fwhm_nm', 'max_curvature', 'fixed_peak_reflectance', 'fixed_continuum_depth']"
latent_total,latent,12Oclock,peak_band_auto,total,300.0,600.0,ridge,ridge,6,0.18523137435142006,0.1479082305534984,0.2204953059764001,0.6227533505088237,0.5499666435304252,"[0.019257006201854547, -0.020726920566589695, 0.005940566521002734, 0.010190888776814063, -0.009854957335463885, -0.012296385990673777, 0.0, 0.0]",13.875233584881647,"['peak_reflectance', 'peak_wavelength_nm', 'auc', 'continuum_depth', 'fwhm_nm', 'max_curvature', 'fixed_peak_reflectance', 'fixed_continuum_depth']"
chrom_total,chrom,6Oclock,320_480nm,total,320.0,480.0,ridge,ridge,6,0.21377781696901105,0.1600868153238856,0.06359930104393763,1.0638375865322496,0.7173996101414436,"[0.004428496192541134, -0.006309181361249709, -0.012639013245467099, -0.002854662330491421, 0.0012148726720324623, -0.001364812964151142, 0.0, 0.0]",3.9849939450722283,"['peak_reflectance', 'peak_wavelength_nm', 'auc', 'continuum_depth', 'fwhm_nm', 'max_curvature', 'fixed_peak_reflectance', 'fixed_continuum_depth']"
chrom_oxidized,chrom,6Oclock,320_480nm,oxidized,320.0,480.0,ridge,ridge,6,0.12439734099753894,0.08675067392040625,0.5246900763982618,0.5780978606328051,0.394359189468975,"[0.002823172982570385, 0.007517065017706527, -0.024339442700290537, -0.0013998983884295304, -0.00706690809744701, -0.0007673327477908203, 0.0, 0.0]",-1.988902712411651,"['peak_reflectance', 'peak_wavelength_nm', 'auc', 'continuum_depth', 'fwhm_nm', 'max_curvature', 'fixed_peak_reflectance', 'fixed_continuum_depth']"
chrom_reduced,chrom,6Oclock,320_480nm,reduced,320.0,480.0,ridge,ridge,6,0.27135149631848127,0.2091455534276506,0.2914904914097437,1.4173949800698178,0.9925559597177619,"[0.005260804735196858, -0.03457251335682547, -0.0027857105448202456, -0.003894207917218342, 0.017911011699101656, -0.0017502375525774458, 0.0, 0.0]",16.50098200208518,"['peak_reflectance', 'peak_wavelength_nm', 'auc', 'continuum_depth', 'fwhm_nm', 'max_curvature', 'fixed_peak_reflectance', 'fixed_continuum_depth']"
dad_total,dad,6Oclock,320_480nm,total,320.0,480.0,ridge,ridge,6,0.39502226108360294,0.2863407454048016,0.0760039812526101,1.9049601541620294,1.2777682239828172,"[0.008765635287788896, 0.008745442695335618, -0.027601544520942316, -0.004871754936266541, -0.001158805301564441, -0.0024875572236246575, 0.0, 0.0]",-1.8449522868851265,"['peak_reflectance', 'peak_wavelength_nm', 'auc', 'continuum_depth', 'fwhm_nm', 'max_curvature', 'fixed_peak_reflectance', 'fixed_continuum_depth']"
dad_oxidized,dad,6Oclock,320_480nm,oxidized,320.0,480.0,ridge,ridge,6,0.30790063355147984,0.21421710604634092,0.2575223799241456,1.414206131252845,0.9582079886232885,"[0.007507589419956849, 0.01025808650134654, -0.02952206863415945, -0.0032093841801711888, -0.011344800424801205, -0.00186778025808522, 0.0, 0.0]",-2.6741814009134415,"['peak_reflectance', 'peak_wavelength_nm', 'auc', 'continuum_depth', 'fwhm_nm', 'max_curvature', 'fixed_peak_reflectance', 'fixed_continuum_depth']"
dad_reduced,dad,6Oclock,320_480nm,reduced,320.0,480.0,ridge,ridge,6,0.32414180945051385,0.23962954150488602,0.14804084759996272,1.6012971850831081,1.069690410360655,"[0.0070010031894192915, -0.005015465464983162, -0.009561136213697148, -0.0041951859403262055, 0.011694648523315856, -0.002060502536339434, 0.0, 0.0]",3.6483832512240415,"['peak_reflectance', 'peak_wavelength_nm', 'auc', 'continuum_depth', 'fwhm_nm', 'max_curvature', 'fixed_peak_reflectance', 'fixed_continuum_depth']"
latent_total,latent,6Oclock,320_480nm,total,320.0,480.0,ridge,ridge,6,0.20387891742338293,0.15045509156742592,0.05564719553046649,1.000097107661028,0.6654759708637714,"[0.004371822815742666, -0.0010038542232458116, -0.012139453906387092, -0.0026281904622218006, 0.0002203631370067035, -0.001294350280410384, 0.0, 0.0]",1.5304694714566924,"['peak_reflectance', 'peak_wavelength_nm', 'auc', 'continuum_depth', 'fwhm_nm', 'max_curvature', 'fixed_peak_reflectance', 'fixed_continuum_depth']"
chrom_total,chrom,6Oclock,360_410nm,total,360.0,410.0,ridge,ridge,6,0.17856030840674766,0.1456295107174898,0.34670955213945887,0.32726984004481907,0.2938015202976479,"[-0.0011388767622191, 0.09652721431365678, -0.10448330428206007, -0.00024102369444702214, -7.911116223718911e-14, -0.001098194873048936, -0.0011462973690618934, 0.0003857517557893669]",-37.605919849648856,"['peak_reflectance', 'peak_wavelength_nm', 'auc', 'continuum_depth', 'fwhm_nm', 'max_curvature', 'fixed_peak_reflectance', 'fixed_continuum_depth']"
chrom_oxidized,chrom,6Oclock,360_410nm,oxidized,360.0,410.0,ridge,ridge,6,0.08146419745513074,0.06067469129130241,0.7961605430074051,0.19984018128275538,0.15274972590070454,"[-0.0027959602259070627, 0.09498898527355196, -0.14202491678449877, -0.00017378137134587408, -7.882458274425247e-14, -0.00048561029553280817, -0.002803262580161596, 0.00013834175878071596]",-37.0112890090262,"['peak_reflectance', 'peak_wavelength_nm', 'auc', 'continuum_depth', 'fwhm_nm', 'max_curvature', 'fixed_peak_reflectance', 'fixed_continuum_depth']"
chrom_reduced,chrom,6Oclock,360_410nm,reduced,360.0,410.0,ridge,ridge,6,0.3182680182029147,0.24231216567197947,0.025308359549605752,0.49993180285935956,0.41281623566648257,"[0.001512287297123122, 0.04325007537486218, -0.03082464164433415, -0.0002009882886660383, -5.1814928668024156e-14, -0.0016040018782965237, 0.001508962412969417, 0.0006555328383648736]",-15.98345324875202,"['peak_reflectance', 'peak_wavelength_nm', 'auc', 'continuum_depth', 'fwhm_nm', 'max_curvature', 'fixed_peak_reflectance', 'fixed_continuum_depth']"
dad_total,dad,6Oclock,360_410nm,total,360.0,410.0,ridge,ridge,6,0.31813045823063973,0.26590906499635497,0.4007094066582889,0.595318897103383,0.5388543529208621,"[-0.0021846938680957144, 0.18880903854316847, -0.21265203252635878, -0.0005240832824484373, -1.1367503986943892e-13, -0.001904422898843086, -0.0021992087140214897, 0.0006195075794765683]",-73.51055221756407,"['peak_reflectance', 'peak_wavelength_nm', 'auc', 'continuum_depth', 'fwhm_nm', 'max_curvature', 'fixed_peak_reflectance', 'fixed_continuum_depth']"
dad_oxidized,dad,6Oclock,360_410nm,oxidized,360.0,410.0,ridge,ridge,6,0.1879336841470193,0.14070569777274805,0.7233877192623785,0.4690385687094874,0.3582539530245568,"[-0.004238880632514824, 0.22143165615289553, -0.24768600365435964, -0.00037147351080680586, -1.6567085091465168e-13, -0.0011671620274348543, -0.004255903368274497, 0.00037127427352225915]",-87.32267925755211,"['peak_reflectance', 'peak_wavelength_nm', 'auc', 'continuum_depth', 'fwhm_nm', 'max_curvature', 'fixed_peak_reflectance', 'fixed_continuum_depth']"
dad_reduced,dad,6Oclock,360_410nm,reduced,360.0,410.0,ridge,ridge,6,0.33355572731782807,0.2737733097050825,0.09783604211390484,0.5440890715328708,0.4857688851441786,"[0.0010405613956203758, 0.08695551766688574, -0.08162053392563895, -0.00039359248691015825, -3.223652427555422e-14, -0.0017448271342938363, 0.0010338766206167125, 0.0006182716885434956]",-32.847611832269266,"['peak_reflectance', 'peak_wavelength_nm', 'auc', 'continuum_depth', 'fwhm_nm', 'max_curvature', 'fixed_peak_reflectance', 'fixed_continuum_depth']"
latent_total,latent,6Oclock,360_410nm,total,360.0,410.0,ridge,ridge,6,0.16620976537234217,0.13798548454233292,0.37237142300308246,0.3094578963923366,0.27977380413102715,"[-0.0010685629545578608, 0.09554621342801253, -0.1023098996221876, -0.00024934352389101614, -9.257015379598458e-14, -0.0010175209232260356, -0.0010759081461726061, 0.00034481992179329036]",-37.23260658455999,"['peak_reflectance', 'peak_wavelength_nm', 'auc', 'continuum_depth', 'fwhm_nm', 'max_curvature', 'fixed_peak_reflectance', 'fixed_continuum_depth']"
chrom_total,chrom,6Oclock,peak_band_auto,total,300.0,600.0,ridge,ridge,6,0.1235243046250184,0.10779917987310526,0.6873623418724302,0.36701491518668805,0.29553875619290865,"[0.00031218955334273967, -0.05940941950995676, -0.0010345545515803676, -0.0022739688926278617, -0.045367607393794536, -3.511289519971264e-05, 0.0, 0.0]",41.91135481446492,"['peak_reflectance', 'peak_wavelength_nm', 'auc', 'continuum_depth', 'fwhm_nm', 'max_curvature', 'fixed_peak_reflectance', 'fixed_continuum_depth']"
chrom_oxidized,chrom,6Oclock,peak_band_auto,oxidized,300.0,600.0,ridge,ridge,6,0.10775820197940217,0.09684914589895256,0.6433392163609883,0.2706795697275727,0.23849314900883548,"[-0.00043064702155578725, -0.04263126650488019, -0.00933371811772601, -0.002083738050399309, -0.026544314891158622, 0.000682396882736079, 0.0, 0.0]",29.818216241975172,"['peak_reflectance', 'peak_wavelength_nm', 'auc', 'continuum_depth', 'fwhm_nm', 'max_curvature', 'fixed_peak_reflectance', 'fixed_continuum_depth']"
chrom_reduced,chrom,6Oclock,peak_band_auto,reduced,300.0,600.0,ridge,ridge,6,0.21363771707552565,0.16567599925851753,0.5608255172056329,0.5029040373434684,0.40091516053936466,"[0.0020637400805792344, -0.041709744728286216, 0.007086820978300242, -0.001115660721561665, -0.06066426849320421, -0.0013987401540623778, 0.0, 0.0]",33.29163290954553,"['peak_reflectance', 'peak_wavelength_nm', 'auc', 'continuum_depth', 'fwhm_nm', 'max_curvature', 'fixed_peak_reflectance', 'fixed_continuum_depth']"
dad_total,dad,6Oclock,peak_band_auto,total,300.0,600.0,ridge,ridge,6,0.18638267901840758,0.14833894217485769,0.7942982158099907,0.5632006894153337,0.4285645423952733,"[0.0002779524716840447, -0.08767774065420332, -0.002325105795954971, -0.0036629838484891807, -0.09194346855447241, 0.0003464203993344275, 0.0, 0.0]",65.39616879092898,"['peak_reflectance', 'peak_wavelength_nm', 'auc', 'continuum_depth', 'fwhm_nm', 'max_curvature', 'fixed_peak_reflectance', 'fixed_continuum_depth']"
dad_oxidized,dad,6Oclock,peak_band_auto,oxidized,300.0,600.0,ridge,ridge,6,0.2331416993543268,0.20701799398357412,0.574301501945104,0.655064226714554,0.5504356309572831,"[-9.46376502190401e-05, -0.07897523683879246, -0.00879483808292683, -0.00438070373231865, -0.06264165139459968, 0.0013542215108318305, 0.0, 0.0]",56.149101840171255,"['peak_reflectance', 'peak_wavelength_nm', 'auc', 'continuum_depth', 'fwhm_nm', 'max_curvature', 'fixed_peak_reflectance', 'fixed_continuum_depth']"
dad_reduced,dad,6Oclock,peak_band_auto,reduced,300.0,600.0,ridge,ridge,6,0.14420641245128155,0.11981497783331152,0.8313766108787933,0.38440029203446713,0.30526874677451515,"[0.0013438036342168223, -0.03965320290700998, 0.006902153739710854, -0.001259887473350488, -0.08178643289674388, -0.0007719118061564737, 0.0, 0.0]",35.2115330131245,"['peak_reflectance', 'peak_wavelength_nm', 'auc', 'continuum_depth', 'fwhm_nm', 'max_curvature', 'fixed_peak_reflectance', 'fixed_continuum_depth']"
latent_total,latent,6Oclock,peak_band_auto,total,300.0,600.0,ridge,ridge,6,0.10789801381075102,0.09099838906681741,0.7355055660210603,0.3235356345327593,0.2549297546626271,"[0.00021177906073523907, -0.05207157283257791, -0.0007175124671735018, -0.002065981296673427, -0.044947876423106416, 7.448660442827202e-05, 0.0, 0.0]",37.45839354145738,"['peak_reflectance', 'peak_wavelength_nm', 'auc', 'continuum_depth', 'fwhm_nm', 'max_curvature', 'fixed_peak_reflectance', 'fixed_continuum_depth']"
chrom_total,chrom,Delta,320_480nm,total,320.0,480.0,ridge,ridge,6,0.08449865826055435,0.0734105116727732,0.8537027780768989,0.6037862629844786,0.4289146143765398,"[0.0002382402928476034, 0.001331886834326876, 0.010894783937490105, 0.0003927203063504897, -0.0038287268143160588, 0.0004039103564797608, 0.0, 0.0]",0.38159317165457757,"['peak_reflectance', 'peak_wavelength_nm', 'auc', 'continuum_depth', 'fwhm_nm', 'max_curvature', 'fixed_peak_reflectance', 'fixed_continuum_depth']"
chrom_oxidized,chrom,Delta,320_480nm,oxidized,320.0,480.0,ridge,ridge,6,0.08654160845976114,0.07069591407156024,0.7699593360748533,0.5789741648438816,0.42069360989258014,"[-0.0006327160758404636, 0.0029870779966774358, 0.0022056484369664315, 0.00018711248455356063, -0.0032455602033717203, 8.631476976889354e-05, 0.0, 0.0]",-0.6404696593172703,"['peak_reflectance', 'peak_wavelength_nm', 'auc', 'continuum_depth', 'fwhm_nm', 'max_curvature', 'fixed_peak_reflectance', 'fixed_continuum_depth']"
chrom_reduced,chrom,Delta,320_480nm,reduced,320.0,480.0,ridge,ridge,6,0.1449159020055121,0.10625406959263485,0.7979246543587328,0.4401064737242435,0.38256401524165,"[0.001505734349572214, -0.0012197003288537233, 0.025307564604079534, 0.0003236981929061615, -0.0039014478819202575, 0.0005085568052032085, 0.0, 0.0]",1.9858555661410064,"['peak_reflectance', 'peak_wavelength_nm', 'auc', 'continuum_depth', 'fwhm_nm', 'max_curvature', 'fixed_peak_reflectance', 'fixed_continuum_depth']"
dad_total,dad,Delta,320_480nm,total,320.0,480.0,ridge,ridge,6,0.14597450544546905,0.12885549715239106,0.873822771456599,1.1096172780442723,0.7920841231580824,"[7.702317174027136e-05, 0.0024028847207433145, 0.007110818658597055, 0.0006645667032238457, -0.007458985269019107, 0.0006467559653840698, 0.0, 0.0]",0.7526429962941122,"['peak_reflectance', 'peak_wavelength_nm', 'auc', 'continuum_depth', 'fwhm_nm', 'max_curvature', 'fixed_peak_reflectance', 'fixed_continuum_depth']"
dad_oxidized,dad,Delta,320_480nm,oxidized,320.0,480.0,ridge,ridge,6,0.1923047225503363,0.15307654991891503,0.7103709620000762,1.4403090681107433,1.024712959860465,"[-0.001011168946605984, 0.003638343354081279, 0.00820774108052687, 0.0006109358523873438, -0.006132861013991658, 0.00043478146008876334, 0.0, 0.0]",-0.6041185836177514,"['peak_reflectance', 'peak_wavelength_nm', 'auc', 'continuum_depth', 'fwhm_nm', 'max_curvature', 'fixed_peak_reflectance', 'fixed_continuum_depth']"
dad_reduced,dad,Delta,320_480nm,reduced,320.0,480.0,ridge,ridge,6,0.12501627476609176,0.0925800844154292,0.8732693168913463,0.4794208122074502,0.4003084272609603,"[0.0010692953490199814, -0.0007756597003860596, 0.008595748082667729, 0.00041812583211818353, -0.005317774064867742, 0.0005521370025570879, 0.0, 0.0]",2.2751441215631987,"['peak_reflectance', 'peak_wavelength_nm', 'auc', 'continuum_depth', 'fwhm_nm', 'max_curvature', 'fixed_peak_reflectance', 'fixed_continuum_depth']"
latent_total,latent,Delta,320_480nm,total,320.0,480.0,ridge,ridge,6,0.08056410055618794,0.07080455335390166,0.8525404981685312,0.5940786997696537,0.42330783612293454,"[0.00014395180746079223, 0.0011938095025184235, 0.007219298529001449, 0.00037266219323230527, -0.0036929646473862162, 0.0003742789627474529, 0.0, 0.0]",0.4111499349124636,"['peak_reflectance', 'peak_wavelength_nm', 'auc', 'continuum_depth', 'fwhm_nm', 'max_curvature', 'fixed_peak_reflectance', 'fixed_continuum_depth']"
chrom_total,chrom,Delta,360_410nm,total,360.0,410.0,ridge,ridge,6,0.16103064909865675,0.11640951009060246,0.46868320957379306,0.5740522466043384,0.43212582267788635,"[0.00012339355223360692, 0.006964078992069648, -0.03793184146541515, 1.2152463663268924e-05, -0.01331176812856014, -0.00021217537093842464, -0.001064760398470071, -0.0003031012351583459]",-1.4431337883830029,"['peak_reflectance', 'peak_wavelength_nm', 'auc', 'continuum_depth', 'fwhm_nm', 'max_curvature', 'fixed_peak_reflectance', 'fixed_continuum_depth']"
chrom_oxidized,chrom,Delta,360_410nm,oxidized,360.0,410.0,ridge,ridge,6,0.14100368770956537,0.10637214065630046,0.3893172832546602,0.29645870287446535,0.2674379481394665,"[-2.1742678999334117e-05, 0.007024380154475595, -0.0089449525693094, 0.00018227078338898693, -0.0031024982134198573, -0.0001990602201743484, 0.00015448545795932562, -0.0001952596683875591]",-2.162257120037997,"['peak_reflectance', 'peak_wavelength_nm', 'auc', 'continuum_depth', 'fwhm_nm', 'max_curvature', 'fixed_peak_reflectance', 'fixed_continuum_depth']"
chrom_reduced,chrom,Delta,360_410nm,reduced,360.0,410.0,ridge,ridge,6,0.22552471690835219,0.20199085738342984,0.510593724064292,1.1482115692905595,0.8818564424355025,"[0.0014933078915799205, 0.0036166409237919773, -0.0254570900112298, -0.00035088568270471627, -0.02000641812822993, -0.0001724375382041845, -0.00198214063945379, -0.00043607336410904336]",0.6618727337835862,"['peak_reflectance', 'peak_wavelength_nm', 'auc', 'continuum_depth', 'fwhm_nm', 'max_curvature', 'fixed_peak_reflectance', 'fixed_continuum_depth']"
dad_total,dad,Delta,360_410nm,total,360.0,410.0,ridge,ridge,6,0.3305731299976716,0.22958295942118193,0.352913918259425,1.140002020811906,0.8428837777403526,"[-0.0002453852615987018, 0.0119354041387544, -0.09749685139865567, 7.74541691842915e-05, -0.022804634733505066, -0.00044640647604968204, -0.002440617682608969, -0.000609530138562297]",-2.351809352986562,"['peak_reflectance', 'peak_wavelength_nm', 'auc', 'continuum_depth', 'fwhm_nm', 'max_curvature', 'fixed_peak_reflectance', 'fixed_continuum_depth']"
dad_oxidized,dad,Delta,360_410nm,oxidized,360.0,410.0,ridge,ridge,6,0.29304904757516875,0.2238380242406163,0.32742173122637186,0.636664586029899,0.5824430252208044,"[-0.0006718213409294357, 0.012094233104358821, -0.053140246060419644, 0.0003859899009380252, -0.014422093979867639, -0.0004179424771498098, -0.000400160592900674, -0.0004073950475084909]",-3.526554672422532,"['peak_reflectance', 'peak_wavelength_nm', 'auc', 'continuum_depth', 'fwhm_nm', 'max_curvature', 'fixed_peak_reflectance', 'fixed_continuum_depth']"
dad_reduced,dad,Delta,360_410nm,reduced,360.0,410.0,ridge,ridge,6,0.2784678696813567,0.23870254005124544,0.3712198060269083,1.3148798710132594,1.0030707745533656,"[0.0005176525275276922, 0.004949010558125008, -0.08519145753846598, -0.00024374669281453754, -0.021965492012699768, -0.00029310799873662034, -0.0030606689966350565, -0.0005541786585133812]",0.6423597582644804,"['peak_reflectance', 'peak_wavelength_nm', 'auc', 'continuum_depth', 'fwhm_nm', 'max_curvature', 'fixed_peak_reflectance', 'fixed_continuum_depth']"
latent_total,latent,Delta,360_410nm,total,360.0,410.0,ridge,ridge,6,0.15941032133020233,0.11222964242705419,0.4226721460958274,0.556786460185942,0.41401194103561995,"[-5.145522392140979e-05, 0.006393690528691464, -0.04458521774866878, 2.9189848135573533e-05, -0.012522869606371504, -0.00021365158192990935, -0.0011507974452689908, -0.00029603253831762946]",-1.2698364868305123,"['peak_reflectance', 'peak_wavelength_nm', 'auc', 'continuum_depth', 'fwhm_nm', 'max_curvature', 'fixed_peak_reflectance', 'fixed_continuum_depth']"
chrom_total,chrom,Delta,peak_band_auto,total,300.0,600.0,ridge,ridge,6,0.19177275193728172,0.15451641133965402,0.2464531577402066,0.44733040332697444,0.3881316324255922,"[-0.002730942716681699, -0.05716029771083518, 0.00966735453680005, -0.0029838371646249313, 0.0011992048908626082, -0.0049625132452457, 0.0, 0.0]",17.824024326362355,"['peak_reflectance', 'peak_wavelength_nm', 'auc', 'continuum_depth', 'fwhm_nm', 'max_curvature', 'fixed_peak_reflectance', 'fixed_continuum_depth']"
chrom_oxidized,chrom,Delta,peak_band_auto,oxidized,300.0,600.0,ridge,ridge,6,0.17590414763997728,0.15232114900626842,0.04959908335668539,0.4201292041993723,0.3801893936552376,"[-0.005364804087096213, -0.015280361565380806, 0.0035821218862410256, -0.005646549743255388, 0.00035692147722271887, -0.005201040103030022, 0.0, 0.0]",4.931794780460402,"['peak_reflectance', 'peak_wavelength_nm', 'auc', 'continuum_depth', 'fwhm_nm', 'max_curvature', 'fixed_peak_reflectance', 'fixed_continuum_depth']"
chrom_reduced,chrom,Delta,peak_band_auto,reduced,300.0,600.0,ridge,ridge,6,0.23113589943028795,0.21229865192792566,0.4859373508132624,0.7261781115710074,0.6119570975857943,"[0.0015811755575483703, -0.15675141436922177, 0.019904961470100204, 0.0020633879893311932, 0.0028719337725131686, -0.002955651399864151, 0.0, 0.0]",48.25154844252618,"['peak_reflectance', 'peak_wavelength_nm', 'auc', 'continuum_depth', 'fwhm_nm', 'max_curvature', 'fixed_peak_reflectance', 'fixed_continuum_depth']"
dad_total,dad,Delta,peak_band_auto,total,300.0,600.0,ridge,ridge,6,0.3690290670732711,0.29209365883566224,0.19360447420476135,0.8448228304794624,0.7235870191923159,"[-0.005913499855696571, -0.09313850668168336, 0.011478846821794503, -0.006511814694585547, 0.002379713601068714, -0.009813448151362645, 0.0, 0.0]",29.146640993225933,"['peak_reflectance', 'peak_wavelength_nm', 'auc', 'continuum_depth', 'fwhm_nm', 'max_curvature', 'fixed_peak_reflectance', 'fixed_continuum_depth']"
dad_oxidized,dad,Delta,peak_band_auto,oxidized,300.0,600.0,ridge,ridge,6,0.33619593993275926,0.28566481290672874,0.11478832884154277,0.7659796558760025,0.6667924649745158,"[-0.008336165093824796, 0.01565482015016554, 0.006456532381430104, -0.00953216713958698, 0.0007145737588809927, -0.009658274942578886, 0.0, 0.0]",-4.259234881709156,"['peak_reflectance', 'peak_wavelength_nm', 'auc', 'continuum_depth', 'fwhm_nm', 'max_curvature', 'fixed_peak_reflectance', 'fixed_continuum_depth']"
dad_reduced,dad,Delta,peak_band_auto,reduced,300.0,600.0,ridge,ridge,6,0.2812304223809006,0.24077421824238945,0.3586822403310347,0.784646707897415,0.6549545654399933,"[-0.0003489100215845037, -0.14222726903178082, 0.012613744112513451, -0.00024846535855717973, 0.00311131382169896, -0.005237601381449373, 0.0, 0.0]",44.23348097409163,"['peak_reflectance', 'peak_wavelength_nm', 'auc', 'continuum_depth', 'fwhm_nm', 'max_curvature', 'fixed_peak_reflectance', 'fixed_continuum_depth']"
latent_total,latent,Delta,peak_band_auto,total,300.0,600.0,ridge,ridge,6,0.18630492514782215,0.15010370558347721,0.2114335265592835,0.4313486374060722,0.37463320787574966,"[-0.0027276506652360723, -0.0481053542919006, 0.0075118277586487, -0.0030345656808116175, 0.0011404933139536229, -0.004841562997748314, 0.0, 0.0]",15.081172004219564,"['peak_reflectance', 'peak_wavelength_nm', 'auc', 'continuum_depth', 'fwhm_nm', 'max_curvature', 'fixed_peak_reflectance', 'fixed_continuum_depth']"
chrom_total,chrom,Sigma,320_480nm,total,320.0,480.0,ridge,ridge,6,0.1544875908900821,0.11690274238061847,0.5109833401537118,0.5679717216598709,0.4668487786940781,"[0.003691446157464847, 0.1194877633268845, 0.00030199965257711865, 0.00048485153048205895, -0.03508002021271132, -0.00042399668272350604, 0.0, 0.0]",-53.40915410859836,"['peak_reflectance', 'peak_wavelength_nm', 'auc', 'continuum_depth', 'fwhm_nm', 'max_curvature', 'fixed_peak_reflectance', 'fixed_continuum_depth']"
chrom_oxidized,chrom,Sigma,320_480nm,oxidized,320.0,480.0,ridge,ridge,6,0.1114201101989002,0.08796255006343866,0.6186867871567732,0.32370812959947415,0.29461990819253947,"[0.0027666840862160405, 0.05160999350611289, -0.02103504627317853, 0.0005583638490505304, -0.02066566552302271, -8.856055620325627e-05, 0.0, 0.0]",-22.08968791264722,"['peak_reflectance', 'peak_wavelength_nm', 'auc', 'continuum_depth', 'fwhm_nm', 'max_curvature', 'fixed_peak_reflectance', 'fixed_continuum_depth']"
chrom_reduced,chrom,Sigma,320_480nm,reduced,320.0,480.0,ridge,ridge,6,0.24840395240441857,0.1838683691641391,0.40625735205910984,0.7990933351881929,0.6725761373577558,"[0.0035909640771187574, 0.16502376588306542, 0.02469872804280759, 0.000127378594915832, -0.042076798354264554, -0.0009395778310438942, 0.0, 0.0]",-74.4991107661686,"['peak_reflectance', 'peak_wavelength_nm', 'auc', 'continuum_depth', 'fwhm_nm', 'max_curvature', 'fixed_peak_reflectance', 'fixed_continuum_depth']"
dad_total,dad,Sigma,320_480nm,total,320.0,480.0,ridge,ridge,6,0.30201733514314544,0.22565495556985835,0.45987944984510765,1.0780579465594022,0.8963042542741718,"[0.007490604119745591, 0.2200204939276805, -0.006483659310933404, 0.0010946240500820882, -0.06084656362841423, -0.0007205665889780127, 0.0, 0.0]",-98.31919510016836,"['peak_reflectance', 'peak_wavelength_nm', 'auc', 'continuum_depth', 'fwhm_nm', 'max_curvature', 'fixed_peak_reflectance', 'fixed_continuum_depth']"
dad_oxidized,dad,Sigma,320_480nm,oxidized,320.0,480.0,ridge,ridge,6,0.2692802513355395,0.20819719501730857,0.4321008606685218,0.7969216432037829,0.7196117163263053,"[0.00691142071092284, 0.12880943384932492, -0.02067681779470796, 0.0013133319467041392, -0.04438666428829757, -0.00028534996163319024, 0.0, 0.0]",-56.835526044395046,"['peak_reflectance', 'peak_wavelength_nm', 'auc', 'continuum_depth', 'fwhm_nm', 'max_curvature', 'fixed_peak_reflectance', 'fixed_continuum_depth']"
dad_reduced,dad,Sigma,320_480nm,reduced,320.0,480.0,ridge,ridge,6,0.2658812280405649,0.1979987827962754,0.4267764551190538,0.9505972997341511,0.7776720208215152,"[0.005367646392131779, 0.20138570808210138, 0.015894942186118026, 0.0005167603613048259, -0.04748977204713908, -0.0009020549820863207, 0.0, 0.0]",-90.58360769575117,"['peak_reflectance', 'peak_wavelength_nm', 'auc', 'continuum_depth', 'fwhm_nm', 'max_curvature', 'fixed_peak_reflectance', 'fixed_continuum_depth']"
latent_total,latent,Sigma,320_480nm,total,320.0,480.0,ridge,ridge,6,0.1504257282480917,0.11305250034184057,0.48591624305727055,0.5483994083224311,0.4519168413190786,"[0.0036908879959508686, 0.11416438378744041, -0.0006571096078304167, 0.0005130528365800061, -0.0325146819357583, -0.000383007757821577, 0.0, 0.0]",-51.03853422612618,"['peak_reflectance', 'peak_wavelength_nm', 'auc', 'continuum_depth', 'fwhm_nm', 'max_curvature', 'fixed_peak_reflectance', 'fixed_continuum_depth']"
chrom_total,chrom,Sigma,360_410nm,total,360.0,410.0,ridge,ridge,6,0.18221741654393647,0.1398589079727803,0.31967532420025246,0.32588502948642867,0.2743881018840075,"[-0.00016460806904661828, 0.04884238793576531, -0.03793047353884044, -0.0004903112352226832, 0.163325789072931, -0.0011335332900750841, -0.00016968856518402765, 0.00015711477779229284]",-24.200743914171067,"['peak_reflectance', 'peak_wavelength_nm', 'auc', 'continuum_depth', 'fwhm_nm', 'max_curvature', 'fixed_peak_reflectance', 'fixed_continuum_depth']"
chrom_oxidized,chrom,Sigma,360_410nm,oxidized,360.0,410.0,ridge,ridge,6,0.12264328802965858,0.10278615004118598,0.537999700044741,0.21392057642920792,0.2022936821672161,"[-0.0017864567979217572, 0.06145301897686519, -0.09423806453078831, -0.000286387024922898, 0.07482245535635845, -0.000663051377723519, -0.001792849028905882, 9.981819190118388e-05]",-26.304382039353584,"['peak_reflectance', 'peak_wavelength_nm', 'auc', 'continuum_depth', 'fwhm_nm', 'max_curvature', 'fixed_peak_reflectance', 'fixed_continuum_depth']"
chrom_reduced,chrom,Sigma,360_410nm,reduced,360.0,410.0,ridge,ridge,6,0.2712932346691891,0.19978689303355987,0.29179470569702337,0.5223069751329745,0.38559081313032334,"[0.0024371708847759914, -0.01949951679794041, 0.06370750980804077, -0.0006815487572983497, 0.2621775841318807, -0.0014895348884969586, 0.002439199188957357, 0.00017197480434918123]",0.09381878012304821,"['peak_reflectance', 'peak_wavelength_nm', 'auc', 'continuum_depth', 'fwhm_nm', 'max_curvature', 'fixed_peak_reflectance', 'fixed_continuum_depth']"
dad_total,dad,Sigma,360_410nm,total,360.0,410.0,ridge,ridge,6,0.3167202764031467,0.23283985668921311,0.40601060067512673,0.5867691294947454,0.4844904827417366,"[-0.0010821891808391688, 0.11468778414796062, -0.11522790986540773, -0.0008322949833166695, 0.30179888245646597, -0.0019006185084881478, -0.0010941187950324028, 0.000254163167741431]",-54.22418104949877,"['peak_reflectance', 'peak_wavelength_nm', 'auc', 'continuum_depth', 'fwhm_nm', 'max_curvature', 'fixed_peak_reflectance', 'fixed_continuum_depth']"
dad_oxidized,dad,Sigma,360_410nm,oxidized,360.0,410.0,ridge,ridge,6,0.2442824974171408,0.20615315810827117,0.5326449872273757,0.4733497465046269,0.4371599314887615,"[-0.0025251845540329994, 0.14899309620645623, -0.15264346135937482, -0.0006254908379718398, 0.19250425237700744, -0.0014153787617996938, -0.0025406825442352288, 0.00019869171789928253]",-65.12032603304029,"['peak_reflectance', 'peak_wavelength_nm', 'auc', 'continuum_depth', 'fwhm_nm', 'max_curvature', 'fixed_peak_reflectance', 'fixed_continuum_depth']"
dad_reduced,dad,Sigma,360_410nm,reduced,360.0,410.0,ridge,ridge,6,0.29647760925027644,0.230294516298113,0.2872578080692447,0.5522015383691807,0.4396103516244198,"[0.0012120430675275, 0.034449983213466505, -0.011538276138341574, -0.0006940705718264969, 0.2937501934970087, -0.0015282120645087062, 0.001208459643086297, 0.00017638951941342164]",-21.794303350715857,"['peak_reflectance', 'peak_wavelength_nm', 'auc', 'continuum_depth', 'fwhm_nm', 'max_curvature', 'fixed_peak_reflectance', 'fixed_continuum_depth']"
latent_total,latent,Sigma,360_410nm,total,360.0,410.0,ridge,ridge,6,0.16773233330805803,0.12665980608124325,0.360819946781755,0.30527284962042245,0.25610230660751415,"[-0.00032222692861013627, 0.05380913403426964, -0.04592628320542907, -0.0004469475614366406, 0.15475609520502312, -0.0010306188462372305, -0.00032782405662051795, 0.0001413888283823037]",-25.877590142398688,"['peak_reflectance', 'peak_wavelength_nm', 'auc', 'continuum_depth', 'fwhm_nm', 'max_curvature', 'fixed_peak_reflectance', 'fixed_continuum_depth']"
chrom_total,chrom,Sigma,peak_band_auto,total,300.0,600.0,ridge,ridge,6,0.11402821990166787,0.11193389022604511,0.7335834852290108,0.3162586848476353,0.2959287503155081,"[0.005665673399026198, -0.0378206571924644, 0.011068879863376244, 0.003046556166089483, -0.04104712534275778, -0.0025536031753102257, 0.0, 0.0]",27.65597834789481,"['peak_reflectance', 'peak_wavelength_nm', 'auc', 'continuum_depth', 'fwhm_nm', 'max_curvature', 'fixed_peak_reflectance', 'fixed_continuum_depth']"
chrom_oxidized,chrom,Sigma,peak_band_auto,oxidized,300.0,600.0,ridge,ridge,6,0.03659961174673222,0.024525934986564687,0.9588558927253139,0.07478960484612507,0.052151169187784154,"[6.348563552472759e-05, -0.049193567804209457, 0.0016852345237179313, -0.0002583348667755323, -0.03263379010056251, -0.0003853520327330627, 0.0, 0.0]",33.67026413138303,"['peak_reflectance', 'peak_wavelength_nm', 'auc', 'continuum_depth', 'fwhm_nm', 'max_curvature', 'fixed_peak_reflectance', 'fixed_continuum_depth']"
chrom_reduced,chrom,Sigma,peak_band_auto,reduced,300.0,600.0,ridge,ridge,6,0.25100943998887765,0.2340684994914445,0.39373659947058004,0.7415580433918569,0.6440011209261374,"[0.013712224265428681, -0.02401867255531396, 0.019282898375689937, 0.008419300878193418, -0.03693796284890814, -0.005507783768761518, 0.0, 0.0]",18.927922839444147,"['peak_reflectance', 'peak_wavelength_nm', 'auc', 'continuum_depth', 'fwhm_nm', 'max_curvature', 'fixed_peak_reflectance', 'fixed_continuum_depth']"
dad_total,dad,Sigma,peak_band_auto,total,300.0,600.0,ridge,ridge,6,0.19956935640759682,0.19802041940499115,0.7641615171299732,0.553726739001856,0.5228831968407895,"[0.010757472760722546, -0.00159582063665785, 0.014480374031610056, 0.005636225106654202, -0.08840973387566124, -0.004504021755377621, 0.0, 0.0]",12.577185540161828,"['peak_reflectance', 'peak_wavelength_nm', 'auc', 'continuum_depth', 'fwhm_nm', 'max_curvature', 'fixed_peak_reflectance', 'fixed_continuum_depth']"
dad_oxidized,dad,Sigma,peak_band_auto,oxidized,300.0,600.0,ridge,ridge,6,0.07477386405913505,0.05542927616103115,0.956211320299831,0.16612863856923527,0.1341550697405415,"[0.001918057418655371, -0.055112999290297573, 0.011665547565029593, 0.0004818529910101189, -0.07767544739750075, -0.001232472542549177, 0.0, 0.0]",42.38971312673831,"['peak_reflectance', 'peak_wavelength_nm', 'auc', 'continuum_depth', 'fwhm_nm', 'max_curvature', 'fixed_peak_reflectance', 'fixed_continuum_depth']"
dad_reduced,dad,Sigma,peak_band_auto,reduced,300.0,600.0,ridge,ridge,6,0.2512226034216229,0.24555914912799026,0.4882402891784515,0.7371860574225196,0.6677521595836854,"[0.014922594785403113, 0.05620144818759438, 0.014209965808298359, 0.008628761583592074, -0.06397855749500472, -0.005695989555584945, 0.0, 0.0]",-24.502978349549487,"['peak_reflectance', 'peak_wavelength_nm', 'auc', 'continuum_depth', 'fwhm_nm', 'max_curvature', 'fixed_peak_reflectance', 'fixed_continuum_depth']"
latent_total,latent,Sigma,peak_band_auto,total,300.0,600.0,ridge,ridge,6,0.10471210711332465,0.10356035130897957,0.7508944322350775,0.28956124254279486,0.27315198025720927,"[0.005399443965818832, -0.018848245637544874, 0.00936579031634091, 0.0028452301513673516, -0.04216235860786026, -0.0023546642026476164, 0.0, 0.0]",16.63132224692374,"['peak_reflectance', 'peak_wavelength_nm', 'auc', 'continuum_depth', 'fwhm_nm', 'max_curvature', 'fixed_peak_reflectance', 'fixed_continuum_depth']"
