dose_id,kind,source,band_label,band_lower_nm,band_upper_nm,actual_band_lower_nm,actual_band_upper_nm,uva_mw_cm2,uvb_mw_cm2,trim_fraction,samples_total,samples_used,peak_reflectance,peak_wavelength_nm,auc,continuum_depth,fwhm_nm,max_curvature,fixed_peak_wavelength_nm,fixed_peak_reflectance,fixed_continuum_depth,samples_12,samples_6
dose_1,12Oclock,angle,320_480nm,320.0,480.0,320.0,480.0,0.0,0.0,0.2,5.0,3.0,0.2204218904177347,469.5,27.453244504829236,0.01592608305315177,61.0,0.018003563086191915,,,,,
dose_2,12Oclock,angle,320_480nm,320.0,480.0,320.0,480.0,0.647,0.246,0.2,5.0,3.0,0.1714472969373067,469.5,19.097512453794465,0.01979323119545978,67.5,0.02022168040275582,,,,,
dose_3,12Oclock,angle,320_480nm,320.0,480.0,320.0,480.0,1.095,0.338,0.2,5.0,3.0,0.1919181396563848,469.5,21.5002300950388,0.021156973205506774,56.0,0.019288194676240322,,,,,
dose_4,12Oclock,angle,320_480nm,320.0,480.0,320.0,480.0,1.692,0.584,0.2,5.0,3.0,0.2037486284971236,469.5,23.628650709986672,0.013306925290574617,44.0,0.015257005890210423,,,,,
dose_5,12Oclock,angle,320_480nm,320.0,480.0,320.0,480.0,2.488,0.768,0.2,5.0,3.0,0.2699529429276784,469.5,34.624609207113565,0.017146452174832516,52.5,0.014381512999534801,,,,,
dose_6,12Oclock,angle,320_480nm,320.0,480.0,320.0,480.0,3.185,0.707,0.2,5.0,3.0,0.2745656768480937,469.5,33.94901380936304,0.018753106395403563,56.5,0.01655160884062437,,,,,
dose_1,6Oclock,angle,320_480nm,320.0,480.0,320.0,480.0,0.0,0.0,0.2,5.0,3.0,0.2494212239980697,469.5,31.466029084598013,0.024480563976491454,60.5,0.0186387648185094,,,,,
dose_2,6Oclock,angle,320_480nm,320.0,480.0,320.0,480.0,0.647,0.246,0.2,5.0,3.0,0.273032675186793,480.0,30.867100090409306,0.03331988250526291,85.0,0.017517715692520197,,,,,
dose_3,6Oclock,angle,320_480nm,320.0,480.0,320.0,480.0,1.095,0.338,0.2,5.0,3.0,0.2087776263554891,469.5,23.402904170254853,0.028573096885035454,60.0,0.018095264832178715,,,,,
dose_4,6Oclock,angle,320_480nm,320.0,480.0,320.0,480.0,1.692,0.584,0.2,5.0,3.0,0.2190996905167896,469.5,25.897803159430612,0.01860320146661254,56.5,0.0161097248395283,,,,,
dose_5,6Oclock,angle,320_480nm,320.0,480.0,320.0,480.0,2.488,0.768,0.2,5.0,3.0,0.2550933162371318,469.5,30.66731947660445,0.01788623447840415,84.5,0.015533397595087678,,,,,
dose_6,6Oclock,angle,320_480nm,320.0,480.0,320.0,480.0,3.185,0.707,0.2,5.0,3.0,0.2940952926874161,469.5,35.82907490556438,0.019869233947247295,56.5,0.015374402205149074,,,,,
dose_1,Delta,composite,320_480nm,320.0,480.0,320.0,480.0,0.0,0.0,0.2,,,-0.0211529086033502,427.5,-4.01278457976877,0.000717422133311725,158.5,0.0037714888652165997,,,,3.0,3.0
dose_2,Delta,composite,320_480nm,320.0,480.0,320.0,480.0,0.647,0.246,0.2,,,-0.0559519852201143,336.0,-11.769587636614833,0.0008979118196293101,0.5,0.00469881792863229,,,,3.0,3.0
dose_3,Delta,composite,320_480nm,320.0,480.0,320.0,480.0,1.095,0.338,0.2,,,-0.0082657585541407,375.0,-1.9026740752160476,0.00028282866502798813,0.0,0.0031171043713889013,,,,3.0,3.0
dose_4,Delta,composite,320_480nm,320.0,480.0,320.0,480.0,1.692,0.584,0.2,,,-0.0109921346108119,427.5,-2.2691524494439292,0.001020661190462624,6.0,0.005797028541564997,,,,3.0,3.0
dose_5,Delta,composite,320_480nm,320.0,480.0,320.0,480.0,2.488,0.768,0.2,,,0.0334243327379226,333.0,3.9572897305091153,0.0022856915990511414,2.5,0.0037940492232640954,,,,3.0,3.0
dose_6,Delta,composite,320_480nm,320.0,480.0,320.0,480.0,3.185,0.707,0.2,,,-0.0017675707737604,330.0,-1.8800610962013322,0.003649667464196803,28.0,0.005155012011528001,,,,3.0,3.0
dose_1,Sigma,composite,320_480nm,320.0,480.0,320.0,480.0,0.0,0.0,0.2,,,0.2349215572079022,469.5,29.459636794713624,0.02014707110356534,60.0,0.018321163952350616,,,,3.0,3.0
dose_2,Sigma,composite,320_480nm,320.0,480.0,320.0,480.0,0.647,0.246,0.2,,,0.2204306051135063,477.5,24.982306272101887,0.0265565568503614,85.5,0.018272548913955716,,,,3.0,3.0
dose_3,Sigma,composite,320_480nm,320.0,480.0,320.0,480.0,1.095,0.338,0.2,,,0.2003478830059369,469.5,22.451567132646826,0.0248072907949487,59.5,0.01869172975420938,,,,3.0,3.0
dose_4,Sigma,composite,320_480nm,320.0,480.0,320.0,480.0,1.692,0.584,0.2,,,0.2114241595069566,469.5,24.76322693470864,0.015721377955439264,48.0,0.015408381819725037,,,,3.0,3.0
dose_5,Sigma,composite,320_480nm,320.0,480.0,320.0,480.0,2.488,0.768,0.2,,,0.2625231295824051,469.5,32.64596434185901,0.01748114948471391,56.5,0.01495745529731124,,,,3.0,3.0
dose_6,Sigma,composite,320_480nm,320.0,480.0,320.0,480.0,3.185,0.707,0.2,,,0.2843304847677549,469.5,34.8890443574637,0.01888387002206099,56.5,0.015963005522886764,,,,3.0,3.0
dose_1,12Oclock,angle,360_410nm,360.0,410.0,360.0,410.0,0.0,0.0,0.2,5.0,3.0,0.1744363456964492,406.0,8.2720116811494,0.005982593943675396,32.5,0.011513049403826386,406.0,0.1744363456964492,-0.0016753524541854026,,
dose_2,12Oclock,angle,360_410nm,360.0,410.0,360.0,410.0,0.647,0.246,0.2,5.0,3.0,0.1218000799417495,406.0,5.592502007881797,0.00629870032270749,33.0,0.012426458299160004,406.0,0.1218000799417495,-0.0022203407684961984,,
dose_3,12Oclock,angle,360_410nm,360.0,410.0,360.0,410.0,1.095,0.338,0.2,5.0,3.0,0.1385460843642552,406.0,6.382066685085491,0.005500173295537647,32.5,0.011910413702329092,406.0,0.1385460843642552,-0.002477223376433052,,
dose_4,12Oclock,angle,360_410nm,360.0,410.0,360.0,410.0,1.692,0.584,0.2,5.0,3.0,0.1532111018896103,409.5,7.05440288285414,0.005115228096644164,32.5,0.010189746816952977,406.0,0.1527174214522043,-0.001771208842595351,,
dose_5,12Oclock,angle,360_410nm,360.0,410.0,360.0,410.0,2.488,0.768,0.2,5.0,3.0,0.2200702875852584,406.0,10.514566086232657,0.0036627677083014842,33.0,0.009252731998761476,406.0,0.2200702875852584,-0.002261959314346279,,
dose_6,12Oclock,angle,360_410nm,360.0,410.0,360.0,410.0,3.185,0.707,0.2,5.0,3.0,0.2176362375418345,410.0,10.138260404268895,0.005112891594568958,33.0,0.009793629248937008,406.0,0.2169600874185561,-0.001713891228039971,,
dose_1,6Oclock,angle,360_410nm,360.0,410.0,360.0,410.0,0.0,0.0,0.2,5.0,3.0,0.1998605777819951,406.0,9.488143147279814,0.005214189340670805,33.0,0.013242512941360474,406.0,0.1998605777819951,-0.003474060893058878,,
dose_2,6Oclock,angle,360_410nm,360.0,410.0,360.0,410.0,0.647,0.246,0.2,5.0,3.0,0.1949891597032546,406.0,8.980260607476032,0.00426324116686988,33.0,0.011757155259450286,406.0,0.1949891597032546,-0.0032128675778706206,,
dose_3,6Oclock,angle,360_410nm,360.0,410.0,360.0,410.0,1.095,0.338,0.2,5.0,3.0,0.1489156782627105,406.0,6.876201304296647,0.004776924898227036,33.0,0.013533793389797322,406.0,0.1489156782627105,-0.0033507136503855006,,
dose_4,6Oclock,angle,360_410nm,360.0,410.0,360.0,410.0,1.692,0.584,0.2,5.0,3.0,0.1652130732933679,406.0,7.723941309377547,0.004121785635749525,33.0,0.010148500402768407,406.0,0.1652130732933679,-0.002557173172632793,,
dose_5,6Oclock,angle,360_410nm,360.0,410.0,360.0,410.0,2.488,0.768,0.2,5.0,3.0,0.1963445643583933,406.0,9.112663843979435,0.005148004541794482,33.0,0.011404111981391879,406.0,0.1963445643583933,-0.0024823047717412172,,
dose_6,6Oclock,angle,360_410nm,360.0,410.0,360.0,410.0,3.185,0.707,0.2,5.0,3.0,0.2290562192598978,409.5,10.69695045426488,0.004148567666610092,33.0,0.011148522297541291,406.0,0.2287871539592743,-0.002451704343160055,,
dose_1,Delta,composite,360_410nm,360.0,410.0,360.0,410.0,0.0,0.0,0.2,,,-0.0232809036970139,375.0,-1.2161314661304132,0.0017987084388733782,46.0,0.0037714888652165997,406.0,-0.0254242320855458,0.0017987084388733782,3.0,3.0
dose_2,Delta,composite,360_410nm,360.0,410.0,360.0,410.0,0.647,0.246,0.2,,,-0.0598942612608273,360.0,-3.3877585995942336,0.0020445467780033783,47.0,0.002854675054550171,406.0,-0.0731890797615051,0.0009925268093745332,3.0,3.0
dose_3,Delta,composite,360_410nm,360.0,410.0,360.0,410.0,1.095,0.338,0.2,,,-0.0082657585541407,375.0,-0.4941346192111547,0.00192223270734148,47.0,0.003072403371333899,406.0,-0.0103695938984553,0.000873490273952459,3.0,3.0
dose_4,Delta,composite,360_410nm,360.0,410.0,360.0,410.0,1.692,0.584,0.2,,,-0.0111734221378962,408.5,-0.6695384265234049,0.0018998180826505402,36.5,0.0038392444451650007,406.0,-0.0124956518411636,0.0007859643300374315,3.0,3.0
dose_5,Delta,composite,360_410nm,360.0,410.0,360.0,410.0,2.488,0.768,0.2,,,0.0322284251451491,360.0,1.401902242253222,0.0016312142213184347,16.5,0.0037940492232640954,406.0,0.0237257232268651,0.00022034545739492775,3.0,3.0
dose_6,Delta,composite,360_410nm,360.0,410.0,360.0,410.0,3.185,0.707,0.2,,,-0.0085861831903457,360.0,-0.5586900499959763,0.0036220014095307666,17.5,0.0033460656801861995,406.0,-0.0118270665407181,0.0007378131151199955,3.0,3.0
dose_1,Sigma,composite,360_410nm,360.0,410.0,360.0,410.0,0.0,0.0,0.2,,,0.1871484617392221,406.0,8.880077414214608,0.005598391642173128,32.5,0.012377781172593277,406.0,0.1871484617392221,-0.0025747066736220847,3.0,3.0
dose_2,Sigma,composite,360_410nm,360.0,410.0,360.0,410.0,0.647,0.246,0.2,,,0.1583946198225021,406.0,7.286381307678915,0.005280970744788643,33.0,0.012091806779305214,406.0,0.1583946198225021,-0.002716604173183451,3.0,3.0
dose_3,Sigma,composite,360_410nm,360.0,410.0,360.0,410.0,1.095,0.338,0.2,,,0.1437308813134828,406.0,6.62913399469107,0.005085278240342939,33.0,0.012407417098681262,406.0,0.1437308813134828,-0.0029139685134092486,3.0,3.0
dose_4,Sigma,composite,360_410nm,360.0,410.0,360.0,410.0,1.692,0.584,0.2,,,0.1589652473727861,406.0,7.3891720961158445,0.004384772914151375,33.0,0.009484445055325808,406.0,0.1589652473727861,-0.0021641910076140858,3.0,3.0
dose_5,Sigma,composite,360_410nm,360.0,410.0,360.0,410.0,2.488,0.768,0.2,,,0.2082074259718259,406.0,9.813614965106048,0.004274907882014928,33.0,0.009822147587935287,406.0,0.2082074259718259,-0.002372132043043873,3.0,3.0
dose_6,Sigma,composite,360_410nm,360.0,410.0,360.0,410.0,3.185,0.707,0.2,,,0.2232896933952967,410.0,10.417605429266887,0.004630729630589497,33.0,0.009989845256010793,406.0,0.2228736206889152,-0.002082797785599999,3.0,3.0
dose_1,12Oclock,angle,peak_band_auto,300.0,600.0,300.0,600.0,0.0,0.0,0.2,5.0,3.0,0.3665847977002461,595.5,65.96090098780888,0.05664513636380439,131.0,0.09192131459712992,,,,,
dose_2,12Oclock,angle,peak_band_auto,300.0,600.0,300.0,600.0,0.647,0.246,0.2,5.0,3.0,0.3589600026607513,593.5,54.02900330722329,0.07975474387407308,134.5,0.057484281559785605,,,,,
dose_3,12Oclock,angle,peak_band_auto,300.0,600.0,300.0,600.0,1.095,0.338,0.2,5.0,3.0,0.3487889071305592,593.5,56.53347531116255,0.059470184333622444,113.0,0.05519699305295961,,,,,
dose_4,12Oclock,angle,peak_band_auto,300.0,600.0,300.0,600.0,1.692,0.584,0.2,5.0,3.0,0.3973186314105987,593.5,62.93412753442921,0.07148361534708078,123.5,0.0506584544976554,,,,,
dose_5,12Oclock,angle,peak_band_auto,300.0,600.0,300.0,600.0,2.488,0.768,0.2,5.0,3.0,0.5274607638518015,600.0,86.63063414394854,0.10803055549661322,132.0,0.0739688724279403,,,,,
dose_6,12Oclock,angle,peak_band_auto,300.0,600.0,300.0,600.0,3.185,0.707,0.2,5.0,3.0,0.5228802164395651,593.5,87.41709212648371,0.09338678203523154,126.5,0.06853038569291427,,,,,
dose_1,6Oclock,angle,peak_band_auto,300.0,600.0,300.0,600.0,0.0,0.0,0.2,5.0,3.0,0.4546119372049967,595.5,77.53988062466183,0.08099549253781646,134.5,0.07318875690301241,,,,,
dose_2,6Oclock,angle,peak_band_auto,300.0,600.0,300.0,600.0,0.647,0.246,0.2,5.0,3.0,0.5114405254522959,595.5,82.99360731927055,0.0901136885707578,122.5,0.07360636691252417,,,,,
dose_3,6Oclock,angle,peak_band_auto,300.0,600.0,300.0,600.0,1.095,0.338,0.2,5.0,3.0,0.4008976717789967,595.5,63.269325388285,0.07690670548627782,125.5,0.0671761905153592,,,,,
dose_4,6Oclock,angle,peak_band_auto,300.0,600.0,300.0,600.0,1.692,0.584,0.2,5.0,3.0,0.420337567726771,595.0,68.02170259505509,0.07131561887760962,124.0,0.06601884961128238,,,,,
dose_5,6Oclock,angle,peak_band_auto,300.0,600.0,300.0,600.0,2.488,0.768,0.2,5.0,3.0,0.4931554992993672,595.5,79.82061221264301,0.0852756240053309,126.0,0.0702266097068786,,,,,
dose_6,6Oclock,angle,peak_band_auto,300.0,600.0,300.0,600.0,3.185,0.707,0.2,5.0,3.0,0.55032346645991,595.5,91.03567874121168,0.08444528780877592,126.5,0.08050837119420337,,,,,
dose_1,Delta,composite,peak_band_auto,300.0,600.0,300.0,600.0,0.0,0.0,0.2,,,-0.0102809891104698,300.0,-11.578979636852926,0.01966527291056181,26.0,0.0332249527176221,,,,3.0,3.0
dose_2,Delta,composite,peak_band_auto,300.0,600.0,300.0,600.0,0.647,0.246,0.2,,,-0.0423595818380515,300.5,-28.96460401204724,0.014480772850414082,210.0,0.024097498506307602,,,,3.0,3.0
dose_3,Delta,composite,peak_band_auto,300.0,600.0,300.0,600.0,1.095,0.338,0.2,,,-0.0049071212609608,302.5,-6.735850077122436,0.008035143348905755,274.5,0.0241454616189003,,,,3.0,3.0
dose_4,Delta,composite,peak_band_auto,300.0,600.0,300.0,600.0,1.692,0.584,0.2,,,-0.0060292830069859,300.0,-5.087575060625857,0.014153687912556893,46.5,0.0185085137685139,,,,3.0,3.0
dose_5,Delta,composite,peak_band_auto,300.0,600.0,300.0,600.0,2.488,0.768,0.2,,,0.0394450277090072,302.5,6.810021931305514,0.03235176060762665,251.0,0.033742328484853,,,,3.0,3.0
dose_6,Delta,composite,peak_band_auto,300.0,600.0,300.0,600.0,3.185,0.707,0.2,,,0.0124034335215886,302.5,-3.6185866147279615,0.015471094051996745,187.0,0.029190152883529396,,,,3.0,3.0
dose_1,Sigma,composite,peak_band_auto,300.0,600.0,300.0,600.0,0.0,0.0,0.2,,,0.4105983674526214,595.5,71.75039080623534,0.06867368518271375,135.0,0.08223534499605491,,,,3.0,3.0
dose_2,Sigma,composite,peak_band_auto,300.0,600.0,300.0,600.0,0.647,0.246,0.2,,,0.4348654101292292,595.5,68.51130531324692,0.08444807905082916,129.0,0.06554532423615461,,,,3.0,3.0
dose_3,Sigma,composite,peak_band_auto,300.0,600.0,300.0,600.0,1.095,0.338,0.2,,,0.3746268153190613,593.5,59.90140034972377,0.0681884449099501,122.0,0.061186591784159194,,,,3.0,3.0
dose_4,Sigma,composite,peak_band_auto,300.0,600.0,300.0,600.0,1.692,0.584,0.2,,,0.4086652795473734,593.5,65.47791506474215,0.07139961711234516,124.0,0.05818941940863942,,,,3.0,3.0
dose_5,Sigma,composite,peak_band_auto,300.0,600.0,300.0,600.0,2.488,0.768,0.2,,,0.510219802459081,595.5,83.22562317829578,0.09665308975097203,131.0,0.06872135028243051,,,,3.0,3.0
dose_6,Sigma,composite,peak_band_auto,300.0,600.0,300.0,600.0,3.185,0.707,0.2,,,0.5364895363648732,595.5,89.22638543384768,0.08891603492200367,126.5,0.0708527291814484,,,,3.0,3.0
