dose_id,target,modality,kind,band_label,model_type,component,actual,predicted,predicted_loocv
dose_1,chrom_total,chrom,12Oclock,320_480nm,ridge,total,0.27379686988609,0.6172380114070266,0.7350215503337569
dose_2,chrom_total,chrom,12Oclock,320_480nm,ridge,total,0.6702106062314132,0.5173109312059865,0.1586515506807955
dose_3,chrom_total,chrom,12Oclock,320_480nm,ridge,total,0.746940679793033,0.7463472475073565,0.7460819835892143
dose_4,chrom_total,chrom,12Oclock,320_480nm,ridge,total,0.9855803035928415,0.9869097808720808,0.9929252667073059
dose_5,chrom_total,chrom,12Oclock,320_480nm,ridge,total,0.8071596303191209,0.7637774239938027,0.7256938186687176
dose_6,chrom_total,chrom,12Oclock,320_480nm,ridge,total,0.8313635728597397,0.6834682676959849,0.5674143385232984
dose_1,chrom_oxidized,chrom,12Oclock,320_480nm,ridge,oxidized,0.0901073162314349,0.2531083417178004,0.3090097329880688
dose_2,chrom_oxidized,chrom,12Oclock,320_480nm,ridge,oxidized,0.268739936889168,0.2608059265780922,0.24219498301148445
dose_3,chrom_oxidized,chrom,12Oclock,320_480nm,ridge,oxidized,0.5445087237422649,0.44494622244679793,0.4004418369737244
dose_4,chrom_oxidized,chrom,12Oclock,320_480nm,ridge,oxidized,0.6112001910362025,0.643114783015952,0.7875187371027517
dose_5,chrom_oxidized,chrom,12Oclock,320_480nm,ridge,oxidized,0.2336118541425206,0.30304475514762164,0.3639972843625867
dose_6,chrom_oxidized,chrom,12Oclock,320_480nm,ridge,oxidized,0.3933184159564671,0.2364664090917945,0.11338412683062904
dose_1,chrom_reduced,chrom,12Oclock,320_480nm,ridge,reduced,0.7400488048032302,1.25193027204228,1.4274806165799852
dose_2,chrom_reduced,chrom,12Oclock,320_480nm,ridge,reduced,1.3406081155789291,1.029763973009797,0.30061155594161804
dose_3,chrom_reduced,chrom,12Oclock,320_480nm,ridge,reduced,1.1817486605532,1.2708569845361746,1.3106883582742581
dose_4,chrom_reduced,chrom,12Oclock,320_480nm,ridge,reduced,1.5181381816827064,1.5177618529313495,1.5160590782329542
dose_5,chrom_reduced,chrom,12Oclock,320_480nm,ridge,reduced,1.789889368479746,1.4963724667418683,1.238705031429737
dose_6,chrom_reduced,chrom,12Oclock,320_480nm,ridge,reduced,1.4107514239960537,1.4144990058323967,1.4174397455436516
dose_1,dad_total,dad,12Oclock,320_480nm,ridge,total,0.5202563375770172,1.2061332338889823,1.4413555131940952
dose_2,dad_total,dad,12Oclock,320_480nm,ridge,total,1.4054024203995992,1.1145740817217051,0.43237307788020907
dose_3,dad_total,dad,12Oclock,320_480nm,ridge,total,1.492350762046004,1.4718124435652964,1.4626318260562883
dose_4,dad_total,dad,12Oclock,320_480nm,ridge,total,1.8439993034629107,1.8504924231747375,1.8798718418852398
dose_5,dad_total,dad,12Oclock,320_480nm,ridge,total,1.4396078592597448,1.3851290068879867,1.3373040738559632
dose_6,dad_total,dad,12Oclock,320_480nm,ridge,total,1.5849377565495193,1.2584132500560874,1.002188402974045
dose_1,dad_oxidized,dad,12Oclock,320_480nm,ridge,oxidized,-0.114204631160007,0.3480778749157256,0.5066181980359765
dose_2,dad_oxidized,dad,12Oclock,320_480nm,ridge,oxidized,0.3770185585136998,0.2846200592351331,0.06787932053050927
dose_3,dad_oxidized,dad,12Oclock,320_480nm,ridge,oxidized,0.7930144626982226,0.6296483578023171,0.5566237952318627
dose_4,dad_oxidized,dad,12Oclock,320_480nm,ridge,oxidized,0.9507189731815124,0.9967316146175793,1.20492501297162
dose_5,dad_oxidized,dad,12Oclock,320_480nm,ridge,oxidized,0.3675817747447733,0.501703486370654,0.6194438864964851
dose_6,dad_oxidized,dad,12Oclock,320_480nm,ridge,oxidized,0.7654051137655965,0.3787528588023843,0.07534557104382555
dose_1,dad_reduced,dad,12Oclock,320_480nm,ridge,reduced,1.0497396879306968,1.7005453560273218,1.9237399168260947
dose_2,dad_reduced,dad,12Oclock,320_480nm,ridge,reduced,1.9411383648794909,1.5814016050856223,0.7375609402944447
dose_3,dad_reduced,dad,12Oclock,320_480nm,ridge,reduced,1.7065991751503304,1.7930543159260979,1.8316997181724282
dose_4,dad_reduced,dad,12Oclock,320_480nm,ridge,reduced,2.0255862997890524,2.0138966621506436,1.9610045588175746
dose_5,dad_reduced,dad,12Oclock,320_480nm,ridge,reduced,2.0926354579520665,1.856634858631204,1.649458819367073
dose_6,dad_reduced,dad,12Oclock,320_480nm,ridge,reduced,1.9128785623277489,1.7830447502084954,1.681163733639205
dose_1,latent_total,latent,12Oclock,320_480nm,ridge,total,0.2810129500194107,0.6203044918344418,0.7366649207158047
dose_2,latent_total,latent,12Oclock,320_480nm,ridge,total,0.6936283724299851,0.5452229810224212,0.19710591837997793
dose_3,latent_total,latent,12Oclock,320_480nm,ridge,total,0.7483282619584828,0.7460723193397625,0.7450639141811732
dose_4,latent_total,latent,12Oclock,320_480nm,ridge,total,0.9575543551063278,0.9577042114798915,0.9583822666122244
dose_5,latent_total,latent,12Oclock,320_480nm,ridge,total,0.7703884531900113,0.7391375931974511,0.7117036399978045
dose_6,latent_total,latent,12Oclock,320_480nm,ridge,total,0.8259586664709339,0.6684294623011828,0.5448157811021521
dose_1,chrom_total,chrom,12Oclock,360_410nm,ridge,total,0.27379686988609,0.6094206071604233,0.7690128957480074
dose_2,chrom_total,chrom,12Oclock,360_410nm,ridge,total,0.6702106062314132,0.6761170121895077,0.6838156923355214
dose_3,chrom_total,chrom,12Oclock,360_410nm,ridge,total,0.746940679793033,0.6354067844782065,0.5754227453350893
dose_4,chrom_total,chrom,12Oclock,360_410nm,ridge,total,0.9855803035928415,0.8809092859884196,0.7450328014408427
dose_5,chrom_total,chrom,12Oclock,360_410nm,ridge,total,0.8071596303191209,0.608443409386215,0.21678122128695776
dose_6,chrom_total,chrom,12Oclock,360_410nm,ridge,total,0.8313635728597397,0.9047545634794361,1.0509529666156894
dose_1,chrom_oxidized,chrom,12Oclock,360_410nm,ridge,oxidized,0.0901073162314349,0.27274703145223356,0.35959395823961593
dose_2,chrom_oxidized,chrom,12Oclock,360_410nm,ridge,oxidized,0.268739936889168,0.37440976878625776,0.5121446692625824
dose_3,chrom_oxidized,chrom,12Oclock,360_410nm,ridge,oxidized,0.5445087237422649,0.356124050488269,0.2548088979723566
dose_4,chrom_oxidized,chrom,12Oclock,360_410nm,ridge,oxidized,0.6112001910362025,0.550751540021821,0.47228139247255285
dose_5,chrom_oxidized,chrom,12Oclock,360_410nm,ridge,oxidized,0.2336118541425206,0.15726376535925013,0.006784557524817103
dose_6,chrom_oxidized,chrom,12Oclock,360_410nm,ridge,oxidized,0.3933184159564671,0.43019028189021213,0.5036408222714996
dose_1,chrom_reduced,chrom,12Oclock,360_410nm,ridge,reduced,0.7400488048032302,1.252089801811696,1.4955701802453882
dose_2,chrom_reduced,chrom,12Oclock,360_410nm,ridge,reduced,1.3406081155789291,1.2318830889279333,1.0901659076270498
dose_3,chrom_reduced,chrom,12Oclock,360_410nm,ridge,reduced,1.1817486605532,1.1796011934766497,1.1784462643068458
dose_4,chrom_reduced,chrom,12Oclock,360_410nm,ridge,reduced,1.5181381816827064,1.3385240483791243,1.105361731182672
dose_5,chrom_reduced,chrom,12Oclock,360_410nm,ridge,reduced,1.789889368479746,1.420681999751988,0.6929881797907385
dose_6,chrom_reduced,chrom,12Oclock,360_410nm,ridge,reduced,1.4107514239960537,1.5584044227464595,1.8525363380328699
dose_1,dad_total,dad,12Oclock,360_410nm,ridge,total,0.5202563375770172,1.159449377247043,1.463391764870245
dose_2,dad_total,dad,12Oclock,360_410nm,ridge,total,1.4054024203995992,1.381216347866193,1.349691112769257
dose_3,dad_total,dad,12Oclock,360_410nm,ridge,total,1.492350762046004,1.2669460323153245,1.1457211249177988
dose_4,dad_total,dad,12Oclock,360_410nm,ridge,total,1.8439993034629107,1.70765487224201,1.5306622106042767
dose_5,dad_total,dad,12Oclock,360_410nm,ridge,total,1.4396078592597448,1.1012594124181732,0.4343873653968586
dose_6,dad_total,dad,12Oclock,360_410nm,ridge,total,1.5849377565495193,1.6700283972060106,1.8395330691104732
dose_1,dad_oxidized,dad,12Oclock,360_410nm,ridge,oxidized,-0.114204631160007,0.3270523449587657,0.5368742462525518
dose_2,dad_oxidized,dad,12Oclock,360_410nm,ridge,oxidized,0.3770185585136998,0.49824495502709,0.6562569945955588
dose_3,dad_oxidized,dad,12Oclock,360_410nm,ridge,oxidized,0.7930144626982226,0.44222877972534747,0.25357274759252846
dose_4,dad_oxidized,dad,12Oclock,360_410nm,ridge,oxidized,0.9507189731815124,0.8918402804278287,0.8154081412388834
dose_5,dad_oxidized,dad,12Oclock,360_410nm,ridge,oxidized,0.3675817747447733,0.19828573867862787,-0.1353903729663415
dose_6,dad_oxidized,dad,12Oclock,360_410nm,ridge,oxidized,0.7654051137655965,0.7818821529261442,0.8147052119033518
dose_1,dad_reduced,dad,12Oclock,360_410nm,ridge,reduced,1.0497396879306968,1.6456296706878177,1.9289810416803836
dose_2,dad_reduced,dad,12Oclock,360_410nm,ridge,reduced,1.9411383648794909,1.782737455407009,1.5762704523867939
dose_3,dad_reduced,dad,12Oclock,360_410nm,ridge,reduced,1.7065991751503304,1.6666208368574829,1.6451200885674098
dose_4,dad_reduced,dad,12Oclock,360_410nm,ridge,reduced,2.0255862997890524,1.8990701439111746,1.734835851625121
dose_5,dad_reduced,dad,12Oclock,360_410nm,ridge,reduced,2.0926354579520665,1.7280760244665316,1.009543109834425
dose_6,dad_reduced,dad,12Oclock,360_410nm,ridge,reduced,1.9128785623277489,2.0064434166993905,2.1928291322118767
dose_1,latent_total,latent,12Oclock,360_410nm,ridge,total,0.2810129500194107,0.6025529056937735,0.755448221785386
dose_2,latent_total,latent,12Oclock,360_410nm,ridge,total,0.6936283724299851,0.6882608482925932,0.6812645714030552
dose_3,latent_total,latent,12Oclock,360_410nm,ridge,total,0.7483282619584828,0.6400662453000692,0.5818418550676299
dose_4,latent_total,latent,12Oclock,360_410nm,ridge,total,0.9575543551063278,0.8743682770174175,0.766382015750807
dose_5,latent_total,latent,12Oclock,360_410nm,ridge,total,0.7703884531900113,0.5905653517414464,0.2361407906589008
dose_6,latent_total,latent,12Oclock,360_410nm,ridge,total,0.8259586664709339,0.881057431129868,0.9908168353820841
dose_1,chrom_total,chrom,12Oclock,peak_band_auto,ridge,total,0.27379686988609,0.6415448929752046,0.7722633853335736
dose_2,chrom_total,chrom,12Oclock,peak_band_auto,ridge,total,0.6702106062314132,0.5576978222905353,0.22917766877507395
dose_3,chrom_total,chrom,12Oclock,peak_band_auto,ridge,total,0.746940679793033,0.8118117082120175,1.2151972307893237
dose_4,chrom_total,chrom,12Oclock,peak_band_auto,ridge,total,0.9855803035928415,0.7387245636070201,0.6624283704278318
dose_5,chrom_total,chrom,12Oclock,peak_band_auto,ridge,total,0.8071596303191209,0.6965232800207914,-0.4153517614526123
dose_6,chrom_total,chrom,12Oclock,peak_band_auto,ridge,total,0.8313635728597397,0.8687493955766765,1.4285601331862026
dose_1,chrom_oxidized,chrom,12Oclock,peak_band_auto,ridge,oxidized,0.0901073162314349,0.26677530044272757,0.32957311605053796
dose_2,chrom_oxidized,chrom,12Oclock,peak_band_auto,ridge,oxidized,0.268739936889168,0.23452796244220764,0.13463421967056277
dose_3,chrom_oxidized,chrom,12Oclock,peak_band_auto,ridge,oxidized,0.5445087237422649,0.6004956665767889,0.9486375527670408
dose_4,chrom_oxidized,chrom,12Oclock,peak_band_auto,ridge,oxidized,0.6112001910362025,0.43410377475762907,0.3793682341193847
dose_5,chrom_oxidized,chrom,12Oclock,peak_band_auto,ridge,oxidized,0.2336118541425206,0.18271608041114185,-0.32877711667703835
dose_6,chrom_oxidized,chrom,12Oclock,peak_band_auto,ridge,oxidized,0.3933184159564671,0.4228676533675806,0.8653343209006863
dose_1,chrom_reduced,chrom,12Oclock,peak_band_auto,ridge,reduced,0.7400488048032302,1.3037163520473527,1.5040757485389271
dose_2,chrom_reduced,chrom,12Oclock,peak_band_auto,ridge,reduced,1.3406081155789291,1.1321412374478754,0.5234497767326971
dose_3,chrom_reduced,chrom,12Oclock,peak_band_auto,ridge,reduced,1.1817486605532,1.2329544840927795,1.551366083085238
dose_4,chrom_reduced,chrom,12Oclock,peak_band_auto,ridge,reduced,1.5181381816827064,1.2499162550010396,1.1670163721220703
dose_5,chrom_reduced,chrom,12Oclock,peak_band_auto,ridge,reduced,1.789889368479746,1.6119932134550012,-0.17583053717794428
dose_6,chrom_reduced,chrom,12Oclock,peak_band_auto,ridge,reduced,1.4107514239960537,1.4504630130498164,2.045099491421105
dose_1,dad_total,dad,12Oclock,peak_band_auto,ridge,total,0.5202563375770172,1.2421487439836945,1.4987502240345343
dose_2,dad_total,dad,12Oclock,peak_band_auto,ridge,total,1.4054024203995992,1.1533069964305191,0.4172268419615506
dose_3,dad_total,dad,12Oclock,peak_band_auto,ridge,total,1.492350762046004,1.5824002348442434,2.1423521043925575
dose_4,dad_total,dad,12Oclock,peak_band_auto,ridge,total,1.8439993034629107,1.4488554378463725,1.3267275395586644
dose_5,dad_total,dad,12Oclock,peak_band_auto,ridge,total,1.4396078592597448,1.2245794574966204,-0.9364165667173552
dose_6,dad_total,dad,12Oclock,peak_band_auto,ridge,total,1.5849377565495193,1.6352635686933574,2.3888361255829977
dose_1,dad_oxidized,dad,12Oclock,peak_band_auto,ridge,oxidized,-0.114204631160007,0.33482945839618594,0.49444162629102806
dose_2,dad_oxidized,dad,12Oclock,peak_band_auto,ridge,oxidized,0.3770185585136998,0.24075922931345417,-0.1570972113429825
dose_3,dad_oxidized,dad,12Oclock,peak_band_auto,ridge,oxidized,0.7930144626982226,0.8757938119188466,1.3905380954322375
dose_4,dad_oxidized,dad,12Oclock,peak_band_auto,ridge,oxidized,0.9507189731815124,0.6431383522870533,0.5480737997210667
dose_5,dad_oxidized,dad,12Oclock,peak_band_auto,ridge,oxidized,0.3675817747447733,0.23896228702721345,-1.0536399892965278
dose_6,dad_oxidized,dad,12Oclock,peak_band_auto,ridge,oxidized,0.7654051137655965,0.806051112801029,1.4146793318897721
dose_1,dad_reduced,dad,12Oclock,peak_band_auto,ridge,reduced,1.0497396879306968,1.7464103038722323,1.9940465299524748
dose_2,dad_reduced,dad,12Oclock,peak_band_auto,ridge,reduced,1.9411383648794909,1.658897505844048,0.8347972828230859
dose_3,dad_reduced,dad,12Oclock,peak_band_auto,ridge,reduced,1.7065991751503304,1.7431844023347849,1.9706811962978508
dose_4,dad_reduced,dad,12Oclock,peak_band_auto,ridge,reduced,2.0255862997890524,1.7609562558279075,1.6791665232651511
dose_5,dad_reduced,dad,12Oclock,peak_band_auto,ridge,reduced,2.0926354579520665,1.8791810161549107,-0.2659969989024944
dose_6,dad_reduced,dad,12Oclock,peak_band_auto,ridge,reduced,1.9128785623277489,1.939948063995507,2.3452834717610855
dose_1,latent_total,latent,12Oclock,peak_band_auto,ridge,total,0.2810129500194107,0.6397043866772609,0.76720365486615
dose_2,latent_total,latent,12Oclock,peak_band_auto,ridge,total,0.6936283724299851,0.5762957730080505,0.23370249405460264
dose_3,latent_total,latent,12Oclock,peak_band_auto,ridge,total,0.7483282619584828,0.8026808811023987,1.1406601025086403
dose_4,latent_total,latent,12Oclock,peak_band_auto,ridge,total,0.9575543551063278,0.7383401017527795,0.6705871176719675
dose_5,latent_total,latent,12Oclock,peak_band_auto,ridge,total,0.7703884531900113,0.6632106143049992,-0.4139070213900027
dose_6,latent_total,latent,12Oclock,peak_band_auto,ridge,total,0.8259586664709339,0.856639302329663,1.3160473918668316
dose_1,chrom_total,chrom,6Oclock,320_480nm,ridge,total,0.27379686988609,0.6996427730101087,0.8528021278380855
dose_2,chrom_total,chrom,6Oclock,320_480nm,ridge,total,0.6702106062314132,0.6708114806468659,0.7376711063220487
dose_3,chrom_total,chrom,6Oclock,320_480nm,ridge,total,0.746940679793033,0.8007543482252166,0.8778754587660984
dose_4,chrom_total,chrom,6Oclock,320_480nm,ridge,total,0.9855803035928415,0.765046114300258,0.6161819775829604
dose_5,chrom_total,chrom,6Oclock,320_480nm,ridge,total,0.8071596303191209,0.7389428001219422,-1.5815441863151278
dose_6,chrom_total,chrom,6Oclock,320_480nm,ridge,total,0.8313635728597397,0.6398541463778433,0.06246859167090424
dose_1,chrom_oxidized,chrom,6Oclock,320_480nm,ridge,oxidized,0.0901073162314349,0.34760134841995916,0.4402114206379316
dose_2,chrom_oxidized,chrom,6Oclock,320_480nm,ridge,oxidized,0.268739936889168,0.26802402593504304,0.18836422151245946
dose_3,chrom_oxidized,chrom,6Oclock,320_480nm,ridge,oxidized,0.5445087237422649,0.5472667133149591,0.5512192262155275
dose_4,chrom_oxidized,chrom,6Oclock,320_480nm,ridge,oxidized,0.6112001910362025,0.511321062049019,0.4439010381495765
dose_5,chrom_oxidized,chrom,6Oclock,320_480nm,ridge,oxidized,0.2336118541425206,0.19746332835792746,-1.0321772664906774
dose_6,chrom_oxidized,chrom,6Oclock,320_480nm,ridge,oxidized,0.3933184159564671,0.26980995992114964,-0.10255812508109108
dose_1,chrom_reduced,chrom,6Oclock,320_480nm,ridge,reduced,0.7400488048032302,1.2663321415107802,1.4556147334426193
dose_2,chrom_reduced,chrom,6Oclock,320_480nm,ridge,reduced,1.3406081155789291,1.3439007358991102,1.7102724043435726
dose_3,chrom_reduced,chrom,6Oclock,320_480nm,ridge,reduced,1.1817486605532,1.2796093638084152,1.41985488754311
dose_4,chrom_reduced,chrom,6Oclock,320_480nm,ridge,reduced,1.5181381816827064,1.2100673588155004,1.0021145817833563
dose_5,chrom_reduced,chrom,6Oclock,320_480nm,ridge,reduced,1.789889368479746,1.6984823506566347,-1.4108499755938055
dose_6,chrom_reduced,chrom,6Oclock,320_480nm,ridge,reduced,1.4107514239960537,1.1827926044034136,0.4955150540563267
dose_1,dad_total,dad,6Oclock,320_480nm,ridge,total,0.5202563375770172,1.3244350423346423,1.6136652326065204
dose_2,dad_total,dad,6Oclock,320_480nm,ridge,total,1.4054024203995992,1.4045695210952318,1.3118923587897595
dose_3,dad_total,dad,6Oclock,320_480nm,ridge,total,1.492350762046004,1.5471942935027858,1.6257913149501988
dose_4,dad_total,dad,6Oclock,320_480nm,ridge,total,1.8439993034629107,1.4825310360146982,1.2385341221711932
dose_5,dad_total,dad,6Oclock,320_480nm,ridge,total,1.4396078592597448,1.3187589041292722,-2.792080413600928
dose_6,dad_total,dad,6Oclock,320_480nm,ridge,total,1.5849377565495193,1.2090656422181691,0.07584137634854415
dose_1,dad_oxidized,dad,6Oclock,320_480nm,ridge,oxidized,-0.114204631160007,0.5284466869790165,0.7595820825374451
dose_2,dad_oxidized,dad,6Oclock,320_480nm,ridge,oxidized,0.3770185585136998,0.3760415978944627,0.26733465409030566
dose_3,dad_oxidized,dad,6Oclock,320_480nm,ridge,oxidized,0.7930144626982226,0.7718419595029773,0.7414993531183889
dose_4,dad_oxidized,dad,6Oclock,320_480nm,ridge,oxidized,0.9507189731815124,0.7380073813927628,0.5944236242303742
dose_5,dad_oxidized,dad,6Oclock,320_480nm,ridge,oxidized,0.3675817747447733,0.27982058426978274,-2.705494034181953
dose_6,dad_oxidized,dad,6Oclock,320_480nm,ridge,oxidized,0.7654051137655965,0.4453760417047974,-0.5194859323955909
dose_1,dad_reduced,dad,6Oclock,320_480nm,ridge,reduced,1.0497396879306968,1.7019025539377892,1.936458864254865
dose_2,dad_reduced,dad,6Oclock,320_480nm,ridge,reduced,1.9411383648794909,1.9416160282573078,1.9947658941955813
dose_3,dad_reduced,dad,6Oclock,320_480nm,ridge,reduced,1.7065991751503304,1.7728472702800786,1.8677883292428725
dose_4,dad_reduced,dad,6Oclock,320_480nm,ridge,reduced,2.0255862997890524,1.7081801129529395,1.4939258145892413
dose_5,dad_reduced,dad,6Oclock,320_480nm,ridge,reduced,2.0926354579520665,1.9902844632458778,-1.4913219171456547
dose_6,dad_reduced,dad,6Oclock,320_480nm,ridge,reduced,1.9128785623277489,1.6137471193553918,0.7118898201941519
dose_1,latent_total,latent,6Oclock,320_480nm,ridge,total,0.2810129500194107,0.6915134344647593,0.8391536698010307
dose_2,latent_total,latent,6Oclock,320_480nm,ridge,total,0.6936283724299851,0.6937239775941156,0.7043620166236939
dose_3,latent_total,latent,6Oclock,320_480nm,ridge,total,0.7483282619584828,0.7890974470512816,0.8475243285816678
dose_4,latent_total,latent,6Oclock,320_480nm,ridge,total,0.9575543551063278,0.7581133637954676,0.6234874761144298
dose_5,latent_total,latent,6Oclock,320_480nm,ridge,total,0.7703884531900113,0.7065441961928383,-1.4652038474006446
dose_6,latent_total,latent,6Oclock,320_480nm,ridge,total,0.8259586664709339,0.6378786400766895,0.07083245146937323
dose_1,chrom_total,chrom,6Oclock,360_410nm,ridge,total,0.27379686988609,0.5923027582139184,0.7752094628046526
dose_2,chrom_total,chrom,6Oclock,360_410nm,ridge,total,0.6702106062314132,0.6453810973673626,0.6375740907733913
dose_3,chrom_total,chrom,6Oclock,360_410nm,ridge,total,0.746940679793033,0.8653233236176874,1.0489160577025274
dose_4,chrom_total,chrom,6Oclock,360_410nm,ridge,total,0.9855803035928415,0.7767155860543227,0.6926129045865181
dose_5,chrom_total,chrom,6Oclock,360_410nm,ridge,total,0.8071596303191209,0.6315445286614718,0.5685848756212266
dose_6,chrom_total,chrom,6Oclock,360_410nm,ridge,total,0.8313635728597397,0.8037843687675021,0.43612109106414865
dose_1,chrom_oxidized,chrom,6Oclock,360_410nm,ridge,oxidized,0.0901073162314349,0.2055593897590242,0.27185944599162326
dose_2,chrom_oxidized,chrom,6Oclock,360_410nm,ridge,oxidized,0.268739936889168,0.27771956406217413,0.28054297909139336
dose_3,chrom_oxidized,chrom,6Oclock,360_410nm,ridge,oxidized,0.5445087237422649,0.5768054161015996,0.6268924716093309
dose_4,chrom_oxidized,chrom,6Oclock,360_410nm,ridge,oxidized,0.6112001910362025,0.4563158272430812,0.3939491888469817
dose_5,chrom_oxidized,chrom,6Oclock,360_410nm,ridge,oxidized,0.2336118541425206,0.25890753495652064,0.267976272622505
dose_6,chrom_oxidized,chrom,6Oclock,360_410nm,ridge,oxidized,0.3933184159564671,0.3661787058757042,0.004374401050924792
dose_1,chrom_reduced,chrom,6Oclock,360_410nm,ridge,reduced,0.7400488048032302,1.2841880034003346,1.5966679646899564
dose_2,chrom_reduced,chrom,6Oclock,360_410nm,ridge,reduced,1.3406081155789291,1.2998313277834974,1.287010105547708
dose_3,chrom_reduced,chrom,6Oclock,360_410nm,ridge,reduced,1.1817486605532,1.3645459589720375,1.6480356219445795
dose_4,chrom_reduced,chrom,6Oclock,360_410nm,ridge,reduced,1.5181381816827064,1.338469997491341,1.266123761884666
dose_5,chrom_reduced,chrom,6Oclock,360_410nm,ridge,reduced,1.789889368479746,1.2957550078445585,1.1186032275793636
dose_6,chrom_reduced,chrom,6Oclock,360_410nm,ridge,reduced,1.4107514239960537,1.398394259602103,1.2336587020049081
dose_1,dad_total,dad,6Oclock,360_410nm,ridge,total,0.5202563375770172,1.12733823226408,1.4759639652351275
dose_2,dad_total,dad,6Oclock,360_410nm,ridge,total,1.4054024203995992,1.2353653313967499,1.1819015000285447
dose_3,dad_total,dad,6Oclock,360_410nm,ridge,total,1.492350762046004,1.6829960623480105,1.9786567334751481
dose_4,dad_total,dad,6Oclock,360_410nm,ridge,total,1.8439993034629107,1.502658263002857,1.3652118951528678
dose_5,dad_total,dad,6Oclock,360_410nm,ridge,total,1.4396078592597448,1.2072042333224715,1.1238853642935709
dose_6,dad_total,dad,6Oclock,360_410nm,ridge,total,1.5849377565495193,1.530992316960635,0.8118360617588718
dose_1,dad_oxidized,dad,6Oclock,360_410nm,ridge,oxidized,-0.114204631160007,0.22677642690835853,0.4225898292459078
dose_2,dad_oxidized,dad,6Oclock,360_410nm,ridge,oxidized,0.3770185585136998,0.3526153890419863,0.34494243400780533
dose_3,dad_oxidized,dad,6Oclock,360_410nm,ridge,oxidized,0.7930144626982226,0.874150497948122,0.9999796403261598
dose_4,dad_oxidized,dad,6Oclock,360_410nm,ridge,oxidized,0.9507189731815124,0.6640432102746416,0.5486086808988944
dose_5,dad_oxidized,dad,6Oclock,360_410nm,ridge,oxidized,0.3675817747447733,0.319809801283526,0.3026831029163475
dose_6,dad_oxidized,dad,6Oclock,360_410nm,ridge,oxidized,0.7654051137655965,0.7021389262872049,-0.14127387773095412
dose_1,dad_reduced,dad,6Oclock,360_410nm,ridge,reduced,1.0497396879306968,1.6822883231467571,2.0455387075248126
dose_2,dad_reduced,dad,6Oclock,360_410nm,ridge,reduced,1.9411383648794909,1.7237349892290652,1.6553780355647234
dose_3,dad_reduced,dad,6Oclock,360_410nm,ridge,reduced,1.7065991751503304,1.8953704690495456,2.188124853001135
dose_4,dad_reduced,dad,6Oclock,360_410nm,ridge,reduced,2.0255862997890524,1.8262179403730983,1.7459391176770893
dose_5,dad_reduced,dad,6Oclock,360_410nm,ridge,reduced,2.0926354579520665,1.712931697524695,1.5768043554650433
dose_6,dad_reduced,dad,6Oclock,360_410nm,ridge,reduced,1.9128785623277489,1.8880341287062805,1.5568285628213512
dose_1,latent_total,latent,6Oclock,360_410nm,ridge,total,0.2810129500194107,0.5879805263939275,0.7642611851460082
dose_2,latent_total,latent,6Oclock,360_410nm,ridge,total,0.6936283724299851,0.6399542232363586,0.6230777542362205
dose_3,latent_total,latent,6Oclock,360_410nm,ridge,total,0.7483282619584828,0.8553171392109746,1.0212399456029289
dose_4,latent_total,latent,6Oclock,360_410nm,ridge,total,0.9575543551063278,0.7685538766825175,0.6924498452239547
dose_5,latent_total,latent,6Oclock,360_410nm,ridge,total,0.7703884531900113,0.6264055453054382,0.5747863289702337
dose_6,latent_total,latent,6Oclock,360_410nm,ridge,total,0.8259586664709339,0.7986597483459548,0.43473301275172993
dose_1,chrom_total,chrom,6Oclock,peak_band_auto,ridge,total,0.27379686988609,0.3508382393890557,0.9869991513627099
dose_2,chrom_total,chrom,6Oclock,peak_band_auto,ridge,total,0.6702106062314132,0.889604342473568,1.0607794882071246
dose_3,chrom_total,chrom,6Oclock,peak_band_auto,ridge,total,0.746940679793033,0.7739031136672239,0.8119435494687508
dose_4,chrom_total,chrom,6Oclock,peak_band_auto,ridge,total,0.9855803035928415,0.8667614645698549,0.7626841393234525
dose_5,chrom_total,chrom,6Oclock,peak_band_auto,ridge,total,0.8071596303191209,0.7341057650122167,0.7171136560563482
dose_6,chrom_total,chrom,6Oclock,peak_band_auto,ridge,total,0.8313635728597397,0.6998387375703103,0.5398472073624987
dose_1,chrom_oxidized,chrom,6Oclock,peak_band_auto,ridge,oxidized,0.0901073162314349,0.13703668993859708,0.5245510003476639
dose_2,chrom_oxidized,chrom,6Oclock,peak_band_auto,ridge,oxidized,0.268739936889168,0.4046217329553805,0.5106392822370722
dose_3,chrom_oxidized,chrom,6Oclock,peak_band_auto,ridge,oxidized,0.5445087237422649,0.5091604128118234,0.45928861120889053
dose_4,chrom_oxidized,chrom,6Oclock,peak_band_auto,ridge,oxidized,0.6112001910362025,0.5259376580247022,0.4512534038056968
dose_5,chrom_oxidized,chrom,6Oclock,peak_band_auto,ridge,oxidized,0.2336118541425206,0.34134812206600884,0.366407253369335
dose_6,chrom_oxidized,chrom,6Oclock,peak_band_auto,ridge,oxidized,0.3933184159564671,0.22338182220155645,0.016664850358282024
dose_1,chrom_reduced,chrom,6Oclock,peak_band_auto,ridge,reduced,0.7400488048032302,0.8443925295140318,1.7059997348235392
dose_2,chrom_reduced,chrom,6Oclock,peak_band_auto,ridge,reduced,1.3406081155789291,1.6111198586759876,1.8221782409276912
dose_3,chrom_reduced,chrom,6Oclock,peak_band_auto,ridge,reduced,1.1817486605532,1.2891401951664108,1.4406554774125109
dose_4,chrom_reduced,chrom,6Oclock,peak_band_auto,ridge,reduced,1.5181381816827064,1.4347186922234414,1.3616488204109887
dose_5,chrom_reduced,chrom,6Oclock,peak_band_auto,ridge,reduced,1.789889368479746,1.3762808601634546,1.2800767673531936
dose_6,chrom_reduced,chrom,6Oclock,peak_band_auto,ridge,reduced,1.4107514239960537,1.4255324193505317,1.4435125526055899
dose_1,dad_total,dad,6Oclock,peak_band_auto,ridge,total,0.5202563375770172,0.6372443143253292,1.6032600855705326
dose_2,dad_total,dad,6Oclock,peak_band_auto,ridge,total,1.4054024203995992,1.7278679859422184,1.9794617238549677
dose_3,dad_total,dad,6Oclock,peak_band_auto,ridge,total,1.492350762046004,1.497914046279618,1.5057631061067696
dose_4,dad_total,dad,6Oclock,peak_band_auto,ridge,total,1.8439993034629107,1.6686438221509903,1.5150441942438189
dose_5,dad_total,dad,6Oclock,peak_band_auto,ridge,total,1.4396078592597448,1.4134548638818316,1.4073717559562624
dose_6,dad_total,dad,6Oclock,peak_band_auto,ridge,total,1.5849377565495193,1.3414294067147523,1.0452171102101033
dose_1,dad_oxidized,dad,6Oclock,peak_band_auto,ridge,oxidized,-0.114204631160007,0.011796768160301951,1.0522399173234263
dose_2,dad_oxidized,dad,6Oclock,peak_band_auto,ridge,oxidized,0.3770185585136998,0.7154871849648856,0.979566813907141
dose_3,dad_oxidized,dad,6Oclock,peak_band_auto,ridge,oxidized,0.7930144626982226,0.7010937061789164,0.5714056500433315
dose_4,dad_oxidized,dad,6Oclock,peak_band_auto,ridge,oxidized,0.9507189731815124,0.7927684994996369,0.6544144896692661
dose_5,dad_oxidized,dad,6Oclock,peak_band_auto,ridge,oxidized,0.3675817747447733,0.5241657309239969,0.5605866873344496
dose_6,dad_oxidized,dad,6Oclock,peak_band_auto,ridge,oxidized,0.7654051137655965,0.3942223620160519,-0.05729765934441389
dose_1,dad_reduced,dad,6Oclock,peak_band_auto,ridge,reduced,1.0497396879306968,1.133420003119646,1.8244013027548291
dose_2,dad_reduced,dad,6Oclock,peak_band_auto,ridge,reduced,1.9411383648794909,2.1525642141854817,2.317522663714197
dose_3,dad_reduced,dad,6Oclock,peak_band_auto,ridge,reduced,1.7065991751503304,1.770937944155314,1.86171145605352
dose_4,dad_reduced,dad,6Oclock,peak_band_auto,ridge,reduced,2.0255862997890524,1.9462798939720685,1.87681280727001
dose_5,dad_reduced,dad,6Oclock,peak_band_auto,ridge,reduced,2.0926354579520665,1.8443953318124144,1.786655426432695
dose_6,dad_reduced,dad,6Oclock,peak_band_auto,ridge,reduced,1.9128785623277489,1.8809801607844392,1.8421778002810996
dose_1,latent_total,latent,6Oclock,peak_band_auto,ridge,total,0.2810129500194107,0.3485811033964339,0.9065179410982367
dose_2,latent_total,latent,6Oclock,peak_band_auto,ridge,total,0.6936283724299851,0.8840357317667014,1.0325951575800971
dose_3,latent_total,latent,6Oclock,peak_band_auto,ridge,total,0.7483282619584828,0.7633479164452197,0.784538666689869
dose_4,latent_total,latent,6Oclock,peak_band_auto,ridge,total,0.9575543551063278,0.8534112094384696,0.7621888062153728
dose_5,latent_total,latent,6Oclock,peak_band_auto,ridge,total,0.7703884531900113,0.7290006990517099,0.7193740321420279
dose_6,latent_total,latent,6Oclock,peak_band_auto,ridge,total,0.8259586664709339,0.6984943990766652,0.5434422893944344
dose_1,chrom_total,chrom,Delta,320_480nm,ridge,total,0.27379686988609,0.30039993789046077,1.6342582835230088
dose_2,chrom_total,chrom,Delta,320_480nm,ridge,total,0.6702106062314132,0.6989545907590617,0.9463404446113713
dose_3,chrom_total,chrom,Delta,320_480nm,ridge,total,0.746940679793033,0.8603209124407727,0.9007931469471636
dose_4,chrom_total,chrom,Delta,320_480nm,ridge,total,0.9855803035928415,0.903280630330374,0.5837216874725982
dose_5,chrom_total,chrom,Delta,320_480nm,ridge,total,0.8071596303191209,0.8586638801576814,0.9628804139840446
dose_6,chrom_total,chrom,Delta,320_480nm,ridge,total,0.8313635728597397,0.6934317111038877,0.6058990055566754
dose_1,chrom_oxidized,chrom,Delta,320_480nm,ridge,oxidized,0.0901073162314349,0.1132479435508209,1.2735020491323308
dose_2,chrom_oxidized,chrom,Delta,320_480nm,ridge,oxidized,0.268739936889168,0.3356421701986465,0.9114379891802533
dose_3,chrom_oxidized,chrom,Delta,320_480nm,ridge,oxidized,0.5445087237422649,0.4754935111879477,0.4508578246861844
dose_4,chrom_oxidized,chrom,Delta,320_480nm,ridge,oxidized,0.6112001910362025,0.6120355167366598,0.615278977946141
dose_5,chrom_oxidized,chrom,Delta,320_480nm,ridge,oxidized,0.2336118541425206,0.35482141002787904,0.60008349656637
dose_6,chrom_oxidized,chrom,Delta,320_480nm,ridge,oxidized,0.3933184159564671,0.2502458862961031,0.1594508701828361
dose_1,chrom_reduced,chrom,Delta,320_480nm,ridge,reduced,0.7400488048032302,0.7444706808604256,0.9661803077829553
dose_2,chrom_reduced,chrom,Delta,320_480nm,ridge,reduced,1.3406081155789291,1.2761443636703844,0.7213353985778913
dose_3,chrom_reduced,chrom,Delta,320_480nm,ridge,reduced,1.1817486605532,1.480305126481011,1.5868779127617643
dose_4,chrom_reduced,chrom,Delta,320_480nm,ridge,reduced,1.5181381816827064,1.3835849933235496,0.8611324376120955
dose_5,chrom_reduced,chrom,Delta,320_480nm,ridge,reduced,1.789889368479746,1.6701440999695427,1.4278449330977319
dose_6,chrom_reduced,chrom,Delta,320_480nm,ridge,reduced,1.4107514239960537,1.4265352907889517,1.4365518638040018
dose_1,dad_total,dad,Delta,320_480nm,ridge,total,0.5202563375770172,0.5690941525532721,3.0177864266110155
dose_2,dad_total,dad,Delta,320_480nm,ridge,total,1.4054024203995992,1.4725906925703791,2.0508483124853183
dose_3,dad_total,dad,Delta,320_480nm,ridge,total,1.492350762046004,1.6401967635669998,1.692971907034738
dose_4,dad_total,dad,Delta,320_480nm,ridge,total,1.8439993034629107,1.7189903521322187,1.2335968292734178
dose_5,dad_total,dad,Delta,320_480nm,ridge,total,1.4396078592597448,1.5623022620488864,1.810568869535848
dose_6,dad_total,dad,Delta,320_480nm,ridge,total,1.5849377565495193,1.3233802164230375,1.1573936281750723
dose_1,dad_oxidized,dad,Delta,320_480nm,ridge,oxidized,-0.114204631160007,-0.053697700071707155,2.980075509374716
dose_2,dad_oxidized,dad,Delta,320_480nm,ridge,oxidized,0.3770185585136998,0.5187557933360563,1.7386210081070514
dose_3,dad_oxidized,dad,Delta,320_480nm,ridge,oxidized,0.7930144626982226,0.7446534041204553,0.7273904292788197
dose_4,dad_oxidized,dad,Delta,320_480nm,ridge,oxidized,0.9507189731815124,0.8958656772949896,0.6828774532729895
dose_5,dad_oxidized,dad,Delta,320_480nm,ridge,oxidized,0.3675817747447733,0.6245672585908628,1.1445658306325635
dose_6,dad_oxidized,dad,Delta,320_480nm,ridge,oxidized,0.7654051137655965,0.40938981847314215,0.18345955394659685
dose_1,dad_reduced,dad,Delta,320_480nm,ridge,reduced,1.0497396879306968,1.0661692886534109,1.8899374358386232
dose_2,dad_reduced,dad,Delta,320_480nm,ridge,reduced,1.9411383648794909,1.9106383054736362,1.6481387472997924
dose_3,dad_reduced,dad,Delta,320_480nm,ridge,reduced,1.7065991751503304,1.9679098276739033,2.061187339643826
dose_4,dad_reduced,dad,Delta,320_480nm,ridge,reduced,2.0255862997890524,1.8921297661227203,1.373935378158766
dose_5,dad_reduced,dad,Delta,320_480nm,ridge,reduced,2.0926354579520665,2.0376096628112643,1.926267440400706
dose_6,dad_reduced,dad,Delta,320_480nm,ridge,reduced,1.9128785623277489,1.8541206972944495,1.816832467924755
dose_1,latent_total,latent,Delta,320_480nm,ridge,total,0.2810129500194107,0.3071977447600696,1.620084175293748
dose_2,latent_total,latent,Delta,320_480nm,ridge,total,0.6936283724299851,0.7254493176200787,0.9993171138077257
dose_3,latent_total,latent,Delta,320_480nm,ridge,total,0.7483282619584828,0.8450926083997536,0.8796336322587902
dose_4,latent_total,latent,Delta,320_480nm,ridge,total,0.9575543551063278,0.8829649881444441,0.5933441632991877
dose_5,latent_total,latent,Delta,320_480nm,ridge,total,0.7703884531900113,0.8280320268796931,0.944671206483966
dose_6,latent_total,latent,Delta,320_480nm,ridge,total,0.8259586664709339,0.6881343733711128,0.6006699317868069
dose_1,chrom_total,chrom,Delta,360_410nm,ridge,total,0.27379686988609,0.6022074801567303,0.7516591835295441
dose_2,chrom_total,chrom,Delta,360_410nm,ridge,total,0.6702106062314132,0.5668551254291647,0.24428332047226498
dose_3,chrom_total,chrom,Delta,360_410nm,ridge,total,0.746940679793033,0.5614952955464578,0.34046882440231263
dose_4,chrom_total,chrom,Delta,360_410nm,ridge,total,0.9855803035928415,0.9412206650494745,-0.19644247449235408
dose_5,chrom_total,chrom,Delta,360_410nm,ridge,total,0.8071596303191209,0.7910916036395026,0.7585131773140941
dose_6,chrom_total,chrom,Delta,360_410nm,ridge,total,0.8313635728597397,0.8521814928609053,0.8831878230435128
dose_1,chrom_oxidized,chrom,Delta,360_410nm,ridge,oxidized,0.0901073162314349,0.34004456275407646,0.45378494159974503
dose_2,chrom_oxidized,chrom,Delta,360_410nm,ridge,oxidized,0.268739936889168,0.2509952657537582,0.19561425884357675
dose_3,chrom_oxidized,chrom,Delta,360_410nm,ridge,oxidized,0.5445087237422649,0.33048617857573603,0.07539949580045402
dose_4,chrom_oxidized,chrom,Delta,360_410nm,ridge,oxidized,0.6112001910362025,0.5999477188610256,0.3113627970089676
dose_5,chrom_oxidized,chrom,Delta,360_410nm,ridge,oxidized,0.2336118541425206,0.3027910295887808,0.4430539701145366
dose_6,chrom_oxidized,chrom,Delta,360_410nm,ridge,oxidized,0.3933184159564671,0.31722168246468163,0.2038827684746316
dose_1,chrom_reduced,chrom,Delta,360_410nm,ridge,reduced,0.7400488048032302,1.1287905774960678,1.3056975295986044
dose_2,chrom_reduced,chrom,Delta,360_410nm,ridge,reduced,1.3406081155789291,1.1098582779346022,0.38968948722617536
dose_3,chrom_reduced,chrom,Delta,360_410nm,ridge,reduced,1.1817486605532,1.090397283141244,0.9815184740754249
dose_4,chrom_reduced,chrom,Delta,360_410nm,ridge,reduced,1.5181381816827064,1.4260872008551413,-0.9346851427660354
dose_5,chrom_reduced,chrom,Delta,360_410nm,ridge,reduced,1.789889368479746,1.598068992213305,1.2091471836730214
dose_6,chrom_reduced,chrom,Delta,360_410nm,ridge,reduced,1.4107514239960537,1.6279822234535062,1.9515270297276999
dose_1,dad_total,dad,Delta,360_410nm,ridge,total,0.5202563375770172,1.1935881130941004,1.500005072957675
dose_2,dad_total,dad,Delta,360_410nm,ridge,total,1.4054024203995992,1.2036057040188854,0.573799422513158
dose_3,dad_total,dad,Delta,360_410nm,ridge,total,1.492350762046004,1.1003515175468443,0.6331400522691975
dose_4,dad_total,dad,Delta,360_410nm,ridge,total,1.8439993034629107,1.7567431515163712,-0.4810592974556869
dose_5,dad_total,dad,Delta,360_410nm,ridge,total,1.4396078592597448,1.4319110938226105,1.4163056613238325
dose_6,dad_total,dad,Delta,360_410nm,ridge,total,1.5849377565495193,1.6003548592959804,1.6233171810932192
dose_1,dad_oxidized,dad,Delta,360_410nm,ridge,oxidized,-0.114204631160007,0.41001614360681193,0.648576303608202
dose_2,dad_oxidized,dad,Delta,360_410nm,ridge,oxidized,0.3770185585136998,0.3296258710310087,0.18171359173642898
dose_3,dad_oxidized,dad,Delta,360_410nm,ridge,oxidized,0.7930144626982226,0.35721156454486325,-0.16220808606855552
dose_4,dad_oxidized,dad,Delta,360_410nm,ridge,oxidized,0.9507189731815124,0.923123872515415,0.2154100612522547
dose_5,dad_oxidized,dad,Delta,360_410nm,ridge,oxidized,0.3675817747447733,0.5148750726998035,0.8135168381969553
dose_6,dad_oxidized,dad,Delta,360_410nm,ridge,oxidized,0.7654051137655965,0.6046817273458958,0.36529938813446794
dose_1,dad_reduced,dad,Delta,360_410nm,ridge,reduced,1.0497396879306968,1.5914933201868595,1.8380322583849003
dose_2,dad_reduced,dad,Delta,360_410nm,ridge,reduced,1.9411383648794909,1.680424645495308,0.8667387685006462
dose_3,dad_reduced,dad,Delta,360_410nm,ridge,reduced,1.7065991751503304,1.507982247345491,1.271257031236456
dose_4,dad_reduced,dad,Delta,360_410nm,ridge,reduced,2.0255862997890524,1.9193595043802285,-0.804970844933802
dose_5,dad_reduced,dad,Delta,360_410nm,ridge,reduced,2.0926354579520665,1.9420852803961763,1.636840089709189
dose_6,dad_reduced,dad,Delta,360_410nm,ridge,reduced,1.9128785623277489,2.0872325502253224,2.3469163859352875
dose_1,latent_total,latent,Delta,360_410nm,ridge,total,0.2810129500194107,0.6059961160728133,0.7538880727125401
dose_2,latent_total,latent,Delta,360_410nm,ridge,total,0.6936283724299851,0.5944476504743619,0.28490524159751063
dose_3,latent_total,latent,Delta,360_410nm,ridge,total,0.7483282619584828,0.5612651892469327,0.3383106465345693
dose_4,latent_total,latent,Delta,360_410nm,ridge,total,0.9575543551063278,0.9147668274639285,-0.18257739420520736
dose_5,latent_total,latent,Delta,360_410nm,ridge,total,0.7703884531900113,0.7627308482184214,0.7472048147875476
dose_6,latent_total,latent,Delta,360_410nm,ridge,total,0.8259586664709339,0.8376644276986938,0.8550990560211369
dose_1,chrom_total,chrom,Delta,peak_band_auto,ridge,total,0.27379686988609,0.5949807585026186,0.9688648435581955
dose_2,chrom_total,chrom,Delta,peak_band_auto,ridge,total,0.6702106062314132,0.6191296845028305,0.23864400447420397
dose_3,chrom_total,chrom,Delta,peak_band_auto,ridge,total,0.746940679793033,0.7969677639088459,0.8279843918317908
dose_4,chrom_total,chrom,Delta,peak_band_auto,ridge,total,0.9855803035928415,0.6823970332750378,0.34859761853448035
dose_5,chrom_total,chrom,Delta,peak_band_auto,ridge,total,0.8071596303191209,0.8994978916057406,1.0788241780153527
dose_6,chrom_total,chrom,Delta,peak_band_auto,ridge,total,0.8313635728597397,0.7220785308871633,0.6188992985288522
dose_1,chrom_oxidized,chrom,Delta,peak_band_auto,ridge,oxidized,0.0901073162314349,0.31526026311563093,0.5773565466683337
dose_2,chrom_oxidized,chrom,Delta,peak_band_auto,ridge,oxidized,0.268739936889168,0.31126505071982,0.6280212153809224
dose_3,chrom_oxidized,chrom,Delta,peak_band_auto,ridge,oxidized,0.5445087237422649,0.38318708984004335,0.28316820640783913
dose_4,chrom_oxidized,chrom,Delta,peak_band_auto,ridge,oxidized,0.6112001910362025,0.34591500846136647,0.05384071758729547
dose_5,chrom_oxidized,chrom,Delta,peak_band_auto,ridge,oxidized,0.2336118541425206,0.42289724044648125,0.7905004953152641
dose_6,chrom_oxidized,chrom,Delta,peak_band_auto,ridge,oxidized,0.3933184159564671,0.3629617854147229,0.33430119490977184
dose_1,chrom_reduced,chrom,Delta,peak_band_auto,ridge,reduced,0.7400488048032302,1.0702413859715918,1.454612319500967
dose_2,chrom_reduced,chrom,Delta,peak_band_auto,ridge,reduced,1.3406081155789291,1.174206867658448,-0.0652635614199708
dose_3,chrom_reduced,chrom,Delta,peak_band_auto,ridge,reduced,1.1817486605532,1.4884520351686135,1.6786071205839903
dose_4,chrom_reduced,chrom,Delta,peak_band_auto,ridge,reduced,1.5181381816827064,1.2583660331035986,0.9723614950882062
dose_5,chrom_reduced,chrom,Delta,peak_band_auto,ridge,reduced,1.789889368479746,1.6906835900781019,1.4980201850708141
dose_6,chrom_reduced,chrom,Delta,peak_band_auto,ridge,reduced,1.4107514239960537,1.2992346431135076,1.193948360212147
dose_1,dad_total,dad,Delta,peak_band_auto,ridge,total,0.5202563375770172,1.1336548974082845,1.847700549899804
dose_2,dad_total,dad,Delta,peak_band_auto,ridge,total,1.4054024203995992,1.3256990566157718,0.7320138304365598
dose_3,dad_total,dad,Delta,peak_band_auto,ridge,total,1.492350762046004,1.5478940589208676,1.5823307206459063
dose_4,dad_total,dad,Delta,peak_band_auto,ridge,total,1.8439993034629107,1.2571080319863484,0.6109511291666436
dose_5,dad_total,dad,Delta,peak_band_auto,ridge,total,1.4396078592597448,1.6469469790606048,2.049611636845995
dose_6,dad_total,dad,Delta,peak_band_auto,ridge,total,1.5849377565495193,1.3752514153029267,1.1772803541638694
dose_1,dad_oxidized,dad,Delta,peak_band_auto,ridge,oxidized,-0.114204631160007,0.3806073797281737,0.9566086753176997
dose_2,dad_oxidized,dad,Delta,peak_band_auto,ridge,oxidized,0.3770185585136998,0.40807050211589857,0.6393666392619717
dose_3,dad_oxidized,dad,Delta,peak_band_auto,ridge,oxidized,0.7930144626982226,0.6287395871259962,0.5268897035531939
dose_4,dad_oxidized,dad,Delta,peak_band_auto,ridge,oxidized,0.9507189731815124,0.4373273354715499,-0.12790777140311604
dose_5,dad_oxidized,dad,Delta,peak_band_auto,ridge,oxidized,0.3675817747447733,0.6987122589745782,1.3417869630828108
dose_6,dad_oxidized,dad,Delta,peak_band_auto,ridge,oxidized,0.7654051137655965,0.5860771883275975,0.4167684032121741
dose_1,dad_reduced,dad,Delta,peak_band_auto,ridge,reduced,1.0497396879306968,1.4999648196410789,2.0240633731629494
dose_2,dad_reduced,dad,Delta,peak_band_auto,ridge,reduced,1.9411383648794909,1.7820953978907568,0.59743448339147
dose_3,dad_reduced,dad,Delta,peak_band_auto,ridge,reduced,1.7065991751503304,1.9786966981670986,2.14739626919544
dose_4,dad_reduced,dad,Delta,peak_band_auto,ridge,reduced,2.0255862997890524,1.6457046340572816,1.2274616434110126
dose_5,dad_reduced,dad,Delta,peak_band_auto,ridge,reduced,2.0926354579520665,2.0763732053428967,2.0447909627385883
dose_6,dad_reduced,dad,Delta,peak_band_auto,ridge,reduced,1.9128785623277489,1.745742792930237,1.5879449820446894
dose_1,latent_total,latent,Delta,peak_band_auto,ridge,total,0.2810129500194107,0.5920467488420673,0.954115306499435
dose_2,latent_total,latent,Delta,peak_band_auto,ridge,total,0.6936283724299851,0.6473944487258798,0.30301252871238304
dose_3,latent_total,latent,Delta,peak_band_auto,ridge,total,0.7483282619584828,0.7916412999812632,0.8184952413673869
dose_4,latent_total,latent,Delta,peak_band_auto,ridge,total,0.9575543551063278,0.6642655535304147,0.3413597737576133
dose_5,latent_total,latent,Delta,peak_band_auto,ridge,total,0.7703884531900113,0.866352733095006,1.0527209590459918
dose_6,latent_total,latent,Delta,peak_band_auto,ridge,total,0.8259586664709339,0.7151702750005207,0.6105716860276615
dose_1,chrom_total,chrom,Sigma,320_480nm,ridge,total,0.27379686988609,0.5953155611934733,0.7574199848000838
dose_2,chrom_total,chrom,Sigma,320_480nm,ridge,total,0.6702106062314132,0.6552746358142585,-0.45378640288742966
dose_3,chrom_total,chrom,Sigma,320_480nm,ridge,total,0.746940679793033,0.610613612235845,0.22263685407642697
dose_4,chrom_total,chrom,Sigma,320_480nm,ridge,total,0.9855803035928415,1.0147698394273377,1.2828662372014321
dose_5,chrom_total,chrom,Sigma,320_480nm,ridge,total,0.8071596303191209,0.7191599250936065,0.6753884932377119
dose_6,chrom_total,chrom,Sigma,320_480nm,ridge,total,0.8313635728597397,0.7199180889177654,0.5912519211347131
dose_1,chrom_oxidized,chrom,Sigma,320_480nm,ridge,oxidized,0.0901073162314349,0.2822388645211227,0.37910842369177256
dose_2,chrom_oxidized,chrom,Sigma,320_480nm,ridge,oxidized,0.268739936889168,0.2622886877003445,-0.2167447414283461
dose_3,chrom_oxidized,chrom,Sigma,320_480nm,ridge,oxidized,0.5445087237422649,0.4398936817563346,0.14216700449439656
dose_4,chrom_oxidized,chrom,Sigma,320_480nm,ridge,oxidized,0.6112001910362025,0.6289488264546641,0.7919642730905494
dose_5,chrom_oxidized,chrom,Sigma,320_480nm,ridge,oxidized,0.2336118541425206,0.2876193206246853,0.31448286673279213
dose_6,chrom_oxidized,chrom,Sigma,320_480nm,ridge,oxidized,0.3933184159564671,0.24049705694090306,0.06406156647156891
dose_1,chrom_reduced,chrom,Sigma,320_480nm,ridge,reduced,0.7400488048032302,1.183383919126257,1.4069061749544183
dose_2,chrom_reduced,chrom,Sigma,320_480nm,ridge,reduced,1.3406081155789291,1.3199801448417645,-0.21173677833235383
dose_3,chrom_reduced,chrom,Sigma,320_480nm,ridge,reduced,1.1817486605532,1.0312080042296827,0.602780422987621
dose_4,chrom_reduced,chrom,Sigma,320_480nm,ridge,reduced,1.5181381816827064,1.5722279442034903,2.0690248295883293
dose_5,chrom_reduced,chrom,Sigma,320_480nm,ridge,reduced,1.789889368479746,1.4094528880480368,1.220222146467549
dose_6,chrom_reduced,chrom,Sigma,320_480nm,ridge,reduced,1.4107514239960537,1.4649316546446869,1.527483876596719
dose_1,dad_total,dad,Sigma,320_480nm,ridge,total,0.5202563375770172,1.1403952890062072,1.4530591247187843
dose_2,dad_total,dad,Sigma,320_480nm,ridge,total,1.4054024203995992,1.3778998586563063,-0.6642854725990075
dose_3,dad_total,dad,Sigma,320_480nm,ridge,total,1.492350762046004,1.2160023634013442,0.4295352461225548
dose_4,dad_total,dad,Sigma,320_480nm,ridge,total,1.8439993034629107,1.9008252187432788,2.422752777758859
dose_5,dad_total,dad,Sigma,320_480nm,ridge,total,1.4396078592597448,1.3329054574828234,1.2798312239240772
dose_6,dad_total,dad,Sigma,320_480nm,ridge,total,1.5849377565495193,1.3185262520048013,1.0109485365999262
dose_1,dad_oxidized,dad,Sigma,320_480nm,ridge,oxidized,-0.114204631160007,0.36981662182718367,0.6138521580184317
dose_2,dad_oxidized,dad,Sigma,320_480nm,ridge,oxidized,0.3770185585136998,0.36091737928119727,-0.8346655031986878
dose_3,dad_oxidized,dad,Sigma,320_480nm,ridge,oxidized,0.7930144626982226,0.5366815949330359,-0.1928228008392523
dose_4,dad_oxidized,dad,Sigma,320_480nm,ridge,oxidized,0.9507189731815124,0.999396022608309,1.446478897777311
dose_5,dad_oxidized,dad,Sigma,320_480nm,ridge,oxidized,0.3675817747447733,0.4594750573827113,0.5051831713891985
dose_6,dad_oxidized,dad,Sigma,320_480nm,ridge,oxidized,0.7654051137655965,0.4132475757113596,0.006674251476290749
dose_1,dad_reduced,dad,Sigma,320_480nm,ridge,reduced,1.0497396879306968,1.5871100100025899,1.8580432673153808
dose_2,dad_reduced,dad,Sigma,320_480nm,ridge,reduced,1.9411383648794909,1.9159651513671747,0.046744100050468695
dose_3,dad_reduced,dad,Sigma,320_480nm,ridge,reduced,1.7065991751503304,1.499278528599831,0.9092592918534592
dose_4,dad_reduced,dad,Sigma,320_480nm,ridge,reduced,2.0255862997890524,2.0822123261060312,2.6023039699715014
dose_5,dad_reduced,dad,Sigma,320_480nm,ridge,reduced,2.0926354579520665,1.804120516403401,1.6606119436073072
dose_6,dad_reduced,dad,Sigma,320_480nm,ridge,reduced,1.9128785623277489,1.8398910155504495,1.7556253494364427
dose_1,latent_total,latent,Sigma,320_480nm,ridge,total,0.2810129500194107,0.5922752240701286,0.7492085311830223
dose_2,latent_total,latent,Sigma,320_480nm,ridge,total,0.6936283724299851,0.6793578244553089,-0.3802926915549678
dose_3,latent_total,latent,Sigma,320_480nm,ridge,total,0.7483282619584828,0.6130122763955654,0.22791298286132644
dose_4,latent_total,latent,Sigma,320_480nm,ridge,total,0.9575543551063278,0.9854495820811664,1.2416581737299452
dose_5,latent_total,latent,Sigma,320_480nm,ridge,total,0.7703884531900113,0.7040846392803743,0.6711048370765269
dose_6,latent_total,latent,Sigma,320_480nm,ridge,total,0.8259586664709339,0.7026915128926774,0.5603769775392848
dose_1,chrom_total,chrom,Sigma,360_410nm,ridge,total,0.27379686988609,0.6004484480305159,0.813364401753838
dose_2,chrom_total,chrom,Sigma,360_410nm,ridge,total,0.6702106062314132,0.7425710603797953,0.7690725401398346
dose_3,chrom_total,chrom,Sigma,360_410nm,ridge,total,0.746940679793033,0.7675053714185616,0.7835228895568243
dose_4,chrom_total,chrom,Sigma,360_410nm,ridge,total,0.9855803035928415,0.7386754480795332,0.6558136535821113
dose_5,chrom_total,chrom,Sigma,360_410nm,ridge,total,0.8071596303191209,0.6466983588966926,0.3853354272472842
dose_6,chrom_total,chrom,Sigma,360_410nm,ridge,total,0.8313635728597397,0.819152975877131,0.6116374901782224
dose_1,chrom_oxidized,chrom,Sigma,360_410nm,ridge,oxidized,0.0901073162314349,0.2397522269424499,0.33729282070074795
dose_2,chrom_oxidized,chrom,Sigma,360_410nm,ridge,oxidized,0.268739936889168,0.42745347630170727,0.4855811332088926
dose_3,chrom_oxidized,chrom,Sigma,360_410nm,ridge,oxidized,0.5445087237422649,0.4894435040778191,0.44655406178071644
dose_4,chrom_oxidized,chrom,Sigma,360_410nm,ridge,oxidized,0.6112001910362025,0.41776666951240315,0.3528499683965123
dose_5,chrom_oxidized,chrom,Sigma,360_410nm,ridge,oxidized,0.2336118541425206,0.1891153999499906,0.11663857353523355
dose_6,chrom_oxidized,chrom,Sigma,360_410nm,ridge,oxidized,0.3933184159564671,0.37795516121368067,0.11686118895073383
dose_1,chrom_reduced,chrom,Sigma,360_410nm,ridge,reduced,0.7400488048032302,1.2644039730673313,1.6061858232388246
dose_2,chrom_reduced,chrom,Sigma,360_410nm,ridge,reduced,1.3406081155789291,1.2938227583247444,1.2766879681561485
dose_3,chrom_reduced,chrom,Sigma,360_410nm,ridge,reduced,1.1817486605532,1.251879292190336,1.3065029493213327
dose_4,chrom_reduced,chrom,Sigma,360_410nm,ridge,reduced,1.5181381816827064,1.3003786756382947,1.2272981223935853
dose_5,chrom_reduced,chrom,Sigma,360_410nm,ridge,reduced,1.789889368479746,1.455073552677661,0.909718013572224
dose_6,chrom_reduced,chrom,Sigma,360_410nm,ridge,reduced,1.4107514239960537,1.4156263031954945,1.4984734339548424
dose_1,dad_total,dad,Sigma,360_410nm,ridge,total,0.5202563375770172,1.1238541024865825,1.51728735791826
dose_2,dad_total,dad,Sigma,360_410nm,ridge,total,1.4054024203995992,1.4584551638980017,1.4778853378042172
dose_3,dad_total,dad,Sigma,360_410nm,ridge,total,1.492350762046004,1.534219823705648,1.5668309839785195
dose_4,dad_total,dad,Sigma,360_410nm,ridge,total,1.8439993034629107,1.4466153962356927,1.3132525120235528
dose_5,dad_total,dad,Sigma,360_410nm,ridge,total,1.4396078592597448,1.16714414245331,0.723349106049838
dose_6,dad_total,dad,Sigma,360_410nm,ridge,total,1.5849377565495193,1.5562658105155052,1.068994564426741
dose_1,dad_oxidized,dad,Sigma,360_410nm,ridge,oxidized,-0.114204631160007,0.2708038735897844,0.521757667987643
dose_2,dad_oxidized,dad,Sigma,360_410nm,ridge,oxidized,0.3770185585136998,0.6104695280886574,0.6959692145951237
dose_3,dad_oxidized,dad,Sigma,360_410nm,ridge,oxidized,0.7930144626982226,0.7108679539437759,0.6468853171967837
dose_4,dad_oxidized,dad,Sigma,360_410nm,ridge,oxidized,0.9507189731815124,0.5947806563503093,0.4753270003997443
dose_5,dad_oxidized,dad,Sigma,360_410nm,ridge,oxidized,0.3675817747447733,0.22445540005358566,-0.00867206149993649
dose_6,dad_oxidized,dad,Sigma,360_410nm,ridge,oxidized,0.7654051137655965,0.7281568397175562,0.09513343459001877
dose_1,dad_reduced,dad,Sigma,360_410nm,ridge,reduced,1.0497396879306968,1.6372400749235148,2.020180839879931
dose_2,dad_reduced,dad,Sigma,360_410nm,ridge,reduced,1.9411383648794909,1.802434710990319,1.7516355262774717
dose_3,dad_reduced,dad,Sigma,360_410nm,ridge,reduced,1.7065991751503304,1.8099823370518564,1.8905058723023132
dose_4,dad_reduced,dad,Sigma,360_410nm,ridge,reduced,2.0255862997890524,1.8012547677604616,1.7259686286215725
dose_5,dad_reduced,dad,Sigma,360_410nm,ridge,reduced,2.0926354579520665,1.7733995907775792,1.253421022781012
dose_6,dad_reduced,dad,Sigma,360_410nm,ridge,reduced,1.9128785623277489,1.9042660665256648,1.7578992466230003
dose_1,latent_total,latent,Sigma,360_410nm,ridge,total,0.2810129500194107,0.590525140427939,0.7922694074670082
dose_2,latent_total,latent,Sigma,360_410nm,ridge,total,0.6936283724299851,0.741114834764236,0.758506399469546
dose_3,latent_total,latent,Sigma,360_410nm,ridge,total,0.7483282619584828,0.7713090274594236,0.7892083879237752
dose_4,latent_total,latent,Sigma,360_410nm,ridge,total,0.9575543551063278,0.7363968308211923,0.662175895429808
dose_5,latent_total,latent,Sigma,360_410nm,ridge,total,0.7703884531900113,0.6250188427386263,0.38823754826552204
dose_6,latent_total,latent,Sigma,360_410nm,ridge,total,0.8259586664709339,0.8125063829637149,0.5838888018793087
dose_1,chrom_total,chrom,Sigma,peak_band_auto,ridge,total,0.27379686988609,0.3889370625435724,0.714791144481012
dose_2,chrom_total,chrom,Sigma,peak_band_auto,ridge,total,0.6702106062314132,0.5995949328161068,0.5245918745251785
dose_3,chrom_total,chrom,Sigma,peak_band_auto,ridge,total,0.746940679793033,0.8668844233041817,1.039817434009926
dose_4,chrom_total,chrom,Sigma,peak_band_auto,ridge,total,0.9855803035928415,0.8467262314822506,0.7316779475193478
dose_5,chrom_total,chrom,Sigma,peak_band_auto,ridge,total,0.8071596303191209,0.6808277051668767,0.6043816221355929
dose_6,chrom_total,chrom,Sigma,peak_band_auto,ridge,total,0.8313635728597397,0.9320813073692378,1.2707659499777169
dose_1,chrom_oxidized,chrom,Sigma,peak_band_auto,ridge,oxidized,0.0901073162314349,0.09082571281091845,0.09285882091594999
dose_2,chrom_oxidized,chrom,Sigma,peak_band_auto,ridge,oxidized,0.268739936889168,0.2811737317823457,0.29438004415908026
dose_3,chrom_oxidized,chrom,Sigma,peak_band_auto,ridge,oxidized,0.5445087237422649,0.5934897447955976,0.6641098137563972
dose_4,chrom_oxidized,chrom,Sigma,peak_band_auto,ridge,oxidized,0.6112001910362025,0.5376223860764995,0.4766591023243727
dose_5,chrom_oxidized,chrom,Sigma,peak_band_auto,ridge,oxidized,0.2336118541425206,0.24070363509393644,0.24499501967684978
dose_6,chrom_oxidized,chrom,Sigma,peak_band_auto,ridge,oxidized,0.3933184159564671,0.3976712274387424,0.41230847486845335
dose_1,chrom_reduced,chrom,Sigma,peak_band_auto,ridge,reduced,0.7400488048032302,1.0274893093018704,1.8409642526876127
dose_2,chrom_reduced,chrom,Sigma,peak_band_auto,ridge,reduced,1.3406081155789291,1.187215619528878,1.024292775848636
dose_3,chrom_reduced,chrom,Sigma,peak_band_auto,ridge,reduced,1.1817486605532,1.3268558892282734,1.5360692187057623
dose_4,chrom_reduced,chrom,Sigma,peak_band_auto,ridge,reduced,1.5181381816827064,1.3610216167281521,1.2308418466607627
dose_5,chrom_reduced,chrom,Sigma,peak_band_auto,ridge,reduced,1.789889368479746,1.3981929310100085,1.1611692464056418
dose_6,chrom_reduced,chrom,Sigma,peak_band_auto,ridge,reduced,1.4107514239960537,1.6804091892966646,2.5871903466895922
dose_1,dad_total,dad,Sigma,peak_band_auto,ridge,total,0.5202563375770172,0.7349664449254334,1.3426097300089523
dose_2,dad_total,dad,Sigma,peak_band_auto,ridge,total,1.4054024203995992,1.2189468110225032,1.0209066273021534
dose_3,dad_total,dad,Sigma,peak_band_auto,ridge,total,1.492350762046004,1.715611919001823,2.037506358143342
dose_4,dad_total,dad,Sigma,peak_band_auto,ridge,total,1.8439993034629107,1.619940236187471,1.4342948978492274
dose_5,dad_total,dad,Sigma,peak_band_auto,ridge,total,1.4396078592597448,1.2560612776973077,1.144993412645066
dose_6,dad_total,dad,Sigma,peak_band_auto,ridge,total,1.5849377565495193,1.7410277504602583,2.2659133037391754
dose_1,dad_oxidized,dad,Sigma,peak_band_auto,ridge,oxidized,-0.114204631160007,-0.07853646347624021,0.02240672384866116
dose_2,dad_oxidized,dad,Sigma,peak_band_auto,ridge,oxidized,0.3770185585136998,0.3498052315355338,0.32090112778562485
dose_3,dad_oxidized,dad,Sigma,peak_band_auto,ridge,oxidized,0.7930144626982226,0.9032021021973193,1.0620689149490232
dose_4,dad_oxidized,dad,Sigma,peak_band_auto,ridge,oxidized,0.9507189731815124,0.812974834031877,0.6988461909602552
dose_5,dad_oxidized,dad,Sigma,peak_band_auto,ridge,oxidized,0.3675817747447733,0.3662514123894738,0.3654463823831051
dose_6,dad_oxidized,dad,Sigma,peak_band_auto,ridge,oxidized,0.7654051137655965,0.7858371350658189,0.8545441196383763
dose_1,dad_reduced,dad,Sigma,peak_band_auto,ridge,reduced,1.0497396879306968,1.3537007346733319,2.213929865284179
dose_2,dad_reduced,dad,Sigma,peak_band_auto,ridge,reduced,1.9411383648794909,1.6921380924500902,1.4276673164860654
dose_3,dad_reduced,dad,Sigma,peak_band_auto,ridge,reduced,1.7065991751503304,1.9042242540428624,2.189156997372944
dose_4,dad_reduced,dad,Sigma,peak_band_auto,ridge,reduced,2.0255862997890524,1.8560619449934137,1.7156016343011373
dose_5,dad_reduced,dad,Sigma,peak_band_auto,ridge,reduced,2.0926354579520665,1.7744826377931595,1.5819617300460962
dose_6,dad_reduced,dad,Sigma,peak_band_auto,ridge,reduced,1.9128785623277489,2.147969884076577,2.9385140784664543
dose_1,latent_total,latent,Sigma,peak_band_auto,ridge,total,0.2810129500194107,0.38949143180549584,0.696492447491103
dose_2,latent_total,latent,Sigma,peak_band_auto,ridge,total,0.6936283724299851,0.6123441976212547,0.5260097989540284
dose_3,latent_total,latent,Sigma,peak_band_auto,ridge,total,0.7483282619584828,0.8641773806520945,1.0312068254304236
dose_4,latent_total,latent,Sigma,peak_band_auto,ridge,total,0.9575543551063278,0.8322811135919821,0.7284852994421769
dose_5,latent_total,latent,Sigma,peak_band_auto,ridge,total,0.7703884531900113,0.6662648155861373,0.6032574305861358
dose_6,latent_total,latent,Sigma,peak_band_auto,ridge,total,0.8259586664709339,0.9123121199181643,1.2026938353265733
