dose_id,angle,band_label,wavelength_nm,reflectance
dose_1,12Oclock,320_480nm,320.0,0.135025198260943
dose_1,12Oclock,320_480nm,320.5,0.1391737759113311
dose_1,12Oclock,320_480nm,321.0,0.1387820939222971
dose_1,12Oclock,320_480nm,321.5,0.1391329417626063
dose_1,12Oclock,320_480nm,322.0,0.1399058997631072
dose_1,12Oclock,320_480nm,322.5,0.1375850786765416
dose_1,12Oclock,320_480nm,323.0,0.1402151733636855
dose_1,12Oclock,320_480nm,323.5,0.1437724381685256
dose_1,12Oclock,320_480nm,324.0,0.1396209200223286
dose_1,12Oclock,320_480nm,324.5,0.140401467680931
dose_1,12Oclock,320_480nm,325.0,0.1441017140944798
dose_1,12Oclock,320_480nm,325.5,0.1413376380999882
dose_1,12Oclock,320_480nm,326.0,0.1446908513704935
dose_1,12Oclock,320_480nm,326.5,0.144936720530192
dose_1,12Oclock,320_480nm,327.0,0.1433734794457753
dose_1,12Oclock,320_480nm,327.5,0.1440734813610712
dose_1,12Oclock,320_480nm,328.0,0.1441948463519413
dose_1,12Oclock,320_480nm,328.5,0.145248015721639
dose_1,12Oclock,320_480nm,329.0,0.1447291175524393
dose_1,12Oclock,320_480nm,329.5,0.142554963628451
dose_1,12Oclock,320_480nm,330.0,0.1430371105670928
dose_1,12Oclock,320_480nm,330.5,0.14678322772185
dose_1,12Oclock,320_480nm,331.0,0.1449621568123499
dose_1,12Oclock,320_480nm,331.5,0.1424752573172251
dose_1,12Oclock,320_480nm,332.0,0.1472109605868657
dose_1,12Oclock,320_480nm,332.5,0.1450478235880533
dose_1,12Oclock,320_480nm,333.0,0.1434669196605682
dose_1,12Oclock,320_480nm,333.5,0.1476707061131794
dose_1,12Oclock,320_480nm,334.0,0.14442241191864
dose_1,12Oclock,320_480nm,334.5,0.1457802206277847
dose_1,12Oclock,320_480nm,335.0,0.145755464831988
dose_1,12Oclock,320_480nm,335.5,0.1422947645187377
dose_1,12Oclock,320_480nm,336.0,0.1430373142162958
dose_1,12Oclock,320_480nm,336.5,0.1437438229719797
dose_1,12Oclock,320_480nm,337.0,0.1441913545131683
dose_1,12Oclock,320_480nm,337.5,0.1433489422003427
dose_1,12Oclock,320_480nm,338.0,0.143300046523412
dose_1,12Oclock,320_480nm,338.5,0.1440402170022328
dose_1,12Oclock,320_480nm,339.0,0.1460431963205337
dose_1,12Oclock,320_480nm,339.5,0.1472921123107274
dose_1,12Oclock,320_480nm,340.0,0.1433629244565963
dose_1,12Oclock,320_480nm,340.5,0.1450755943854649
dose_1,12Oclock,320_480nm,341.0,0.1455284108718236
dose_1,12Oclock,320_480nm,341.5,0.1452095061540603
dose_1,12Oclock,320_480nm,342.0,0.14777239660422
dose_1,12Oclock,320_480nm,342.5,0.147671287258466
dose_1,12Oclock,320_480nm,343.0,0.147466202576955
dose_1,12Oclock,320_480nm,343.5,0.1502964248259861
dose_1,12Oclock,320_480nm,344.0,0.1484097937742868
dose_1,12Oclock,320_480nm,344.5,0.1501630345980326
dose_1,12Oclock,320_480nm,345.0,0.1491174648205439
dose_1,12Oclock,320_480nm,345.5,0.1471540331840514
dose_1,12Oclock,320_480nm,346.0,0.1491606881221134
dose_1,12Oclock,320_480nm,346.5,0.150086760520935
dose_1,12Oclock,320_480nm,347.0,0.1506887922684351
dose_1,12Oclock,320_480nm,347.5,0.1519346386194229
dose_1,12Oclock,320_480nm,348.0,0.1508856316407521
dose_1,12Oclock,320_480nm,348.5,0.1524701019128163
dose_1,12Oclock,320_480nm,349.0,0.1512850324312845
dose_1,12Oclock,320_480nm,349.5,0.1515901287396749
dose_1,12Oclock,320_480nm,350.0,0.1515926371018091
dose_1,12Oclock,320_480nm,350.5,0.1516444484392801
dose_1,12Oclock,320_480nm,351.0,0.1530254582564035
dose_1,12Oclock,320_480nm,351.5,0.1533942272265752
dose_1,12Oclock,320_480nm,352.0,0.1551368584235508
dose_1,12Oclock,320_480nm,352.5,0.1540983766317367
dose_1,12Oclock,320_480nm,353.0,0.1529281536738077
dose_1,12Oclock,320_480nm,353.5,0.153263693054517
dose_1,12Oclock,320_480nm,354.0,0.1543592065572737
dose_1,12Oclock,320_480nm,354.5,0.1555030196905135
dose_1,12Oclock,320_480nm,355.0,0.1563598016897837
dose_1,12Oclock,320_480nm,355.5,0.1581854124863942
dose_1,12Oclock,320_480nm,356.0,0.1563680966695149
dose_1,12Oclock,320_480nm,356.5,0.1593333482742308
dose_1,12Oclock,320_480nm,357.0,0.1583501696586608
dose_1,12Oclock,320_480nm,357.5,0.1559184392293294
dose_1,12Oclock,320_480nm,358.0,0.1575990766286849
dose_1,12Oclock,320_480nm,358.5,0.1568037420511245
dose_1,12Oclock,320_480nm,359.0,0.1579176435867945
dose_1,12Oclock,320_480nm,359.5,0.1564588993787765
dose_1,12Oclock,320_480nm,360.0,0.1552320073048273
dose_1,12Oclock,320_480nm,360.5,0.1577645192543665
dose_1,12Oclock,320_480nm,361.0,0.1581111749013264
dose_1,12Oclock,320_480nm,361.5,0.1584625790516535
dose_1,12Oclock,320_480nm,362.0,0.159826248884201
dose_1,12Oclock,320_480nm,362.5,0.159328465660413
dose_1,12Oclock,320_480nm,363.0,0.1607346981763839
dose_1,12Oclock,320_480nm,363.5,0.1596830238898594
dose_1,12Oclock,320_480nm,364.0,0.1593652417262394
dose_1,12Oclock,320_480nm,364.5,0.1600941767295201
dose_1,12Oclock,320_480nm,365.0,0.160860593120257
dose_1,12Oclock,320_480nm,365.5,0.1631649235884348
dose_1,12Oclock,320_480nm,366.0,0.1618281255165735
dose_1,12Oclock,320_480nm,366.5,0.1600402394930521
dose_1,12Oclock,320_480nm,367.0,0.1631035208702087
dose_1,12Oclock,320_480nm,367.5,0.1616225192944208
dose_1,12Oclock,320_480nm,368.0,0.1585056235392888
dose_1,12Oclock,320_480nm,368.5,0.1591277420520782
dose_1,12Oclock,320_480nm,369.0,0.1597339510917663
dose_1,12Oclock,320_480nm,369.5,0.1607828140258788
dose_1,12Oclock,320_480nm,370.0,0.1639437278111775
dose_1,12Oclock,320_480nm,370.5,0.1642871052026748
dose_1,12Oclock,320_480nm,371.0,0.162118524312973
dose_1,12Oclock,320_480nm,371.5,0.1647994766632715
dose_1,12Oclock,320_480nm,372.0,0.1661111960808435
dose_1,12Oclock,320_480nm,372.5,0.1640388170878092
dose_1,12Oclock,320_480nm,373.0,0.1645720402399698
dose_1,12Oclock,320_480nm,373.5,0.165735309322675
dose_1,12Oclock,320_480nm,374.0,0.1645692139863967
dose_1,12Oclock,320_480nm,374.5,0.1642496933539708
dose_1,12Oclock,320_480nm,375.0,0.1618599245945612
dose_1,12Oclock,320_480nm,375.5,0.16170068581899
dose_1,12Oclock,320_480nm,376.0,0.1586372057596842
dose_1,12Oclock,320_480nm,376.5,0.1574091414610544
dose_1,12Oclock,320_480nm,377.0,0.1588653077681859
dose_1,12Oclock,320_480nm,377.5,0.1621071894963581
dose_1,12Oclock,320_480nm,378.0,0.1653536210457483
dose_1,12Oclock,320_480nm,378.5,0.1637044797341028
dose_1,12Oclock,320_480nm,379.0,0.1635768214861551
dose_1,12Oclock,320_480nm,379.5,0.1641625414292017
dose_1,12Oclock,320_480nm,380.0,0.1634285549322763
dose_1,12Oclock,320_480nm,380.5,0.1622515817483265
dose_1,12Oclock,320_480nm,381.0,0.160710871219635
dose_1,12Oclock,320_480nm,381.5,0.1613953659931818
dose_1,12Oclock,320_480nm,382.0,0.1636677285035451
dose_1,12Oclock,320_480nm,382.5,0.1654437084992726
dose_1,12Oclock,320_480nm,383.0,0.1661845346291859
dose_1,12Oclock,320_480nm,383.5,0.1644084403912226
dose_1,12Oclock,320_480nm,384.0,0.1642255435387293
dose_1,12Oclock,320_480nm,384.5,0.1644554833571116
dose_1,12Oclock,320_480nm,385.0,0.1652875940004984
dose_1,12Oclock,320_480nm,385.5,0.1656158069769541
dose_1,12Oclock,320_480nm,386.0,0.1652189046144485
dose_1,12Oclock,320_480nm,386.5,0.1648327410221099
dose_1,12Oclock,320_480nm,387.0,0.1685504019260405
dose_1,12Oclock,320_480nm,387.5,0.1704423328240712
dose_1,12Oclock,320_480nm,388.0,0.1700873225927352
dose_1,12Oclock,320_480nm,388.5,0.1661431044340133
dose_1,12Oclock,320_480nm,389.0,0.165066768725713
dose_1,12Oclock,320_480nm,389.5,0.1666963547468185
dose_1,12Oclock,320_480nm,390.0,0.1695174972216287
dose_1,12Oclock,320_480nm,390.5,0.1673730015754699
dose_1,12Oclock,320_480nm,391.0,0.1698622653881708
dose_1,12Oclock,320_480nm,391.5,0.1685005823771158
dose_1,12Oclock,320_480nm,392.0,0.1661032040913899
dose_1,12Oclock,320_480nm,392.5,0.1673607726891835
dose_1,12Oclock,320_480nm,393.0,0.1678528587023417
dose_1,12Oclock,320_480nm,393.5,0.1674928168455759
dose_1,12Oclock,320_480nm,394.0,0.1658815840880075
dose_1,12Oclock,320_480nm,394.5,0.1660483827193578
dose_1,12Oclock,320_480nm,395.0,0.1667578319708506
dose_1,12Oclock,320_480nm,395.5,0.1695346037546793
dose_1,12Oclock,320_480nm,396.0,0.1717238674561182
dose_1,12Oclock,320_480nm,396.5,0.1703226466973622
dose_1,12Oclock,320_480nm,397.0,0.1716759900252023
dose_1,12Oclock,320_480nm,397.5,0.1702541758616765
dose_1,12Oclock,320_480nm,398.0,0.1700920859972635
dose_1,12Oclock,320_480nm,398.5,0.1682727634906768
dose_1,12Oclock,320_480nm,399.0,0.170939341187477
dose_1,12Oclock,320_480nm,399.5,0.1721249719460804
dose_1,12Oclock,320_480nm,400.0,0.1711938083171843
dose_1,12Oclock,320_480nm,400.5,0.1685151606798171
dose_1,12Oclock,320_480nm,401.0,0.1666170905033747
dose_1,12Oclock,320_480nm,401.5,0.1686651209990183
dose_1,12Oclock,320_480nm,402.0,0.1703244298696517
dose_1,12Oclock,320_480nm,402.5,0.1702512602011362
dose_1,12Oclock,320_480nm,403.0,0.1684746444225311
dose_1,12Oclock,320_480nm,403.5,0.1678985754648844
dose_1,12Oclock,320_480nm,404.0,0.1681263397137323
dose_1,12Oclock,320_480nm,404.5,0.1662068019310633
dose_1,12Oclock,320_480nm,405.0,0.1670656949281692
dose_1,12Oclock,320_480nm,405.5,0.1695424218972523
dose_1,12Oclock,320_480nm,406.0,0.1744363456964492
dose_1,12Oclock,320_480nm,406.5,0.1707800974448521
dose_1,12Oclock,320_480nm,407.0,0.1702939470609028
dose_1,12Oclock,320_480nm,407.5,0.1707850098609924
dose_1,12Oclock,320_480nm,408.0,0.1704564889272053
dose_1,12Oclock,320_480nm,408.5,0.1690735469261805
dose_1,12Oclock,320_480nm,409.0,0.1704039523998896
dose_1,12Oclock,320_480nm,409.5,0.174407402674357
dose_1,12Oclock,320_480nm,410.0,0.1742852528889974
dose_1,12Oclock,320_480nm,410.5,0.1714504112799962
dose_1,12Oclock,320_480nm,411.0,0.1723617712656656
dose_1,12Oclock,320_480nm,411.5,0.1784868538379668
dose_1,12Oclock,320_480nm,412.0,0.1770187964042027
dose_1,12Oclock,320_480nm,412.5,0.1727414180835087
dose_1,12Oclock,320_480nm,413.0,0.1700222839911778
dose_1,12Oclock,320_480nm,413.5,0.1743619243303934
dose_1,12Oclock,320_480nm,414.0,0.1779838452736536
dose_1,12Oclock,320_480nm,414.5,0.1761781771977742
dose_1,12Oclock,320_480nm,415.0,0.1726481864849726
dose_1,12Oclock,320_480nm,415.5,0.1731183528900145
dose_1,12Oclock,320_480nm,416.0,0.1757524460554122
dose_1,12Oclock,320_480nm,416.5,0.1713809867699941
dose_1,12Oclock,320_480nm,417.0,0.171316996216774
dose_1,12Oclock,320_480nm,417.5,0.171674405535062
dose_1,12Oclock,320_480nm,418.0,0.174084335565567
dose_1,12Oclock,320_480nm,418.5,0.1741988559563954
dose_1,12Oclock,320_480nm,419.0,0.1727272073427835
dose_1,12Oclock,320_480nm,419.5,0.1762042194604873
dose_1,12Oclock,320_480nm,420.0,0.1743864168723423
dose_1,12Oclock,320_480nm,420.5,0.1728826761245727
dose_1,12Oclock,320_480nm,421.0,0.175189509987831
dose_1,12Oclock,320_480nm,421.5,0.1724852919578552
dose_1,12Oclock,320_480nm,422.0,0.1743904054164886
dose_1,12Oclock,320_480nm,422.5,0.1763051897287368
dose_1,12Oclock,320_480nm,423.0,0.1742655982573826
dose_1,12Oclock,320_480nm,423.5,0.1748622755209604
dose_1,12Oclock,320_480nm,424.0,0.1739043047030766
dose_1,12Oclock,320_480nm,424.5,0.1747801005840301
dose_1,12Oclock,320_480nm,425.0,0.1798111051321029
dose_1,12Oclock,320_480nm,425.5,0.1782777607440948
dose_1,12Oclock,320_480nm,426.0,0.1758438646793365
dose_1,12Oclock,320_480nm,426.5,0.1746583729982376
dose_1,12Oclock,320_480nm,427.0,0.1759155293305714
dose_1,12Oclock,320_480nm,427.5,0.181532676021258
dose_1,12Oclock,320_480nm,428.0,0.1758442322413126
dose_1,12Oclock,320_480nm,428.5,0.1763790150483448
dose_1,12Oclock,320_480nm,429.0,0.1798210988442102
dose_1,12Oclock,320_480nm,429.5,0.1857669502496719
dose_1,12Oclock,320_480nm,430.0,0.1765692631403604
dose_1,12Oclock,320_480nm,430.5,0.1773829956849415
dose_1,12Oclock,320_480nm,431.0,0.1786002665758132
dose_1,12Oclock,320_480nm,431.5,0.1790895064671833
dose_1,12Oclock,320_480nm,432.0,0.180484061439832
dose_1,12Oclock,320_480nm,432.5,0.1794459372758865
dose_1,12Oclock,320_480nm,433.0,0.1789056559403736
dose_1,12Oclock,320_480nm,433.5,0.178563098112742
dose_1,12Oclock,320_480nm,434.0,0.1776038110256194
dose_1,12Oclock,320_480nm,434.5,0.1770283778508503
dose_1,12Oclock,320_480nm,435.0,0.1764097015062967
dose_1,12Oclock,320_480nm,435.5,0.1775174488623936
dose_1,12Oclock,320_480nm,436.0,0.1800840844710667
dose_1,12Oclock,320_480nm,436.5,0.1837375064690907
dose_1,12Oclock,320_480nm,437.0,0.1780443539222081
dose_1,12Oclock,320_480nm,437.5,0.179637129108111
dose_1,12Oclock,320_480nm,438.0,0.1777893205483754
dose_1,12Oclock,320_480nm,438.5,0.1794474224249521
dose_1,12Oclock,320_480nm,439.0,0.1797968993584314
dose_1,12Oclock,320_480nm,439.5,0.1809108853340148
dose_1,12Oclock,320_480nm,440.0,0.1798569013675053
dose_1,12Oclock,320_480nm,440.5,0.1808041036128997
dose_1,12Oclock,320_480nm,441.0,0.1807584961255391
dose_1,12Oclock,320_480nm,441.5,0.1854154070218404
dose_1,12Oclock,320_480nm,442.0,0.1811880866686503
dose_1,12Oclock,320_480nm,442.5,0.1856004099051157
dose_1,12Oclock,320_480nm,443.0,0.1877378672361373
dose_1,12Oclock,320_480nm,443.5,0.187195748090744
dose_1,12Oclock,320_480nm,444.0,0.1884804467360178
dose_1,12Oclock,320_480nm,444.5,0.1818715383609135
dose_1,12Oclock,320_480nm,445.0,0.1846890598535537
dose_1,12Oclock,320_480nm,445.5,0.1881353855133055
dose_1,12Oclock,320_480nm,446.0,0.1853776027758915
dose_1,12Oclock,320_480nm,446.5,0.1828073263168334
dose_1,12Oclock,320_480nm,447.0,0.1825195997953414
dose_1,12Oclock,320_480nm,447.5,0.1828799297412236
dose_1,12Oclock,320_480nm,448.0,0.1840085287888844
dose_1,12Oclock,320_480nm,448.5,0.1834532568852106
dose_1,12Oclock,320_480nm,449.0,0.1842599064111709
dose_1,12Oclock,320_480nm,449.5,0.187264601389567
dose_1,12Oclock,320_480nm,450.0,0.1848885168631871
dose_1,12Oclock,320_480nm,450.5,0.186353767911593
dose_1,12Oclock,320_480nm,451.0,0.1930489440759022
dose_1,12Oclock,320_480nm,451.5,0.2001148660977681
dose_1,12Oclock,320_480nm,452.0,0.1918522069851557
dose_1,12Oclock,320_480nm,452.5,0.1958724011977513
dose_1,12Oclock,320_480nm,453.0,0.1981157759825388
dose_1,12Oclock,320_480nm,453.5,0.1897826790809631
dose_1,12Oclock,320_480nm,454.0,0.1992890238761901
dose_1,12Oclock,320_480nm,454.5,0.1931122839450836
dose_1,12Oclock,320_480nm,455.0,0.19275663793087
dose_1,12Oclock,320_480nm,455.5,0.1961879332860311
dose_1,12Oclock,320_480nm,456.0,0.1913333634535471
dose_1,12Oclock,320_480nm,456.5,0.1914064735174178
dose_1,12Oclock,320_480nm,457.0,0.1973504622777303
dose_1,12Oclock,320_480nm,457.5,0.199207693338394
dose_1,12Oclock,320_480nm,458.0,0.1927778720855712
dose_1,12Oclock,320_480nm,458.5,0.1948288381099701
dose_1,12Oclock,320_480nm,459.0,0.196693554520607
dose_1,12Oclock,320_480nm,459.5,0.1988232384125391
dose_1,12Oclock,320_480nm,460.0,0.1978434920310973
dose_1,12Oclock,320_480nm,460.5,0.1936053186655044
dose_1,12Oclock,320_480nm,461.0,0.1955748945474623
dose_1,12Oclock,320_480nm,461.5,0.1995976318915685
dose_1,12Oclock,320_480nm,462.0,0.1968172242244084
dose_1,12Oclock,320_480nm,462.5,0.199731151262919
dose_1,12Oclock,320_480nm,463.0,0.2032086749871571
dose_1,12Oclock,320_480nm,463.5,0.2039369046688079
dose_1,12Oclock,320_480nm,464.0,0.2036306460698445
dose_1,12Oclock,320_480nm,464.5,0.2094473342100778
dose_1,12Oclock,320_480nm,465.0,0.2051664193471272
dose_1,12Oclock,320_480nm,465.5,0.2083350668350855
dose_1,12Oclock,320_480nm,466.0,0.2071909556786219
dose_1,12Oclock,320_480nm,466.5,0.2068788111209869
dose_1,12Oclock,320_480nm,467.0,0.2034002741177877
dose_1,12Oclock,320_480nm,467.5,0.206558659672737
dose_1,12Oclock,320_480nm,468.0,0.2097904880841572
dose_1,12Oclock,320_480nm,468.5,0.2105744133392969
dose_1,12Oclock,320_480nm,469.0,0.2140888273715973
dose_1,12Oclock,320_480nm,469.5,0.2204218904177347
dose_1,12Oclock,320_480nm,470.0,0.2169030060370762
dose_1,12Oclock,320_480nm,470.5,0.217414711912473
dose_1,12Oclock,320_480nm,471.0,0.2116728077332178
dose_1,12Oclock,320_480nm,471.5,0.213735948006312
dose_1,12Oclock,320_480nm,472.0,0.2103122373421986
dose_1,12Oclock,320_480nm,472.5,0.2173138459523519
dose_1,12Oclock,320_480nm,473.0,0.2099518726269403
dose_1,12Oclock,320_480nm,473.5,0.2132565726836522
dose_1,12Oclock,320_480nm,474.0,0.2101643433173497
dose_1,12Oclock,320_480nm,474.5,0.2127109716335932
dose_1,12Oclock,320_480nm,475.0,0.2138956338167189
dose_1,12Oclock,320_480nm,475.5,0.2173790236314138
dose_1,12Oclock,320_480nm,476.0,0.2166408002376556
dose_1,12Oclock,320_480nm,476.5,0.2146767775217691
dose_1,12Oclock,320_480nm,477.0,0.2138998607794443
dose_1,12Oclock,320_480nm,477.5,0.2164721091588338
dose_1,12Oclock,320_480nm,478.0,0.2150342514117559
dose_1,12Oclock,320_480nm,478.5,0.2114969889322916
dose_1,12Oclock,320_480nm,479.0,0.2107253074645995
dose_1,12Oclock,320_480nm,479.5,0.2119691868623097
dose_1,12Oclock,320_480nm,480.0,0.2146051377058029
dose_2,12Oclock,320_480nm,320.0,0.0823186188936233
dose_2,12Oclock,320_480nm,320.5,0.0870345036188761
dose_2,12Oclock,320_480nm,321.0,0.0865541125337282
dose_2,12Oclock,320_480nm,321.5,0.0864673703908919
dose_2,12Oclock,320_480nm,322.0,0.0873793835441271
dose_2,12Oclock,320_480nm,322.5,0.085111491382122
dose_2,12Oclock,320_480nm,323.0,0.0878445009390513
dose_2,12Oclock,320_480nm,323.5,0.0917754520972569
dose_2,12Oclock,320_480nm,324.0,0.0875028744339942
dose_2,12Oclock,320_480nm,324.5,0.0882540047168731
dose_2,12Oclock,320_480nm,325.0,0.0923628136515617
dose_2,12Oclock,320_480nm,325.5,0.0895414128899573
dose_2,12Oclock,320_480nm,326.0,0.0930746595064799
dose_2,12Oclock,320_480nm,326.5,0.0936647777756054
dose_2,12Oclock,320_480nm,327.0,0.0922067662080128
dose_2,12Oclock,320_480nm,327.5,0.0930169448256492
dose_2,12Oclock,320_480nm,328.0,0.0930549254020054
dose_2,12Oclock,320_480nm,328.5,0.0945375114679335
dose_2,12Oclock,320_480nm,329.0,0.0937019437551498
dose_2,12Oclock,320_480nm,329.5,0.0916165982683499
dose_2,12Oclock,320_480nm,330.0,0.0917603919903436
dose_2,12Oclock,320_480nm,330.5,0.0957798113425572
dose_2,12Oclock,320_480nm,331.0,0.0938799679279327
dose_2,12Oclock,320_480nm,331.5,0.0916220148404438
dose_2,12Oclock,320_480nm,332.0,0.0967771559953689
dose_2,12Oclock,320_480nm,332.5,0.0940282270312308
dose_2,12Oclock,320_480nm,333.0,0.0926797191301981
dose_2,12Oclock,320_480nm,333.5,0.097436728576819
dose_2,12Oclock,320_480nm,334.0,0.0940545375148455
dose_2,12Oclock,320_480nm,334.5,0.0955220659573872
dose_2,12Oclock,320_480nm,335.0,0.0954349637031555
dose_2,12Oclock,320_480nm,335.5,0.0918122505148251
dose_2,12Oclock,320_480nm,336.0,0.0927362814545631
dose_2,12Oclock,320_480nm,336.5,0.0934988061587015
dose_2,12Oclock,320_480nm,337.0,0.0940819010138511
dose_2,12Oclock,320_480nm,337.5,0.0929509078462918
dose_2,12Oclock,320_480nm,338.0,0.0931495577096938
dose_2,12Oclock,320_480nm,338.5,0.0937614068388938
dose_2,12Oclock,320_480nm,339.0,0.0957797865072885
dose_2,12Oclock,320_480nm,339.5,0.0971832275390624
dose_2,12Oclock,320_480nm,340.0,0.0932397445042927
dose_2,12Oclock,320_480nm,340.5,0.0955203374226887
dose_2,12Oclock,320_480nm,341.0,0.0956342940529187
dose_2,12Oclock,320_480nm,341.5,0.0950616647799809
dose_2,12Oclock,320_480nm,342.0,0.0974782109260558
dose_2,12Oclock,320_480nm,342.5,0.0973825057347615
dose_2,12Oclock,320_480nm,343.0,0.0971843476096788
dose_2,12Oclock,320_480nm,343.5,0.1000622163216272
dose_2,12Oclock,320_480nm,344.0,0.0981312543153762
dose_2,12Oclock,320_480nm,344.5,0.1000878910223642
dose_2,12Oclock,320_480nm,345.0,0.0989608938495317
dose_2,12Oclock,320_480nm,345.5,0.0970197841525077
dose_2,12Oclock,320_480nm,346.0,0.0990011716882387
dose_2,12Oclock,320_480nm,346.5,0.0998427222172419
dose_2,12Oclock,320_480nm,347.0,0.1003365144133567
dose_2,12Oclock,320_480nm,347.5,0.1015351985891659
dose_2,12Oclock,320_480nm,348.0,0.1003625219066937
dose_2,12Oclock,320_480nm,348.5,0.1019500494003295
dose_2,12Oclock,320_480nm,349.0,0.100447950263818
dose_2,12Oclock,320_480nm,349.5,0.1008525143067041
dose_2,12Oclock,320_480nm,350.0,0.1003087038795152
dose_2,12Oclock,320_480nm,350.5,0.1002103785673776
dose_2,12Oclock,320_480nm,351.0,0.1014711136619249
dose_2,12Oclock,320_480nm,351.5,0.1017235095302263
dose_2,12Oclock,320_480nm,352.0,0.1035545791188875
dose_2,12Oclock,320_480nm,352.5,0.1019987662633259
dose_2,12Oclock,320_480nm,353.0,0.1008019546667734
dose_2,12Oclock,320_480nm,353.5,0.1012384196122487
dose_2,12Oclock,320_480nm,354.0,0.1027863025665282
dose_2,12Oclock,320_480nm,354.5,0.1044711967309315
dose_2,12Oclock,320_480nm,355.0,0.1043490643302599
dose_2,12Oclock,320_480nm,355.5,0.1063449134429295
dose_2,12Oclock,320_480nm,356.0,0.1042943249146143
dose_2,12Oclock,320_480nm,356.5,0.1075999786456425
dose_2,12Oclock,320_480nm,357.0,0.1062364578247069
dose_2,12Oclock,320_480nm,357.5,0.1036077712972958
dose_2,12Oclock,320_480nm,358.0,0.1055150901277859
dose_2,12Oclock,320_480nm,358.5,0.1045199657479921
dose_2,12Oclock,320_480nm,359.0,0.1055537636081377
dose_2,12Oclock,320_480nm,359.5,0.1041519244511922
dose_2,12Oclock,320_480nm,360.0,0.1028243650992711
dose_2,12Oclock,320_480nm,360.5,0.105058101316293
dose_2,12Oclock,320_480nm,361.0,0.1051098455985387
dose_2,12Oclock,320_480nm,361.5,0.1053905189037322
dose_2,12Oclock,320_480nm,362.0,0.1068396270275115
dose_2,12Oclock,320_480nm,362.5,0.1059167062242825
dose_2,12Oclock,320_480nm,363.0,0.1071016366283098
dose_2,12Oclock,320_480nm,363.5,0.1061661913990974
dose_2,12Oclock,320_480nm,364.0,0.1061117400725682
dose_2,12Oclock,320_480nm,364.5,0.106544775267442
dose_2,12Oclock,320_480nm,365.0,0.1074069539705911
dose_2,12Oclock,320_480nm,365.5,0.1097289596994717
dose_2,12Oclock,320_480nm,366.0,0.1082078889012336
dose_2,12Oclock,320_480nm,366.5,0.1067772184809048
dose_2,12Oclock,320_480nm,367.0,0.1098403806487718
dose_2,12Oclock,320_480nm,367.5,0.1079285666346549
dose_2,12Oclock,320_480nm,368.0,0.1046324347456295
dose_2,12Oclock,320_480nm,368.5,0.1053207988540331
dose_2,12Oclock,320_480nm,369.0,0.1058422476053237
dose_2,12Oclock,320_480nm,369.5,0.1065492903192837
dose_2,12Oclock,320_480nm,370.0,0.1101035972436269
dose_2,12Oclock,320_480nm,370.5,0.1108441824714342
dose_2,12Oclock,320_480nm,371.0,0.108243480324745
dose_2,12Oclock,320_480nm,371.5,0.1112086673577626
dose_2,12Oclock,320_480nm,372.0,0.1125186383724212
dose_2,12Oclock,320_480nm,372.5,0.1101218660672505
dose_2,12Oclock,320_480nm,373.0,0.1109348709384599
dose_2,12Oclock,320_480nm,373.5,0.1120323886473973
dose_2,12Oclock,320_480nm,374.0,0.110880081852277
dose_2,12Oclock,320_480nm,374.5,0.1103148286541302
dose_2,12Oclock,320_480nm,375.0,0.1078134352962175
dose_2,12Oclock,320_480nm,375.5,0.1078046560287475
dose_2,12Oclock,320_480nm,376.0,0.1044418116410573
dose_2,12Oclock,320_480nm,376.5,0.1035659064849217
dose_2,12Oclock,320_480nm,377.0,0.1050314158201217
dose_2,12Oclock,320_480nm,377.5,0.1081224903464316
dose_2,12Oclock,320_480nm,378.0,0.1115651528040567
dose_2,12Oclock,320_480nm,378.5,0.1094526425004005
dose_2,12Oclock,320_480nm,379.0,0.1097945794463157
dose_2,12Oclock,320_480nm,379.5,0.1107362334926922
dose_2,12Oclock,320_480nm,380.0,0.1098617215951283
dose_2,12Oclock,320_480nm,380.5,0.1085441907246907
dose_2,12Oclock,320_480nm,381.0,0.1067196677128473
dose_2,12Oclock,320_480nm,381.5,0.1072759379943211
dose_2,12Oclock,320_480nm,382.0,0.1097958510120709
dose_2,12Oclock,320_480nm,382.5,0.1116684476534525
dose_2,12Oclock,320_480nm,383.0,0.1124968926111856
dose_2,12Oclock,320_480nm,383.5,0.1108035221695899
dose_2,12Oclock,320_480nm,384.0,0.1105226104458172
dose_2,12Oclock,320_480nm,384.5,0.1106726129849751
dose_2,12Oclock,320_480nm,385.0,0.1116553544998168
dose_2,12Oclock,320_480nm,385.5,0.1121300905942916
dose_2,12Oclock,320_480nm,386.0,0.1116230761011441
dose_2,12Oclock,320_480nm,386.5,0.1108343526721
dose_2,12Oclock,320_480nm,387.0,0.1153201659520466
dose_2,12Oclock,320_480nm,387.5,0.117515742778778
dose_2,12Oclock,320_480nm,388.0,0.1169328093528747
dose_2,12Oclock,320_480nm,388.5,0.1128170813123384
dose_2,12Oclock,320_480nm,389.0,0.11167424172163
dose_2,12Oclock,320_480nm,389.5,0.1137419243653614
dose_2,12Oclock,320_480nm,390.0,0.1165737062692641
dose_2,12Oclock,320_480nm,390.5,0.1141806691884994
dose_2,12Oclock,320_480nm,391.0,0.1167618085940678
dose_2,12Oclock,320_480nm,391.5,0.1149685680866241
dose_2,12Oclock,320_480nm,392.0,0.1125831082463264
dose_2,12Oclock,320_480nm,392.5,0.1139325574040412
dose_2,12Oclock,320_480nm,393.0,0.1143470853567123
dose_2,12Oclock,320_480nm,393.5,0.1139995033542315
dose_2,12Oclock,320_480nm,394.0,0.1120674684643745
dose_2,12Oclock,320_480nm,394.5,0.1114745686451593
dose_2,12Oclock,320_480nm,395.0,0.11249657223622
dose_2,12Oclock,320_480nm,395.5,0.1156537681818008
dose_2,12Oclock,320_480nm,396.0,0.1178563162684439
dose_2,12Oclock,320_480nm,396.5,0.1163228054841358
dose_2,12Oclock,320_480nm,397.0,0.1175578162074088
dose_2,12Oclock,320_480nm,397.5,0.1161354059974352
dose_2,12Oclock,320_480nm,398.0,0.1163545871774355
dose_2,12Oclock,320_480nm,398.5,0.1144858722885449
dose_2,12Oclock,320_480nm,399.0,0.1172733878095944
dose_2,12Oclock,320_480nm,399.5,0.1186964586377143
dose_2,12Oclock,320_480nm,400.0,0.1171709572275478
dose_2,12Oclock,320_480nm,400.5,0.1142065748572349
dose_2,12Oclock,320_480nm,401.0,0.1122259149948755
dose_2,12Oclock,320_480nm,401.5,0.1149479473630587
dose_2,12Oclock,320_480nm,402.0,0.1165923501054445
dose_2,12Oclock,320_480nm,402.5,0.116847202181816
dose_2,12Oclock,320_480nm,403.0,0.1148315270741779
dose_2,12Oclock,320_480nm,403.5,0.1142925719420114
dose_2,12Oclock,320_480nm,404.0,0.1148994515339533
dose_2,12Oclock,320_480nm,404.5,0.112734667956829
dose_2,12Oclock,320_480nm,405.0,0.1136921023329098
dose_2,12Oclock,320_480nm,405.5,0.1160897637406984
dose_2,12Oclock,320_480nm,406.0,0.1218000799417495
dose_2,12Oclock,320_480nm,406.5,0.1178648397326468
dose_2,12Oclock,320_480nm,407.0,0.1174815992514292
dose_2,12Oclock,320_480nm,407.5,0.1178455551465352
dose_2,12Oclock,320_480nm,408.0,0.1169858550031979
dose_2,12Oclock,320_480nm,408.5,0.1154692893226941
dose_2,12Oclock,320_480nm,409.0,0.1170198470354079
dose_2,12Oclock,320_480nm,409.5,0.1217422361175219
dose_2,12Oclock,320_480nm,410.0,0.1210367282231648
dose_2,12Oclock,320_480nm,410.5,0.1178797160585721
dose_2,12Oclock,320_480nm,411.0,0.1194635654489198
dose_2,12Oclock,320_480nm,411.5,0.1261601597070693
dose_2,12Oclock,320_480nm,412.0,0.1241609354813893
dose_2,12Oclock,320_480nm,412.5,0.1192354237039883
dose_2,12Oclock,320_480nm,413.0,0.116236555079619
dose_2,12Oclock,320_480nm,413.5,0.1213096156716346
dose_2,12Oclock,320_480nm,414.0,0.1257955506443977
dose_2,12Oclock,320_480nm,414.5,0.1233625014623005
dose_2,12Oclock,320_480nm,415.0,0.1192153493563333
dose_2,12Oclock,320_480nm,415.5,0.1203137263655662
dose_2,12Oclock,320_480nm,416.0,0.1231490994493165
dose_2,12Oclock,320_480nm,416.5,0.1183905700842539
dose_2,12Oclock,320_480nm,417.0,0.1182571401198704
dose_2,12Oclock,320_480nm,417.5,0.1182559678951898
dose_2,12Oclock,320_480nm,418.0,0.1214839220046996
dose_2,12Oclock,320_480nm,418.5,0.1214617614944775
dose_2,12Oclock,320_480nm,419.0,0.1195881019035974
dose_2,12Oclock,320_480nm,419.5,0.1236307720343271
dose_2,12Oclock,320_480nm,420.0,0.1218377575278281
dose_2,12Oclock,320_480nm,420.5,0.1203977738817532
dose_2,12Oclock,320_480nm,421.0,0.1230405420064925
dose_2,12Oclock,320_480nm,421.5,0.1198546861608822
dose_2,12Oclock,320_480nm,422.0,0.1222376699248949
dose_2,12Oclock,320_480nm,422.5,0.1237287794550259
dose_2,12Oclock,320_480nm,423.0,0.1215277587374051
dose_2,12Oclock,320_480nm,423.5,0.1226704518000284
dose_2,12Oclock,320_480nm,424.0,0.1207689891258875
dose_2,12Oclock,320_480nm,424.5,0.1214148774743079
dose_2,12Oclock,320_480nm,425.0,0.1271501208345095
dose_2,12Oclock,320_480nm,425.5,0.1254531219601631
dose_2,12Oclock,320_480nm,426.0,0.122225393851598
dose_2,12Oclock,320_480nm,426.5,0.1201593255003293
dose_2,12Oclock,320_480nm,427.0,0.1220635175704955
dose_2,12Oclock,320_480nm,427.5,0.1282738000154495
dose_2,12Oclock,320_480nm,428.0,0.1215156142910321
dose_2,12Oclock,320_480nm,428.5,0.1221776480476061
dose_2,12Oclock,320_480nm,429.0,0.1269136940439542
dose_2,12Oclock,320_480nm,429.5,0.1330582077304522
dose_2,12Oclock,320_480nm,430.0,0.1226672952373822
dose_2,12Oclock,320_480nm,430.5,0.1237170870105425
dose_2,12Oclock,320_480nm,431.0,0.1254756674170493
dose_2,12Oclock,320_480nm,431.5,0.1258729149897892
dose_2,12Oclock,320_480nm,432.0,0.127070349951585
dose_2,12Oclock,320_480nm,432.5,0.1261683652798334
dose_2,12Oclock,320_480nm,433.0,0.1256814127167065
dose_2,12Oclock,320_480nm,433.5,0.125492513179779
dose_2,12Oclock,320_480nm,434.0,0.1244265486796696
dose_2,12Oclock,320_480nm,434.5,0.1241401433944702
dose_2,12Oclock,320_480nm,435.0,0.123271236817042
dose_2,12Oclock,320_480nm,435.5,0.1248747035861014
dose_2,12Oclock,320_480nm,436.0,0.127104178071022
dose_2,12Oclock,320_480nm,436.5,0.1304987296462058
dose_2,12Oclock,320_480nm,437.0,0.124810534218947
dose_2,12Oclock,320_480nm,437.5,0.1267733400066693
dose_2,12Oclock,320_480nm,438.0,0.1251714328924814
dose_2,12Oclock,320_480nm,438.5,0.1270890558759371
dose_2,12Oclock,320_480nm,439.0,0.1273972441752751
dose_2,12Oclock,320_480nm,439.5,0.1284086306889851
dose_2,12Oclock,320_480nm,440.0,0.1274173135558764
dose_2,12Oclock,320_480nm,440.5,0.1286323467890421
dose_2,12Oclock,320_480nm,441.0,0.1282870496312777
dose_2,12Oclock,320_480nm,441.5,0.1332393462459246
dose_2,12Oclock,320_480nm,442.0,0.1282397136092185
dose_2,12Oclock,320_480nm,442.5,0.1332836324969926
dose_2,12Oclock,320_480nm,443.0,0.1350080246726671
dose_2,12Oclock,320_480nm,443.5,0.1353760634859402
dose_2,12Oclock,320_480nm,444.0,0.1360768129428227
dose_2,12Oclock,320_480nm,444.5,0.1290026058753331
dose_2,12Oclock,320_480nm,445.0,0.1326018373171488
dose_2,12Oclock,320_480nm,445.5,0.1362386842568715
dose_2,12Oclock,320_480nm,446.0,0.133012535671393
dose_2,12Oclock,320_480nm,446.5,0.1303311437368392
dose_2,12Oclock,320_480nm,447.0,0.1301152209440866
dose_2,12Oclock,320_480nm,447.5,0.1299091825882593
dose_2,12Oclock,320_480nm,448.0,0.1326228827238082
dose_2,12Oclock,320_480nm,448.5,0.1315870409210522
dose_2,12Oclock,320_480nm,449.0,0.1320434982577959
dose_2,12Oclock,320_480nm,449.5,0.1349017620086669
dose_2,12Oclock,320_480nm,450.0,0.1321228270729382
dose_2,12Oclock,320_480nm,450.5,0.1340009892980257
dose_2,12Oclock,320_480nm,451.0,0.1415529151757558
dose_2,12Oclock,320_480nm,451.5,0.1481788704792658
dose_2,12Oclock,320_480nm,452.0,0.1394988099733987
dose_2,12Oclock,320_480nm,452.5,0.1441069940725962
dose_2,12Oclock,320_480nm,453.0,0.1456424444913863
dose_2,12Oclock,320_480nm,453.5,0.1375251039862632
dose_2,12Oclock,320_480nm,454.0,0.1475155502557754
dose_2,12Oclock,320_480nm,454.5,0.1407417804002761
dose_2,12Oclock,320_480nm,455.0,0.1403554330269495
dose_2,12Oclock,320_480nm,455.5,0.1440037637948989
dose_2,12Oclock,320_480nm,456.0,0.1386188268661498
dose_2,12Oclock,320_480nm,456.5,0.1393861696124076
dose_2,12Oclock,320_480nm,457.0,0.1454825848340988
dose_2,12Oclock,320_480nm,457.5,0.1468937198321024
dose_2,12Oclock,320_480nm,458.0,0.1400449573993682
dose_2,12Oclock,320_480nm,458.5,0.1422157436609268
dose_2,12Oclock,320_480nm,459.0,0.1447036912043889
dose_2,12Oclock,320_480nm,459.5,0.1471113016208012
dose_2,12Oclock,320_480nm,460.0,0.1456521451473236
dose_2,12Oclock,320_480nm,460.5,0.1415612151225407
dose_2,12Oclock,320_480nm,461.0,0.1439572423696517
dose_2,12Oclock,320_480nm,461.5,0.1481746782859166
dose_2,12Oclock,320_480nm,462.0,0.145452082157135
dose_2,12Oclock,320_480nm,462.5,0.1482640703519185
dose_2,12Oclock,320_480nm,463.0,0.1518233319123585
dose_2,12Oclock,320_480nm,463.5,0.1526003529628117
dose_2,12Oclock,320_480nm,464.0,0.1531864802042642
dose_2,12Oclock,320_480nm,464.5,0.1588893781105677
dose_2,12Oclock,320_480nm,465.0,0.1538375069697697
dose_2,12Oclock,320_480nm,465.5,0.1572783440351485
dose_2,12Oclock,320_480nm,466.0,0.1563976903756459
dose_2,12Oclock,320_480nm,466.5,0.1556314826011657
dose_2,12Oclock,320_480nm,467.0,0.1520598977804183
dose_2,12Oclock,320_480nm,467.5,0.1558662205934524
dose_2,12Oclock,320_480nm,468.0,0.1588703592618306
dose_2,12Oclock,320_480nm,468.5,0.1600181311368942
dose_2,12Oclock,320_480nm,469.0,0.1639419347047805
dose_2,12Oclock,320_480nm,469.5,0.1714472969373067
dose_2,12Oclock,320_480nm,470.0,0.1676426927248636
dose_2,12Oclock,320_480nm,470.5,0.1676356842120488
dose_2,12Oclock,320_480nm,471.0,0.1617490152517954
dose_2,12Oclock,320_480nm,471.5,0.1642321993907292
dose_2,12Oclock,320_480nm,472.0,0.1609994620084762
dose_2,12Oclock,320_480nm,472.5,0.1682174007097879
dose_2,12Oclock,320_480nm,473.0,0.1610475679238636
dose_2,12Oclock,320_480nm,473.5,0.1650223980347315
dose_2,12Oclock,320_480nm,474.0,0.1617909471193949
dose_2,12Oclock,320_480nm,474.5,0.1642833501100539
dose_2,12Oclock,320_480nm,475.0,0.1655178566773732
dose_2,12Oclock,320_480nm,475.5,0.1691451420386631
dose_2,12Oclock,320_480nm,476.0,0.1685838301976521
dose_2,12Oclock,320_480nm,476.5,0.1664435217777887
dose_2,12Oclock,320_480nm,477.0,0.1650618612766265
dose_2,12Oclock,320_480nm,477.5,0.1684430489937464
dose_2,12Oclock,320_480nm,478.0,0.166830837726593
dose_2,12Oclock,320_480nm,478.5,0.163010815779368
dose_2,12Oclock,320_480nm,479.0,0.1625232845544814
dose_2,12Oclock,320_480nm,479.5,0.1634005407492319
dose_2,12Oclock,320_480nm,480.0,0.1668345828851064
dose_3,12Oclock,320_480nm,320.0,0.0917900900046029
dose_3,12Oclock,320_480nm,320.5,0.095712125301361
dose_3,12Oclock,320_480nm,321.0,0.0957367171843845
dose_3,12Oclock,320_480nm,321.5,0.096063142021497
dose_3,12Oclock,320_480nm,322.0,0.0968940580884615
dose_3,12Oclock,320_480nm,322.5,0.0950783838828404
dose_3,12Oclock,320_480nm,323.0,0.0972464780012766
dose_3,12Oclock,320_480nm,323.5,0.1006138076384862
dose_3,12Oclock,320_480nm,324.0,0.0972032820185025
dose_3,12Oclock,320_480nm,324.5,0.0979181329409281
dose_3,12Oclock,320_480nm,325.0,0.1014006560047467
dose_3,12Oclock,320_480nm,325.5,0.0990479166309038
dose_3,12Oclock,320_480nm,326.0,0.1024249866604804
dose_3,12Oclock,320_480nm,326.5,0.1030660569667816
dose_3,12Oclock,320_480nm,327.0,0.1013836314280827
dose_3,12Oclock,320_480nm,327.5,0.1024063900113105
dose_3,12Oclock,320_480nm,328.0,0.1024581839640935
dose_3,12Oclock,320_480nm,328.5,0.103737416366736
dose_3,12Oclock,320_480nm,329.0,0.1031596834460893
dose_3,12Oclock,320_480nm,329.5,0.1010525499780972
dose_3,12Oclock,320_480nm,330.0,0.1016846224665641
dose_3,12Oclock,320_480nm,330.5,0.1052545631925264
dose_3,12Oclock,320_480nm,331.0,0.1035453130801518
dose_3,12Oclock,320_480nm,331.5,0.1015464738011359
dose_3,12Oclock,320_480nm,332.0,0.1062021851539611
dose_3,12Oclock,320_480nm,332.5,0.1039107739925384
dose_3,12Oclock,320_480nm,333.0,0.1023915087183316
dose_3,12Oclock,320_480nm,333.5,0.1066685194770494
dose_3,12Oclock,320_480nm,334.0,0.103634551167488
dose_3,12Oclock,320_480nm,334.5,0.1048430005709329
dose_3,12Oclock,320_480nm,335.0,0.1046516845623651
dose_3,12Oclock,320_480nm,335.5,0.1015074625611304
dose_3,12Oclock,320_480nm,336.0,0.1024941702683766
dose_3,12Oclock,320_480nm,336.5,0.103002925713857
dose_3,12Oclock,320_480nm,337.0,0.1036396622657775
dose_3,12Oclock,320_480nm,337.5,0.1028254702687263
dose_3,12Oclock,320_480nm,338.0,0.1028437539935111
dose_3,12Oclock,320_480nm,338.5,0.1033205663164456
dose_3,12Oclock,320_480nm,339.0,0.1051779563228288
dose_3,12Oclock,320_480nm,339.5,0.1065157329042752
dose_3,12Oclock,320_480nm,340.0,0.1028927291433016
dose_3,12Oclock,320_480nm,340.5,0.1050365765889485
dose_3,12Oclock,320_480nm,341.0,0.1052687714497248
dose_3,12Oclock,320_480nm,341.5,0.1048302526275316
dose_3,12Oclock,320_480nm,342.0,0.1072239031394322
dose_3,12Oclock,320_480nm,342.5,0.1070925643046696
dose_3,12Oclock,320_480nm,343.0,0.1069657454888025
dose_3,12Oclock,320_480nm,343.5,0.1097146347165107
dose_3,12Oclock,320_480nm,344.0,0.1081978604197501
dose_3,12Oclock,320_480nm,344.5,0.1101669346292813
dose_3,12Oclock,320_480nm,345.0,0.1090066606799761
dose_3,12Oclock,320_480nm,345.5,0.1075278346737225
dose_3,12Oclock,320_480nm,346.0,0.1094522600372632
dose_3,12Oclock,320_480nm,346.5,0.1101015160481134
dose_3,12Oclock,320_480nm,347.0,0.110954463481903
dose_3,12Oclock,320_480nm,347.5,0.1119994247953096
dose_3,12Oclock,320_480nm,348.0,0.1109872981905936
dose_3,12Oclock,320_480nm,348.5,0.1124546155333518
dose_3,12Oclock,320_480nm,349.0,0.1112772126992543
dose_3,12Oclock,320_480nm,349.5,0.1117945859829584
dose_3,12Oclock,320_480nm,350.0,0.1115299090743064
dose_3,12Oclock,320_480nm,350.5,0.1117154757181802
dose_3,12Oclock,320_480nm,351.0,0.1129643370707829
dose_3,12Oclock,320_480nm,351.5,0.1133009071151415
dose_3,12Oclock,320_480nm,352.0,0.1150279889504114
dose_3,12Oclock,320_480nm,352.5,0.1137461811304092
dose_3,12Oclock,320_480nm,353.0,0.1128703504800796
dose_3,12Oclock,320_480nm,353.5,0.113507700463136
dose_3,12Oclock,320_480nm,354.0,0.1144960150122642
dose_3,12Oclock,320_480nm,354.5,0.1156511008739471
dose_3,12Oclock,320_480nm,355.0,0.1165659030278523
dose_3,12Oclock,320_480nm,355.5,0.1185479362805684
dose_3,12Oclock,320_480nm,356.0,0.1166886414090792
dose_3,12Oclock,320_480nm,356.5,0.1199532399574915
dose_3,12Oclock,320_480nm,357.0,0.1187421828508376
dose_3,12Oclock,320_480nm,357.5,0.1166577289501825
dose_3,12Oclock,320_480nm,358.0,0.1184551740686098
dose_3,12Oclock,320_480nm,358.5,0.117779624958833
dose_3,12Oclock,320_480nm,359.0,0.1189141323169072
dose_3,12Oclock,320_480nm,359.5,0.1174537390470504
dose_3,12Oclock,320_480nm,360.0,0.1164994835853576
dose_3,12Oclock,320_480nm,360.5,0.1186477368076642
dose_3,12Oclock,320_480nm,361.0,0.1188362340132395
dose_3,12Oclock,320_480nm,361.5,0.1193362896641095
dose_3,12Oclock,320_480nm,362.0,0.1207046334942181
dose_3,12Oclock,320_480nm,362.5,0.1200740113854407
dose_3,12Oclock,320_480nm,363.0,0.1211814284324645
dose_3,12Oclock,320_480nm,363.5,0.1202997912963231
dose_3,12Oclock,320_480nm,364.0,0.1202739526828129
dose_3,12Oclock,320_480nm,364.5,0.1208325450619061
dose_3,12Oclock,320_480nm,365.0,0.1217326447367668
dose_3,12Oclock,320_480nm,365.5,0.1240504756569862
dose_3,12Oclock,320_480nm,366.0,0.1227480545639991
dose_3,12Oclock,320_480nm,366.5,0.1212133690714835
dose_3,12Oclock,320_480nm,367.0,0.1243843361735343
dose_3,12Oclock,320_480nm,367.5,0.1226777533690134
dose_3,12Oclock,320_480nm,368.0,0.1195777704318363
dose_3,12Oclock,320_480nm,368.5,0.1202940369645754
dose_3,12Oclock,320_480nm,369.0,0.1207034389177957
dose_3,12Oclock,320_480nm,369.5,0.1213419114549954
dose_3,12Oclock,320_480nm,370.0,0.1249406139055887
dose_3,12Oclock,320_480nm,370.5,0.1255933841069539
dose_3,12Oclock,320_480nm,371.0,0.1232536882162093
dose_3,12Oclock,320_480nm,371.5,0.125911551217238
dose_3,12Oclock,320_480nm,372.0,0.1271894623835881
dose_3,12Oclock,320_480nm,372.5,0.1250605036815007
dose_3,12Oclock,320_480nm,373.0,0.125692456960678
dose_3,12Oclock,320_480nm,373.5,0.1269550422827402
dose_3,12Oclock,320_480nm,374.0,0.1255677913626035
dose_3,12Oclock,320_480nm,374.5,0.1253564432263373
dose_3,12Oclock,320_480nm,375.0,0.1233930811285972
dose_3,12Oclock,320_480nm,375.5,0.1235778381427128
dose_3,12Oclock,320_480nm,376.0,0.1206456199288367
dose_3,12Oclock,320_480nm,376.5,0.1193680986762046
dose_3,12Oclock,320_480nm,377.0,0.1202365135153134
dose_3,12Oclock,320_480nm,377.5,0.1232718427975971
dose_3,12Oclock,320_480nm,378.0,0.1262014682094255
dose_3,12Oclock,320_480nm,378.5,0.1246315042177835
dose_3,12Oclock,320_480nm,379.0,0.1249647587537765
dose_3,12Oclock,320_480nm,379.5,0.1259199405709901
dose_3,12Oclock,320_480nm,380.0,0.1253793959816296
dose_3,12Oclock,320_480nm,380.5,0.124068334698677
dose_3,12Oclock,320_480nm,381.0,0.1225002333521842
dose_3,12Oclock,320_480nm,381.5,0.122997353474299
dose_3,12Oclock,320_480nm,382.0,0.1255487377444902
dose_3,12Oclock,320_480nm,382.5,0.1271757582823435
dose_3,12Oclock,320_480nm,383.0,0.1279784167806306
dose_3,12Oclock,320_480nm,383.5,0.1262046098709106
dose_3,12Oclock,320_480nm,384.0,0.126282771428426
dose_3,12Oclock,320_480nm,384.5,0.1264534269769986
dose_3,12Oclock,320_480nm,385.0,0.1273532286286353
dose_3,12Oclock,320_480nm,385.5,0.1279909138878186
dose_3,12Oclock,320_480nm,386.0,0.1272832428415616
dose_3,12Oclock,320_480nm,386.5,0.1269098992149035
dose_3,12Oclock,320_480nm,387.0,0.1322739347815512
dose_3,12Oclock,320_480nm,387.5,0.1334392304221788
dose_3,12Oclock,320_480nm,388.0,0.1327072257796923
dose_3,12Oclock,320_480nm,388.5,0.1286875208218892
dose_3,12Oclock,320_480nm,389.0,0.1278696258862812
dose_3,12Oclock,320_480nm,389.5,0.1296824713548024
dose_3,12Oclock,320_480nm,390.0,0.1323983222246169
dose_3,12Oclock,320_480nm,390.5,0.1301894833644231
dose_3,12Oclock,320_480nm,391.0,0.1326529557506243
dose_3,12Oclock,320_480nm,391.5,0.1312225138147671
dose_3,12Oclock,320_480nm,392.0,0.1289673671126365
dose_3,12Oclock,320_480nm,392.5,0.1301265979806582
dose_3,12Oclock,320_480nm,393.0,0.1307818243900934
dose_3,12Oclock,320_480nm,393.5,0.1305275162061055
dose_3,12Oclock,320_480nm,394.0,0.1288561274607975
dose_3,12Oclock,320_480nm,394.5,0.1284365182121594
dose_3,12Oclock,320_480nm,395.0,0.1292798618475596
dose_3,12Oclock,320_480nm,395.5,0.1324440464377403
dose_3,12Oclock,320_480nm,396.0,0.1359178076187769
dose_3,12Oclock,320_480nm,396.5,0.1337218433618545
dose_3,12Oclock,320_480nm,397.0,0.1344989364345868
dose_3,12Oclock,320_480nm,397.5,0.133077822625637
dose_3,12Oclock,320_480nm,398.0,0.1332299808661142
dose_3,12Oclock,320_480nm,398.5,0.1317274793982505
dose_3,12Oclock,320_480nm,399.0,0.1343133648236592
dose_3,12Oclock,320_480nm,399.5,0.135513829688231
dose_3,12Oclock,320_480nm,400.0,0.1340523014465967
dose_3,12Oclock,320_480nm,400.5,0.1314593131343523
dose_3,12Oclock,320_480nm,401.0,0.1296762252847353
dose_3,12Oclock,320_480nm,401.5,0.1319082876046498
dose_3,12Oclock,320_480nm,402.0,0.1335045571128527
dose_3,12Oclock,320_480nm,402.5,0.1335801606376965
dose_3,12Oclock,320_480nm,403.0,0.1318293039997418
dose_3,12Oclock,320_480nm,403.5,0.1315545539061228
dose_3,12Oclock,320_480nm,404.0,0.132050611078739
dose_3,12Oclock,320_480nm,404.5,0.129930555820465
dose_3,12Oclock,320_480nm,405.0,0.1307851249972978
dose_3,12Oclock,320_480nm,405.5,0.1333613221844037
dose_3,12Oclock,320_480nm,406.0,0.1385460843642552
dose_3,12Oclock,320_480nm,406.5,0.1348770062128702
dose_3,12Oclock,320_480nm,407.0,0.1343966300288835
dose_3,12Oclock,320_480nm,407.5,0.1345539018511772
dose_3,12Oclock,320_480nm,408.0,0.1338083396355311
dose_3,12Oclock,320_480nm,408.5,0.132289891441663
dose_3,12Oclock,320_480nm,409.0,0.1336603686213493
dose_3,12Oclock,320_480nm,409.5,0.1378612667322158
dose_3,12Oclock,320_480nm,410.0,0.1377705459793408
dose_3,12Oclock,320_480nm,410.5,0.1344437276323636
dose_3,12Oclock,320_480nm,411.0,0.1356319660941759
dose_3,12Oclock,320_480nm,411.5,0.1419664149483044
dose_3,12Oclock,320_480nm,412.0,0.14034815877676
dose_3,12Oclock,320_480nm,412.5,0.136594774822394
dose_3,12Oclock,320_480nm,413.0,0.1329516246914863
dose_3,12Oclock,320_480nm,413.5,0.1373658205072084
dose_3,12Oclock,320_480nm,414.0,0.1418108368913332
dose_3,12Oclock,320_480nm,414.5,0.139355423549811
dose_3,12Oclock,320_480nm,415.0,0.1352822879950205
dose_3,12Oclock,320_480nm,415.5,0.1361997202038764
dose_3,12Oclock,320_480nm,416.0,0.1388092413544654
dose_3,12Oclock,320_480nm,416.5,0.1342476109663645
dose_3,12Oclock,320_480nm,417.0,0.1339432671666144
dose_3,12Oclock,320_480nm,417.5,0.133841981490453
dose_3,12Oclock,320_480nm,418.0,0.1370947336157162
dose_3,12Oclock,320_480nm,418.5,0.1369335601727167
dose_3,12Oclock,320_480nm,419.0,0.1351833194494247
dose_3,12Oclock,320_480nm,419.5,0.1390912507971127
dose_3,12Oclock,320_480nm,420.0,0.1373352731267611
dose_3,12Oclock,320_480nm,420.5,0.1360098173220951
dose_3,12Oclock,320_480nm,421.0,0.1383640343944231
dose_3,12Oclock,320_480nm,421.5,0.1350658237934112
dose_3,12Oclock,320_480nm,422.0,0.1372317473093668
dose_3,12Oclock,320_480nm,422.5,0.1387878954410552
dose_3,12Oclock,320_480nm,423.0,0.1366185620427131
dose_3,12Oclock,320_480nm,423.5,0.1374012107650438
dose_3,12Oclock,320_480nm,424.0,0.135825532178084
dose_3,12Oclock,320_480nm,424.5,0.1367610494295755
dose_3,12Oclock,320_480nm,425.0,0.1421276330947875
dose_3,12Oclock,320_480nm,425.5,0.1404694591959317
dose_3,12Oclock,320_480nm,426.0,0.1374775643150011
dose_3,12Oclock,320_480nm,426.5,0.1357189739743868
dose_3,12Oclock,320_480nm,427.0,0.1372634395956992
dose_3,12Oclock,320_480nm,427.5,0.1432292833924293
dose_3,12Oclock,320_480nm,428.0,0.1369527330001194
dose_3,12Oclock,320_480nm,428.5,0.1371451169252394
dose_3,12Oclock,320_480nm,429.0,0.1415251344442367
dose_3,12Oclock,320_480nm,429.5,0.1477570111552873
dose_3,12Oclock,320_480nm,430.0,0.1382826517025629
dose_3,12Oclock,320_480nm,430.5,0.1390807107090949
dose_3,12Oclock,320_480nm,431.0,0.1406228492657343
dose_3,12Oclock,320_480nm,431.5,0.1405612180630365
dose_3,12Oclock,320_480nm,432.0,0.1419974863529205
dose_3,12Oclock,320_480nm,432.5,0.1409074440598487
dose_3,12Oclock,320_480nm,433.0,0.1402082716425259
dose_3,12Oclock,320_480nm,433.5,0.1404548858602841
dose_3,12Oclock,320_480nm,434.0,0.1396964540084202
dose_3,12Oclock,320_480nm,434.5,0.1391444280743598
dose_3,12Oclock,320_480nm,435.0,0.1379612932602564
dose_3,12Oclock,320_480nm,435.5,0.1402911767363548
dose_3,12Oclock,320_480nm,436.0,0.1419525444507598
dose_3,12Oclock,320_480nm,436.5,0.1451985985040664
dose_3,12Oclock,320_480nm,437.0,0.1399072855710983
dose_3,12Oclock,320_480nm,437.5,0.1413149585326512
dose_3,12Oclock,320_480nm,438.0,0.1395991792281468
dose_3,12Oclock,320_480nm,438.5,0.1416152616341908
dose_3,12Oclock,320_480nm,439.0,0.1416965300838152
dose_3,12Oclock,320_480nm,439.5,0.1426412736376126
dose_3,12Oclock,320_480nm,440.0,0.1418124909202257
dose_3,12Oclock,320_480nm,440.5,0.142910453180472
dose_3,12Oclock,320_480nm,441.0,0.1427346318960189
dose_3,12Oclock,320_480nm,441.5,0.147504910826683
dose_3,12Oclock,320_480nm,442.0,0.1425167843699455
dose_3,12Oclock,320_480nm,442.5,0.1476008743047713
dose_3,12Oclock,320_480nm,443.0,0.1495290795962015
dose_3,12Oclock,320_480nm,443.5,0.1498017708460489
dose_3,12Oclock,320_480nm,444.0,0.1504218131303786
dose_3,12Oclock,320_480nm,444.5,0.1436644022663433
dose_3,12Oclock,320_480nm,445.0,0.1470070853829383
dose_3,12Oclock,320_480nm,445.5,0.1509770452976226
dose_3,12Oclock,320_480nm,446.0,0.1480071296294529
dose_3,12Oclock,320_480nm,446.5,0.1458385909597078
dose_3,12Oclock,320_480nm,447.0,0.1452946215867996
dose_3,12Oclock,320_480nm,447.5,0.1458546966314315
dose_3,12Oclock,320_480nm,448.0,0.1476558844248453
dose_3,12Oclock,320_480nm,448.5,0.1470170021057129
dose_3,12Oclock,320_480nm,449.0,0.1474184393882751
dose_3,12Oclock,320_480nm,449.5,0.1506222734848658
dose_3,12Oclock,320_480nm,450.0,0.1486458331346511
dose_3,12Oclock,320_480nm,450.5,0.1512317061424255
dose_3,12Oclock,320_480nm,451.0,0.1585234602292378
dose_3,12Oclock,320_480nm,451.5,0.1655768950780232
dose_3,12Oclock,320_480nm,452.0,0.1567642639080682
dose_3,12Oclock,320_480nm,452.5,0.1609442184368769
dose_3,12Oclock,320_480nm,453.0,0.1629025836785634
dose_3,12Oclock,320_480nm,453.5,0.1545839806397755
dose_3,12Oclock,320_480nm,454.0,0.1652016838391621
dose_3,12Oclock,320_480nm,454.5,0.1591474612553914
dose_3,12Oclock,320_480nm,455.0,0.1585283378760019
dose_3,12Oclock,320_480nm,455.5,0.1623807946840921
dose_3,12Oclock,320_480nm,456.0,0.1575911243756611
dose_3,12Oclock,320_480nm,456.5,0.1583093553781509
dose_3,12Oclock,320_480nm,457.0,0.1643479218085606
dose_3,12Oclock,320_480nm,457.5,0.1658710141976674
dose_3,12Oclock,320_480nm,458.0,0.1598183959722518
dose_3,12Oclock,320_480nm,458.5,0.1623993118604023
dose_3,12Oclock,320_480nm,459.0,0.1648851086695988
dose_3,12Oclock,320_480nm,459.5,0.1669963598251342
dose_3,12Oclock,320_480nm,460.0,0.1660862863063811
dose_3,12Oclock,320_480nm,460.5,0.1620390266180038
dose_3,12Oclock,320_480nm,461.0,0.1644699623187382
dose_3,12Oclock,320_480nm,461.5,0.1695932100216547
dose_3,12Oclock,320_480nm,462.0,0.1687608957290649
dose_3,12Oclock,320_480nm,462.5,0.1695335706075032
dose_3,12Oclock,320_480nm,463.0,0.1727742552757262
dose_3,12Oclock,320_480nm,463.5,0.1741869747638702
dose_3,12Oclock,320_480nm,464.0,0.1742928475141525
dose_3,12Oclock,320_480nm,464.5,0.1795520832141239
dose_3,12Oclock,320_480nm,465.0,0.1746718635161717
dose_3,12Oclock,320_480nm,465.5,0.1776938140392303
dose_3,12Oclock,320_480nm,466.0,0.1769639551639556
dose_3,12Oclock,320_480nm,466.5,0.1762103339036305
dose_3,12Oclock,320_480nm,467.0,0.1733395258585611
dose_3,12Oclock,320_480nm,467.5,0.1774477312962213
dose_3,12Oclock,320_480nm,468.0,0.181355540951093
dose_3,12Oclock,320_480nm,468.5,0.1820144901672998
dose_3,12Oclock,320_480nm,469.0,0.1853903432687123
dose_3,12Oclock,320_480nm,469.5,0.1919181396563848
dose_3,12Oclock,320_480nm,470.0,0.1875584870576857
dose_3,12Oclock,320_480nm,470.5,0.1878161281347274
dose_3,12Oclock,320_480nm,471.0,0.1822066704432169
dose_3,12Oclock,320_480nm,471.5,0.1842381556828816
dose_3,12Oclock,320_480nm,472.0,0.1810754537582396
dose_3,12Oclock,320_480nm,472.5,0.1880820890267689
dose_3,12Oclock,320_480nm,473.0,0.1811106353998184
dose_3,12Oclock,320_480nm,473.5,0.184934452176094
dose_3,12Oclock,320_480nm,474.0,0.1827691892782846
dose_3,12Oclock,320_480nm,474.5,0.1857031931479771
dose_3,12Oclock,320_480nm,475.0,0.1855057378609975
dose_3,12Oclock,320_480nm,475.5,0.1879914005597432
dose_3,12Oclock,320_480nm,476.0,0.1868500858545303
dose_3,12Oclock,320_480nm,476.5,0.1848548998435337
dose_3,12Oclock,320_480nm,477.0,0.1842176665862401
dose_3,12Oclock,320_480nm,477.5,0.1870830257733662
dose_3,12Oclock,320_480nm,478.0,0.1857042660315831
dose_3,12Oclock,320_480nm,478.5,0.1822872757911681
dose_3,12Oclock,320_480nm,479.0,0.181704873840014
dose_3,12Oclock,320_480nm,479.5,0.1827406088511148
dose_3,12Oclock,320_480nm,480.0,0.1853033949931462
dose_4,12Oclock,320_480nm,320.0,0.1002545505762099
dose_4,12Oclock,320_480nm,320.5,0.103901187578837
dose_4,12Oclock,320_480nm,321.0,0.10420573502779
dose_4,12Oclock,320_480nm,321.5,0.1045610159635543
dose_4,12Oclock,320_480nm,322.0,0.1053672730922698
dose_4,12Oclock,320_480nm,322.5,0.1038793300588925
dose_4,12Oclock,320_480nm,323.0,0.1059750616550445
dose_4,12Oclock,320_480nm,323.5,0.1090899134675661
dose_4,12Oclock,320_480nm,324.0,0.1063149223725
dose_4,12Oclock,320_480nm,324.5,0.1072306682666142
dose_4,12Oclock,320_480nm,325.0,0.11024954666694
dose_4,12Oclock,320_480nm,325.5,0.1082504838705062
dose_4,12Oclock,320_480nm,326.0,0.1112974137067794
dose_4,12Oclock,320_480nm,326.5,0.1117261772354443
dose_4,12Oclock,320_480nm,327.0,0.1107804204026857
dose_4,12Oclock,320_480nm,327.5,0.1114996920029322
dose_4,12Oclock,320_480nm,328.0,0.1118236805001894
dose_4,12Oclock,320_480nm,328.5,0.1129500667254129
dose_4,12Oclock,320_480nm,329.0,0.1124570245544114
dose_4,12Oclock,320_480nm,329.5,0.1107979143659273
dose_4,12Oclock,320_480nm,330.0,0.1112994303305943
dose_4,12Oclock,320_480nm,330.5,0.1144971599181492
dose_4,12Oclock,320_480nm,331.0,0.1130096986889839
dose_4,12Oclock,320_480nm,331.5,0.111546330153942
dose_4,12Oclock,320_480nm,332.0,0.1157218689719835
dose_4,12Oclock,320_480nm,332.5,0.1132587517301241
dose_4,12Oclock,320_480nm,333.0,0.1123421316345532
dose_4,12Oclock,320_480nm,333.5,0.1162710363666216
dose_4,12Oclock,320_480nm,334.0,0.1137609009941418
dose_4,12Oclock,320_480nm,334.5,0.1148156970739364
dose_4,12Oclock,320_480nm,335.0,0.1148431946833928
dose_4,12Oclock,320_480nm,335.5,0.1123931159575779
dose_4,12Oclock,320_480nm,336.0,0.1135093991955121
dose_4,12Oclock,320_480nm,336.5,0.1140246565143267
dose_4,12Oclock,320_480nm,337.0,0.1143568580349286
dose_4,12Oclock,320_480nm,337.5,0.1137990380326906
dose_4,12Oclock,320_480nm,338.0,0.114014779527982
dose_4,12Oclock,320_480nm,338.5,0.1147355039914448
dose_4,12Oclock,320_480nm,339.0,0.1164108514785766
dose_4,12Oclock,320_480nm,339.5,0.1174327954649924
dose_4,12Oclock,320_480nm,340.0,0.1146012470126151
dose_4,12Oclock,320_480nm,340.5,0.1163815781474112
dose_4,12Oclock,320_480nm,341.0,0.1166617597142855
dose_4,12Oclock,320_480nm,341.5,0.1161083007852236
dose_4,12Oclock,320_480nm,342.0,0.1182124987244605
dose_4,12Oclock,320_480nm,342.5,0.1181449964642524
dose_4,12Oclock,320_480nm,343.0,0.1182381386558214
dose_4,12Oclock,320_480nm,343.5,0.1205604895949363
dose_4,12Oclock,320_480nm,344.0,0.1192111174265542
dose_4,12Oclock,320_480nm,344.5,0.1209090451399484
dose_4,12Oclock,320_480nm,345.0,0.1201183001200358
dose_4,12Oclock,320_480nm,345.5,0.1187118937571843
dose_4,12Oclock,320_480nm,346.0,0.1204356625676154
dose_4,12Oclock,320_480nm,346.5,0.1211351280411084
dose_4,12Oclock,320_480nm,347.0,0.1217333152890205
dose_4,12Oclock,320_480nm,347.5,0.1226942688226699
dose_4,12Oclock,320_480nm,348.0,0.1220538492004076
dose_4,12Oclock,320_480nm,348.5,0.1233947947621345
dose_4,12Oclock,320_480nm,349.0,0.1225514486432075
dose_4,12Oclock,320_480nm,349.5,0.1230923806627591
dose_4,12Oclock,320_480nm,350.0,0.1230240141352017
dose_4,12Oclock,320_480nm,350.5,0.1233370850483576
dose_4,12Oclock,320_480nm,351.0,0.1244821821649868
dose_4,12Oclock,320_480nm,351.5,0.1247453466057776
dose_4,12Oclock,320_480nm,352.0,0.1261303996046383
dose_4,12Oclock,320_480nm,352.5,0.1252062792579333
dose_4,12Oclock,320_480nm,353.0,0.1244625051816303
dose_4,12Oclock,320_480nm,353.5,0.1248715221881866
dose_4,12Oclock,320_480nm,354.0,0.1263001685341199
dose_4,12Oclock,320_480nm,354.5,0.1283380761742591
dose_4,12Oclock,320_480nm,355.0,0.1276520937681197
dose_4,12Oclock,320_480nm,355.5,0.1292904565731683
dose_4,12Oclock,320_480nm,356.0,0.1279989952842394
dose_4,12Oclock,320_480nm,356.5,0.1305545717477798
dose_4,12Oclock,320_480nm,357.0,0.1297953551014264
dose_4,12Oclock,320_480nm,357.5,0.1280320013562837
dose_4,12Oclock,320_480nm,358.0,0.129605583846569
dose_4,12Oclock,320_480nm,358.5,0.1289161766568819
dose_4,12Oclock,320_480nm,359.0,0.1297563711802164
dose_4,12Oclock,320_480nm,359.5,0.1286674514412879
dose_4,12Oclock,320_480nm,360.0,0.1278052230676015
dose_4,12Oclock,320_480nm,360.5,0.12982839345932
dose_4,12Oclock,320_480nm,361.0,0.1298985729614893
dose_4,12Oclock,320_480nm,361.5,0.1306486924489339
dose_4,12Oclock,320_480nm,362.0,0.1319751342137654
dose_4,12Oclock,320_480nm,362.5,0.1316975553830464
dose_4,12Oclock,320_480nm,363.0,0.1329328417778014
dose_4,12Oclock,320_480nm,363.5,0.1322143028179803
dose_4,12Oclock,320_480nm,364.0,0.1320463021596272
dose_4,12Oclock,320_480nm,364.5,0.1324944595495859
dose_4,12Oclock,320_480nm,365.0,0.1331416517496108
dose_4,12Oclock,320_480nm,365.5,0.1350979109605153
dose_4,12Oclock,320_480nm,366.0,0.1341212590535481
dose_4,12Oclock,320_480nm,366.5,0.1329553276300429
dose_4,12Oclock,320_480nm,367.0,0.1356204052766163
dose_4,12Oclock,320_480nm,367.5,0.1341928988695143
dose_4,12Oclock,320_480nm,368.0,0.1316333611806233
dose_4,12Oclock,320_480nm,368.5,0.1322914858659108
dose_4,12Oclock,320_480nm,369.0,0.1326411118110021
dose_4,12Oclock,320_480nm,369.5,0.1337673068046569
dose_4,12Oclock,320_480nm,370.0,0.1364430785179138
dose_4,12Oclock,320_480nm,370.5,0.1368940373261769
dose_4,12Oclock,320_480nm,371.0,0.1354228953520456
dose_4,12Oclock,320_480nm,371.5,0.1377155184745788
dose_4,12Oclock,320_480nm,372.0,0.1388237526019414
dose_4,12Oclock,320_480nm,372.5,0.1373104502757389
dose_4,12Oclock,320_480nm,373.0,0.1378189822038014
dose_4,12Oclock,320_480nm,373.5,0.1388309051593144
dose_4,12Oclock,320_480nm,374.0,0.1380803634723026
dose_4,12Oclock,320_480nm,374.5,0.1375699092944462
dose_4,12Oclock,320_480nm,375.0,0.1357874323924382
dose_4,12Oclock,320_480nm,375.5,0.1352178255716959
dose_4,12Oclock,320_480nm,376.0,0.1317524785796801
dose_4,12Oclock,320_480nm,376.5,0.1309905673066774
dose_4,12Oclock,320_480nm,377.0,0.1338060696919758
dose_4,12Oclock,320_480nm,377.5,0.1369530558586119
dose_4,12Oclock,320_480nm,378.0,0.1395734598239262
dose_4,12Oclock,320_480nm,378.5,0.1383579025665918
dose_4,12Oclock,320_480nm,379.0,0.1386229693889617
dose_4,12Oclock,320_480nm,379.5,0.1388912796974181
dose_4,12Oclock,320_480nm,380.0,0.1379866500695545
dose_4,12Oclock,320_480nm,380.5,0.1367121835549672
dose_4,12Oclock,320_480nm,381.0,0.1356136153141657
dose_4,12Oclock,320_480nm,381.5,0.1364208112160364
dose_4,12Oclock,320_480nm,382.0,0.1386191397905349
dose_4,12Oclock,320_480nm,382.5,0.1404179632663726
dose_4,12Oclock,320_480nm,383.0,0.1411014348268508
dose_4,12Oclock,320_480nm,383.5,0.1398439755042393
dose_4,12Oclock,320_480nm,384.0,0.1397174447774886
dose_4,12Oclock,320_480nm,384.5,0.1400380233923594
dose_4,12Oclock,320_480nm,385.0,0.1407420486211776
dose_4,12Oclock,320_480nm,385.5,0.1412239571412403
dose_4,12Oclock,320_480nm,386.0,0.1409593721230825
dose_4,12Oclock,320_480nm,386.5,0.1407451927661895
dose_4,12Oclock,320_480nm,387.0,0.144295980532964
dose_4,12Oclock,320_480nm,387.5,0.146201878786087
dose_4,12Oclock,320_480nm,388.0,0.1457425951957702
dose_4,12Oclock,320_480nm,388.5,0.1424000412225722
dose_4,12Oclock,320_480nm,389.0,0.1416586240132649
dose_4,12Oclock,320_480nm,389.5,0.1433507849772771
dose_4,12Oclock,320_480nm,390.0,0.145530417561531
dose_4,12Oclock,320_480nm,390.5,0.1436423957347869
dose_4,12Oclock,320_480nm,391.0,0.145797496040662
dose_4,12Oclock,320_480nm,391.5,0.1446771721045175
dose_4,12Oclock,320_480nm,392.0,0.143124093612035
dose_4,12Oclock,320_480nm,392.5,0.1444094578425089
dose_4,12Oclock,320_480nm,393.0,0.144849141438802
dose_4,12Oclock,320_480nm,393.5,0.1448130160570144
dose_4,12Oclock,320_480nm,394.0,0.1434297710657119
dose_4,12Oclock,320_480nm,394.5,0.1432829250892003
dose_4,12Oclock,320_480nm,395.0,0.1442199697097142
dose_4,12Oclock,320_480nm,395.5,0.1465984731912612
dose_4,12Oclock,320_480nm,396.0,0.1484357963005701
dose_4,12Oclock,320_480nm,396.5,0.1474489122629165
dose_4,12Oclock,320_480nm,397.0,0.1484084278345107
dose_4,12Oclock,320_480nm,397.5,0.1479794879754384
dose_4,12Oclock,320_480nm,398.0,0.1483954340219496
dose_4,12Oclock,320_480nm,398.5,0.1471332162618636
dose_4,12Oclock,320_480nm,399.0,0.1494690080483754
dose_4,12Oclock,320_480nm,399.5,0.150427684187889
dose_4,12Oclock,320_480nm,400.0,0.1495956728855768
dose_4,12Oclock,320_480nm,400.5,0.1473946173985798
dose_4,12Oclock,320_480nm,401.0,0.1457005043824513
dose_4,12Oclock,320_480nm,401.5,0.1476161877314249
dose_4,12Oclock,320_480nm,402.0,0.1490555455287297
dose_4,12Oclock,320_480nm,402.5,0.1491164316733678
dose_4,12Oclock,320_480nm,403.0,0.1478002369403838
dose_4,12Oclock,320_480nm,403.5,0.1472211380799611
dose_4,12Oclock,320_480nm,404.0,0.1476554820934931
dose_4,12Oclock,320_480nm,404.5,0.1458490292231241
dose_4,12Oclock,320_480nm,405.0,0.1465366731087366
dose_4,12Oclock,320_480nm,405.5,0.1483789583047231
dose_4,12Oclock,320_480nm,406.0,0.1527174214522043
dose_4,12Oclock,320_480nm,406.5,0.1503046602010726
dose_4,12Oclock,320_480nm,407.0,0.1500777800877888
dose_4,12Oclock,320_480nm,407.5,0.1506201922893524
dose_4,12Oclock,320_480nm,408.0,0.1503793249527613
dose_4,12Oclock,320_480nm,408.5,0.1491490354140599
dose_4,12Oclock,320_480nm,409.0,0.1501180032889048
dose_4,12Oclock,320_480nm,409.5,0.1532111018896103
dose_4,12Oclock,320_480nm,410.0,0.1529584725697835
dose_4,12Oclock,320_480nm,410.5,0.1508173495531081
dose_4,12Oclock,320_480nm,411.0,0.1519206762313842
dose_4,12Oclock,320_480nm,411.5,0.1569373855988184
dose_4,12Oclock,320_480nm,412.0,0.1553907046715417
dose_4,12Oclock,320_480nm,412.5,0.1529505401849746
dose_4,12Oclock,320_480nm,413.0,0.1498059729735056
dose_4,12Oclock,320_480nm,413.5,0.1531540155410766
dose_4,12Oclock,320_480nm,414.0,0.1566460281610488
dose_4,12Oclock,320_480nm,414.5,0.1550058523813883
dose_4,12Oclock,320_480nm,415.0,0.1521482914686202
dose_4,12Oclock,320_480nm,415.5,0.1527634014685948
dose_4,12Oclock,320_480nm,416.0,0.1548469861348469
dose_4,12Oclock,320_480nm,416.5,0.1513009319702783
dose_4,12Oclock,320_480nm,417.0,0.151017427444458
dose_4,12Oclock,320_480nm,417.5,0.1509733895460764
dose_4,12Oclock,320_480nm,418.0,0.1535012274980544
dose_4,12Oclock,320_480nm,418.5,0.1532974342505137
dose_4,12Oclock,320_480nm,419.0,0.1516592502593993
dose_4,12Oclock,320_480nm,419.5,0.1545821477969486
dose_4,12Oclock,320_480nm,420.0,0.1535696536302566
dose_4,12Oclock,320_480nm,420.5,0.1526890993118285
dose_4,12Oclock,320_480nm,421.0,0.1549856116374333
dose_4,12Oclock,320_480nm,421.5,0.1529152741034825
dose_4,12Oclock,320_480nm,422.0,0.1548189719518025
dose_4,12Oclock,320_480nm,422.5,0.1560967365900675
dose_4,12Oclock,320_480nm,423.0,0.1541443516810734
dose_4,12Oclock,320_480nm,423.5,0.1550626258055368
dose_4,12Oclock,320_480nm,424.0,0.1538796424865722
dose_4,12Oclock,320_480nm,424.5,0.154059479633967
dose_4,12Oclock,320_480nm,425.0,0.1585054546594619
dose_4,12Oclock,320_480nm,425.5,0.1571482668320337
dose_4,12Oclock,320_480nm,426.0,0.1547423650821049
dose_4,12Oclock,320_480nm,426.5,0.1536800414323806
dose_4,12Oclock,320_480nm,427.0,0.1554766794045765
dose_4,12Oclock,320_480nm,427.5,0.1599811514218647
dose_4,12Oclock,320_480nm,428.0,0.1548206806182861
dose_4,12Oclock,320_480nm,428.5,0.1553179870049158
dose_4,12Oclock,320_480nm,429.0,0.1585385302702585
dose_4,12Oclock,320_480nm,429.5,0.1629953285058338
dose_4,12Oclock,320_480nm,430.0,0.1553240617116292
dose_4,12Oclock,320_480nm,430.5,0.1558789859215417
dose_4,12Oclock,320_480nm,431.0,0.1573349237442016
dose_4,12Oclock,320_480nm,431.5,0.1579471876223881
dose_4,12Oclock,320_480nm,432.0,0.1595639089743296
dose_4,12Oclock,320_480nm,432.5,0.1585381726423899
dose_4,12Oclock,320_480nm,433.0,0.1577423165241876
dose_4,12Oclock,320_480nm,433.5,0.1576148172219593
dose_4,12Oclock,320_480nm,434.0,0.1570223619540532
dose_4,12Oclock,320_480nm,434.5,0.1569455265998839
dose_4,12Oclock,320_480nm,435.0,0.1563062320152918
dose_4,12Oclock,320_480nm,435.5,0.1572648386160532
dose_4,12Oclock,320_480nm,436.0,0.1596702933311462
dose_4,12Oclock,320_480nm,436.5,0.1621148536602655
dose_4,12Oclock,320_480nm,437.0,0.1577723175287246
dose_4,12Oclock,320_480nm,437.5,0.1590704272190729
dose_4,12Oclock,320_480nm,438.0,0.1576615472634633
dose_4,12Oclock,320_480nm,438.5,0.1597850571076074
dose_4,12Oclock,320_480nm,439.0,0.1597672551870345
dose_4,12Oclock,320_480nm,439.5,0.160714159409205
dose_4,12Oclock,320_480nm,440.0,0.1599447627862294
dose_4,12Oclock,320_480nm,440.5,0.1610852827628453
dose_4,12Oclock,320_480nm,441.0,0.1611271798610687
dose_4,12Oclock,320_480nm,441.5,0.164813424150149
dose_4,12Oclock,320_480nm,442.0,0.1613496392965316
dose_4,12Oclock,320_480nm,442.5,0.1651961157719294
dose_4,12Oclock,320_480nm,443.0,0.1664153635501861
dose_4,12Oclock,320_480nm,443.5,0.1661481211582819
dose_4,12Oclock,320_480nm,444.0,0.16754117111365
dose_4,12Oclock,320_480nm,444.5,0.1619127442439396
dose_4,12Oclock,320_480nm,445.0,0.1644580115874608
dose_4,12Oclock,320_480nm,445.5,0.1672811011473337
dose_4,12Oclock,320_480nm,446.0,0.1648551772038141
dose_4,12Oclock,320_480nm,446.5,0.1622853726148605
dose_4,12Oclock,320_480nm,447.0,0.1624164630969365
dose_4,12Oclock,320_480nm,447.5,0.1628137032190958
dose_4,12Oclock,320_480nm,448.0,0.16425787905852
dose_4,12Oclock,320_480nm,448.5,0.1639083226521809
dose_4,12Oclock,320_480nm,449.0,0.1643225252628326
dose_4,12Oclock,320_480nm,449.5,0.1666158437728881
dose_4,12Oclock,320_480nm,450.0,0.164331426223119
dose_4,12Oclock,320_480nm,450.5,0.1658444801966348
dose_4,12Oclock,320_480nm,451.0,0.1721257517735163
dose_4,12Oclock,320_480nm,451.5,0.1786413192749023
dose_4,12Oclock,320_480nm,452.0,0.1725565940141677
dose_4,12Oclock,320_480nm,452.5,0.176731119553248
dose_4,12Oclock,320_480nm,453.0,0.1773804475863774
dose_4,12Oclock,320_480nm,453.5,0.1697396983702977
dose_4,12Oclock,320_480nm,454.0,0.1787826071182886
dose_4,12Oclock,320_480nm,454.5,0.1736301928758621
dose_4,12Oclock,320_480nm,455.0,0.1726848532756169
dose_4,12Oclock,320_480nm,455.5,0.1757699151833851
dose_4,12Oclock,320_480nm,456.0,0.1711321771144866
dose_4,12Oclock,320_480nm,456.5,0.1712847650051116
dose_4,12Oclock,320_480nm,457.0,0.1762876907984415
dose_4,12Oclock,320_480nm,457.5,0.1776392410198847
dose_4,12Oclock,320_480nm,458.0,0.1721227218707402
dose_4,12Oclock,320_480nm,458.5,0.1744521111249923
dose_4,12Oclock,320_480nm,459.0,0.1764907489220301
dose_4,12Oclock,320_480nm,459.5,0.1787707755963007
dose_4,12Oclock,320_480nm,460.0,0.1783536871274312
dose_4,12Oclock,320_480nm,460.5,0.1748056610425312
dose_4,12Oclock,320_480nm,461.0,0.1766997675100962
dose_4,12Oclock,320_480nm,461.5,0.1806944062312443
dose_4,12Oclock,320_480nm,462.0,0.1796120405197143
dose_4,12Oclock,320_480nm,462.5,0.1805042326450348
dose_4,12Oclock,320_480nm,463.0,0.1831936985254287
dose_4,12Oclock,320_480nm,463.5,0.1842867980400721
dose_4,12Oclock,320_480nm,464.0,0.1848017424345015
dose_4,12Oclock,320_480nm,464.5,0.1904899726311365
dose_4,12Oclock,320_480nm,465.0,0.1871432512998581
dose_4,12Oclock,320_480nm,465.5,0.190152441461881
dose_4,12Oclock,320_480nm,466.0,0.1889747579892476
dose_4,12Oclock,320_480nm,466.5,0.1869715104500452
dose_4,12Oclock,320_480nm,467.0,0.1851683408021927
dose_4,12Oclock,320_480nm,467.5,0.1872917413711547
dose_4,12Oclock,320_480nm,468.0,0.1903238793214161
dose_4,12Oclock,320_480nm,468.5,0.1918630450963973
dose_4,12Oclock,320_480nm,469.0,0.1966426670551299
dose_4,12Oclock,320_480nm,469.5,0.2037486284971236
dose_4,12Oclock,320_480nm,470.0,0.2007474452257156
dose_4,12Oclock,320_480nm,470.5,0.2003772060076395
dose_4,12Oclock,320_480nm,471.0,0.1951067994038263
dose_4,12Oclock,320_480nm,471.5,0.1967436124881108
dose_4,12Oclock,320_480nm,472.0,0.1936768144369124
dose_4,12Oclock,320_480nm,472.5,0.1994435787200927
dose_4,12Oclock,320_480nm,473.0,0.1918782542149225
dose_4,12Oclock,320_480nm,473.5,0.1946550905704498
dose_4,12Oclock,320_480nm,474.0,0.1915699740250905
dose_4,12Oclock,320_480nm,474.5,0.194841166337331
dose_4,12Oclock,320_480nm,475.0,0.1965351253747939
dose_4,12Oclock,320_480nm,475.5,0.2003412147363027
dose_4,12Oclock,320_480nm,476.0,0.1988212565581003
dose_4,12Oclock,320_480nm,476.5,0.1961030115683872
dose_4,12Oclock,320_480nm,477.0,0.1947353829940159
dose_4,12Oclock,320_480nm,477.5,0.1976460913817087
dose_4,12Oclock,320_480nm,478.0,0.1957802921533584
dose_4,12Oclock,320_480nm,478.5,0.1926827132701873
dose_4,12Oclock,320_480nm,479.0,0.1921987483898798
dose_4,12Oclock,320_480nm,479.5,0.1928631762663522
dose_4,12Oclock,320_480nm,480.0,0.1953334013621012
dose_5,12Oclock,320_480nm,320.0,0.1739236811796823
dose_5,12Oclock,320_480nm,320.5,0.1768360386292139
dose_5,12Oclock,320_480nm,321.0,0.1771733909845352
dose_5,12Oclock,320_480nm,321.5,0.177506869037946
dose_5,12Oclock,320_480nm,322.0,0.1786426901817321
dose_5,12Oclock,320_480nm,322.5,0.1770526965459187
dose_5,12Oclock,320_480nm,323.0,0.1787467251221338
dose_5,12Oclock,320_480nm,323.5,0.1817054549853006
dose_5,12Oclock,320_480nm,324.0,0.1789538909991582
dose_5,12Oclock,320_480nm,324.5,0.1796343972285588
dose_5,12Oclock,320_480nm,325.0,0.182508498430252
dose_5,12Oclock,320_480nm,325.5,0.1806934426228205
dose_5,12Oclock,320_480nm,326.0,0.1832139541705449
dose_5,12Oclock,320_480nm,326.5,0.1838812182346979
dose_5,12Oclock,320_480nm,327.0,0.1828646759192148
dose_5,12Oclock,320_480nm,327.5,0.183389460047086
dose_5,12Oclock,320_480nm,328.0,0.1834513396024703
dose_5,12Oclock,320_480nm,328.5,0.1847228755553563
dose_5,12Oclock,320_480nm,329.0,0.184564858675003
dose_5,12Oclock,320_480nm,329.5,0.1831163118282953
dose_5,12Oclock,320_480nm,330.0,0.1836113433043162
dose_5,12Oclock,320_480nm,330.5,0.186309814453125
dose_5,12Oclock,320_480nm,331.0,0.1851980884869893
dose_5,12Oclock,320_480nm,331.5,0.1838571925957997
dose_5,12Oclock,320_480nm,332.0,0.187123417854309
dose_5,12Oclock,320_480nm,332.5,0.185486614704132
dose_5,12Oclock,320_480nm,333.0,0.18448106944561
dose_5,12Oclock,320_480nm,333.5,0.1876061310370762
dose_5,12Oclock,320_480nm,334.0,0.1856647928555805
dose_5,12Oclock,320_480nm,334.5,0.1867243299881616
dose_5,12Oclock,320_480nm,335.0,0.1862920075654982
dose_5,12Oclock,320_480nm,335.5,0.1837329566478729
dose_5,12Oclock,320_480nm,336.0,0.1845466494560241
dose_5,12Oclock,320_480nm,336.5,0.1849070241053899
dose_5,12Oclock,320_480nm,337.0,0.1851960023244221
dose_5,12Oclock,320_480nm,337.5,0.1850660393635431
dose_5,12Oclock,320_480nm,338.0,0.1852009048064549
dose_5,12Oclock,320_480nm,338.5,0.1857431878646214
dose_5,12Oclock,320_480nm,339.0,0.1872905592123667
dose_5,12Oclock,320_480nm,339.5,0.1883774002393086
dose_5,12Oclock,320_480nm,340.0,0.1857135494550069
dose_5,12Oclock,320_480nm,340.5,0.1871183564265568
dose_5,12Oclock,320_480nm,341.0,0.187466412782669
dose_5,12Oclock,320_480nm,341.5,0.1872439036766687
dose_5,12Oclock,320_480nm,342.0,0.189182624220848
dose_5,12Oclock,320_480nm,342.5,0.1892371475696563
dose_5,12Oclock,320_480nm,343.0,0.1892812301715214
dose_5,12Oclock,320_480nm,343.5,0.1914121508598326
dose_5,12Oclock,320_480nm,344.0,0.1903560906648636
dose_5,12Oclock,320_480nm,344.5,0.1918068875869114
dose_5,12Oclock,320_480nm,345.0,0.1909741908311843
dose_5,12Oclock,320_480nm,345.5,0.1899110327164331
dose_5,12Oclock,320_480nm,346.0,0.1915772209564844
dose_5,12Oclock,320_480nm,346.5,0.1922255754470824
dose_5,12Oclock,320_480nm,347.0,0.1929184844096501
dose_5,12Oclock,320_480nm,347.5,0.1939245512088139
dose_5,12Oclock,320_480nm,348.0,0.1934234748284021
dose_5,12Oclock,320_480nm,348.5,0.1946664750576019
dose_5,12Oclock,320_480nm,349.0,0.1937142958243688
dose_5,12Oclock,320_480nm,349.5,0.1941267947355906
dose_5,12Oclock,320_480nm,350.0,0.1940462589263915
dose_5,12Oclock,320_480nm,350.5,0.1942821790774662
dose_5,12Oclock,320_480nm,351.0,0.1952351480722427
dose_5,12Oclock,320_480nm,351.5,0.1959370871384937
dose_5,12Oclock,320_480nm,352.0,0.1974168568849562
dose_5,12Oclock,320_480nm,352.5,0.1965288321177164
dose_5,12Oclock,320_480nm,353.0,0.1958446204662322
dose_5,12Oclock,320_480nm,353.5,0.1963114291429519
dose_5,12Oclock,320_480nm,354.0,0.1975522339344024
dose_5,12Oclock,320_480nm,354.5,0.1989887704451878
dose_5,12Oclock,320_480nm,355.0,0.1991388946771621
dose_5,12Oclock,320_480nm,355.5,0.2005669673283895
dose_5,12Oclock,320_480nm,356.0,0.1993808895349501
dose_5,12Oclock,320_480nm,356.5,0.2014970431725184
dose_5,12Oclock,320_480nm,357.0,0.2007713615894317
dose_5,12Oclock,320_480nm,357.5,0.19914377729098
dose_5,12Oclock,320_480nm,358.0,0.2004805008570352
dose_5,12Oclock,320_480nm,358.5,0.2000114222367604
dose_5,12Oclock,320_480nm,359.0,0.2008031457662582
dose_5,12Oclock,320_480nm,359.5,0.1997007181247075
dose_5,12Oclock,320_480nm,360.0,0.1989072610934575
dose_5,12Oclock,320_480nm,360.5,0.200934737920761
dose_5,12Oclock,320_480nm,361.0,0.201217363278071
dose_5,12Oclock,320_480nm,361.5,0.2015331834554672
dose_5,12Oclock,320_480nm,362.0,0.202391227086385
dose_5,12Oclock,320_480nm,362.5,0.2022433876991271
dose_5,12Oclock,320_480nm,363.0,0.2032783478498458
dose_5,12Oclock,320_480nm,363.5,0.2025445202986399
dose_5,12Oclock,320_480nm,364.0,0.2025905450185139
dose_5,12Oclock,320_480nm,364.5,0.203064352273941
dose_5,12Oclock,320_480nm,365.0,0.2039079467455545
dose_5,12Oclock,320_480nm,365.5,0.2054275373617807
dose_5,12Oclock,320_480nm,366.0,0.2043581008911132
dose_5,12Oclock,320_480nm,366.5,0.2033532907565434
dose_5,12Oclock,320_480nm,367.0,0.2055094043413797
dose_5,12Oclock,320_480nm,367.5,0.2044332573811212
dose_5,12Oclock,320_480nm,368.0,0.2021551678578058
dose_5,12Oclock,320_480nm,368.5,0.202486698826154
dose_5,12Oclock,320_480nm,369.0,0.203200285633405
dose_5,12Oclock,320_480nm,369.5,0.204277068376541
dose_5,12Oclock,320_480nm,370.0,0.2068541795015334
dose_5,12Oclock,320_480nm,370.5,0.207437644402186
dose_5,12Oclock,320_480nm,371.0,0.2060238122940063
dose_5,12Oclock,320_480nm,371.5,0.2081034928560256
dose_5,12Oclock,320_480nm,372.0,0.2090867062409719
dose_5,12Oclock,320_480nm,372.5,0.2075486878554026
dose_5,12Oclock,320_480nm,373.0,0.2078867902358372
dose_5,12Oclock,320_480nm,373.5,0.2088456402222314
dose_5,12Oclock,320_480nm,374.0,0.2078089962402979
dose_5,12Oclock,320_480nm,374.5,0.2073782334725061
dose_5,12Oclock,320_480nm,375.0,0.2057016044855117
dose_5,12Oclock,320_480nm,375.5,0.2056610832611719
dose_5,12Oclock,320_480nm,376.0,0.2030878861745198
dose_5,12Oclock,320_480nm,376.5,0.2022851804892222
dose_5,12Oclock,320_480nm,377.0,0.203565220038096
dose_5,12Oclock,320_480nm,377.5,0.2066791802644729
dose_5,12Oclock,320_480nm,378.0,0.2092438836892446
dose_5,12Oclock,320_480nm,378.5,0.2076504776875178
dose_5,12Oclock,320_480nm,379.0,0.2077933897574742
dose_5,12Oclock,320_480nm,379.5,0.2086545924345652
dose_5,12Oclock,320_480nm,380.0,0.2082972228527068
dose_5,12Oclock,320_480nm,380.5,0.2075353811184565
dose_5,12Oclock,320_480nm,381.0,0.2060252974430719
dose_5,12Oclock,320_480nm,381.5,0.2066807250181833
dose_5,12Oclock,320_480nm,382.0,0.2087956915299097
dose_5,12Oclock,320_480nm,382.5,0.2100547353426614
dose_5,12Oclock,320_480nm,383.0,0.2106302728255589
dose_5,12Oclock,320_480nm,383.5,0.2095014303922652
dose_5,12Oclock,320_480nm,384.0,0.2095445394515991
dose_5,12Oclock,320_480nm,384.5,0.2097829928000767
dose_5,12Oclock,320_480nm,385.0,0.2105537106593449
dose_5,12Oclock,320_480nm,385.5,0.2109587341547012
dose_5,12Oclock,320_480nm,386.0,0.2107591877381006
dose_5,12Oclock,320_480nm,386.5,0.210441971818606
dose_5,12Oclock,320_480nm,387.0,0.2136880258719126
dose_5,12Oclock,320_480nm,387.5,0.2152206550041834
dose_5,12Oclock,320_480nm,388.0,0.2146544804175694
dose_5,12Oclock,320_480nm,388.5,0.2115791589021682
dose_5,12Oclock,320_480nm,389.0,0.2108720789353052
dose_5,12Oclock,320_480nm,389.5,0.2121045440435409
dose_5,12Oclock,320_480nm,390.0,0.2142227838436762
dose_5,12Oclock,320_480nm,390.5,0.2128114600976308
dose_5,12Oclock,320_480nm,391.0,0.2144631991783777
dose_5,12Oclock,320_480nm,391.5,0.2133044352134068
dose_5,12Oclock,320_480nm,392.0,0.2119128157695134
dose_5,12Oclock,320_480nm,392.5,0.2128351479768752
dose_5,12Oclock,320_480nm,393.0,0.2134256412585576
dose_5,12Oclock,320_480nm,393.5,0.2132117599248885
dose_5,12Oclock,320_480nm,394.0,0.2121239999930063
dose_5,12Oclock,320_480nm,394.5,0.2121308594942093
dose_5,12Oclock,320_480nm,395.0,0.2130636473496754
dose_5,12Oclock,320_480nm,395.5,0.2156630009412765
dose_5,12Oclock,320_480nm,396.0,0.218844046195348
dose_5,12Oclock,320_480nm,396.5,0.217342272400856
dose_5,12Oclock,320_480nm,397.0,0.2176256676514943
dose_5,12Oclock,320_480nm,397.5,0.216750552256902
dose_5,12Oclock,320_480nm,398.0,0.2169311841328938
dose_5,12Oclock,320_480nm,398.5,0.2156298806269962
dose_5,12Oclock,320_480nm,399.0,0.2175191889206567
dose_5,12Oclock,320_480nm,399.5,0.2180956403414408
dose_5,12Oclock,320_480nm,400.0,0.2172684768835703
dose_5,12Oclock,320_480nm,400.5,0.2148070583740869
dose_5,12Oclock,320_480nm,401.0,0.2131070047616958
dose_5,12Oclock,320_480nm,401.5,0.214688350756963
dose_5,12Oclock,320_480nm,402.0,0.2159602046012878
dose_5,12Oclock,320_480nm,402.5,0.2159768044948577
dose_5,12Oclock,320_480nm,403.0,0.2148866554101307
dose_5,12Oclock,320_480nm,403.5,0.2144737541675567
dose_5,12Oclock,320_480nm,404.0,0.2145955562591552
dose_5,12Oclock,320_480nm,404.5,0.213591381907463
dose_5,12Oclock,320_480nm,405.0,0.2141028990348179
dose_5,12Oclock,320_480nm,405.5,0.2162055720885594
dose_5,12Oclock,320_480nm,406.0,0.2200702875852584
dose_5,12Oclock,320_480nm,406.5,0.2172604352235793
dose_5,12Oclock,320_480nm,407.0,0.2167849441369374
dose_5,12Oclock,320_480nm,407.5,0.2170227070649464
dose_5,12Oclock,320_480nm,408.0,0.2166990041732787
dose_5,12Oclock,320_480nm,408.5,0.2151727924744288
dose_5,12Oclock,320_480nm,409.0,0.2161406824986139
dose_5,12Oclock,320_480nm,409.5,0.2193468958139419
dose_5,12Oclock,320_480nm,410.0,0.2194518993298212
dose_5,12Oclock,320_480nm,410.5,0.2173323233922322
dose_5,12Oclock,320_480nm,411.0,0.2186688681443531
dose_5,12Oclock,320_480nm,411.5,0.2234301070372263
dose_5,12Oclock,320_480nm,412.0,0.2224342972040176
dose_5,12Oclock,320_480nm,412.5,0.220096136132876
dose_5,12Oclock,320_480nm,413.0,0.2170207897822061
dose_5,12Oclock,320_480nm,413.5,0.2198437601327895
dose_5,12Oclock,320_480nm,414.0,0.2230996737877527
dose_5,12Oclock,320_480nm,414.5,0.221922089656194
dose_5,12Oclock,320_480nm,415.0,0.2190367976824442
dose_5,12Oclock,320_480nm,415.5,0.2195937484502792
dose_5,12Oclock,320_480nm,416.0,0.2212021797895431
dose_5,12Oclock,320_480nm,416.5,0.2175941963990529
dose_5,12Oclock,320_480nm,417.0,0.2172648509343465
dose_5,12Oclock,320_480nm,417.5,0.2174627383550007
dose_5,12Oclock,320_480nm,418.0,0.2193060467640558
dose_5,12Oclock,320_480nm,418.5,0.2192483792702356
dose_5,12Oclock,320_480nm,419.0,0.2180294146140415
dose_5,12Oclock,320_480nm,419.5,0.2212833116451898
dose_5,12Oclock,320_480nm,420.0,0.2202699730793634
dose_5,12Oclock,320_480nm,420.5,0.218966856598854
dose_5,12Oclock,320_480nm,421.0,0.2210193077723184
dose_5,12Oclock,320_480nm,421.5,0.2183544387420017
dose_5,12Oclock,320_480nm,422.0,0.2195703387260436
dose_5,12Oclock,320_480nm,422.5,0.220913678407669
dose_5,12Oclock,320_480nm,423.0,0.2193780193726221
dose_5,12Oclock,320_480nm,423.5,0.2199794799089431
dose_5,12Oclock,320_480nm,424.0,0.2189489950736363
dose_5,12Oclock,320_480nm,424.5,0.2197811603546142
dose_5,12Oclock,320_480nm,425.0,0.2239398608605066
dose_5,12Oclock,320_480nm,425.5,0.2227027416229247
dose_5,12Oclock,320_480nm,426.0,0.220724989970525
dose_5,12Oclock,320_480nm,426.5,0.2197739382584889
dose_5,12Oclock,320_480nm,427.0,0.2209557245175043
dose_5,12Oclock,320_480nm,427.5,0.2250063121318816
dose_5,12Oclock,320_480nm,428.0,0.2204954723517099
dose_5,12Oclock,320_480nm,428.5,0.2209478120009104
dose_5,12Oclock,320_480nm,429.0,0.2242411524057388
dose_5,12Oclock,320_480nm,429.5,0.2288594345251719
dose_5,12Oclock,320_480nm,430.0,0.221964528163274
dose_5,12Oclock,320_480nm,430.5,0.2223958820104599
dose_5,12Oclock,320_480nm,431.0,0.2235604772965113
dose_5,12Oclock,320_480nm,431.5,0.2240990102291107
dose_5,12Oclock,320_480nm,432.0,0.2255127131938934
dose_5,12Oclock,320_480nm,432.5,0.2249067326386769
dose_5,12Oclock,320_480nm,433.0,0.2241485963265101
dose_5,12Oclock,320_480nm,433.5,0.2242207080125808
dose_5,12Oclock,320_480nm,434.0,0.2237026939789453
dose_5,12Oclock,320_480nm,434.5,0.223314677675565
dose_5,12Oclock,320_480nm,435.0,0.2228083759546279
dose_5,12Oclock,320_480nm,435.5,0.2238223354021707
dose_5,12Oclock,320_480nm,436.0,0.2256732036670048
dose_5,12Oclock,320_480nm,436.5,0.2283663799365361
dose_5,12Oclock,320_480nm,437.0,0.2247682958841323
dose_5,12Oclock,320_480nm,437.5,0.2256145377953846
dose_5,12Oclock,320_480nm,438.0,0.2245061149199803
dose_5,12Oclock,320_480nm,438.5,0.2267174671093622
dose_5,12Oclock,320_480nm,439.0,0.2266188760598499
dose_5,12Oclock,320_480nm,439.5,0.2274345904588699
dose_5,12Oclock,320_480nm,440.0,0.2269413272539774
dose_5,12Oclock,320_480nm,440.5,0.2273589273293812
dose_5,12Oclock,320_480nm,441.0,0.2273941785097122
dose_5,12Oclock,320_480nm,441.5,0.2312500725189844
dose_5,12Oclock,320_480nm,442.0,0.2281934916973113
dose_5,12Oclock,320_480nm,442.5,0.2319273799657821
dose_5,12Oclock,320_480nm,443.0,0.2335778971513111
dose_5,12Oclock,320_480nm,443.5,0.2333644876877466
dose_5,12Oclock,320_480nm,444.0,0.2342707415421804
dose_5,12Oclock,320_480nm,444.5,0.2291696270306905
dose_5,12Oclock,320_480nm,445.0,0.2313408156236012
dose_5,12Oclock,320_480nm,445.5,0.2338785131772358
dose_5,12Oclock,320_480nm,446.0,0.2316662669181823
dose_5,12Oclock,320_480nm,446.5,0.2309548507134119
dose_5,12Oclock,320_480nm,447.0,0.229438046614329
dose_5,12Oclock,320_480nm,447.5,0.2291324635346729
dose_5,12Oclock,320_480nm,448.0,0.2308222850163777
dose_5,12Oclock,320_480nm,448.5,0.2305672367413838
dose_5,12Oclock,320_480nm,449.0,0.2306639105081557
dose_5,12Oclock,320_480nm,449.5,0.2330395877361297
dose_5,12Oclock,320_480nm,450.0,0.2312832226355869
dose_5,12Oclock,320_480nm,450.5,0.2340723425149916
dose_5,12Oclock,320_480nm,451.0,0.2399956037600835
dose_5,12Oclock,320_480nm,451.5,0.2450009634097417
dose_5,12Oclock,320_480nm,452.0,0.2384180923302968
dose_5,12Oclock,320_480nm,452.5,0.241548071304957
dose_5,12Oclock,320_480nm,453.0,0.2426980932553608
dose_5,12Oclock,320_480nm,453.5,0.2366067767143249
dose_5,12Oclock,320_480nm,454.0,0.244652306040128
dose_5,12Oclock,320_480nm,454.5,0.2396044184764226
dose_5,12Oclock,320_480nm,455.0,0.2390356709559757
dose_5,12Oclock,320_480nm,455.5,0.2419079691171645
dose_5,12Oclock,320_480nm,456.0,0.2382654597361882
dose_5,12Oclock,320_480nm,456.5,0.2382209698359171
dose_5,12Oclock,320_480nm,457.0,0.2436091303825378
dose_5,12Oclock,320_480nm,457.5,0.2446147004763284
dose_5,12Oclock,320_480nm,458.0,0.2399914860725402
dose_5,12Oclock,320_480nm,458.5,0.2419780194759368
dose_5,12Oclock,320_480nm,459.0,0.2435595492521921
dose_5,12Oclock,320_480nm,459.5,0.2457584589719772
dose_5,12Oclock,320_480nm,460.0,0.2450558195511499
dose_5,12Oclock,320_480nm,460.5,0.2411898622910181
dose_5,12Oclock,320_480nm,461.0,0.2430991729100544
dose_5,12Oclock,320_480nm,461.5,0.2471670061349868
dose_5,12Oclock,320_480nm,462.0,0.2470440367857614
dose_5,12Oclock,320_480nm,462.5,0.2482494016488392
dose_5,12Oclock,320_480nm,463.0,0.2519039163986841
dose_5,12Oclock,320_480nm,463.5,0.2530251890420913
dose_5,12Oclock,320_480nm,464.0,0.2533452560504277
dose_5,12Oclock,320_480nm,464.5,0.2577573458353678
dose_5,12Oclock,320_480nm,465.0,0.2538366168737411
dose_5,12Oclock,320_480nm,465.5,0.2565946231285731
dose_5,12Oclock,320_480nm,466.0,0.2556080669164657
dose_5,12Oclock,320_480nm,466.5,0.254777193069458
dose_5,12Oclock,320_480nm,467.0,0.2538491239150365
dose_5,12Oclock,320_480nm,467.5,0.2576628973086675
dose_5,12Oclock,320_480nm,468.0,0.2611914028724034
dose_5,12Oclock,320_480nm,468.5,0.2625564287106195
dose_5,12Oclock,320_480nm,469.0,0.2656175394852955
dose_5,12Oclock,320_480nm,469.5,0.2699529429276784
dose_5,12Oclock,320_480nm,470.0,0.2664686540762583
dose_5,12Oclock,320_480nm,470.5,0.2656749884287516
dose_5,12Oclock,320_480nm,471.0,0.2613361030817032
dose_5,12Oclock,320_480nm,471.5,0.2628877907991409
dose_5,12Oclock,320_480nm,472.0,0.2601725409428279
dose_5,12Oclock,320_480nm,472.5,0.2651683390140533
dose_5,12Oclock,320_480nm,473.0,0.2592521856228509
dose_5,12Oclock,320_480nm,473.5,0.2630805174509684
dose_5,12Oclock,320_480nm,474.0,0.2610489279031753
dose_5,12Oclock,320_480nm,474.5,0.2640461077292759
dose_5,12Oclock,320_480nm,475.0,0.2642000665267308
dose_5,12Oclock,320_480nm,475.5,0.2659571568171183
dose_5,12Oclock,320_480nm,476.0,0.2645512719949086
dose_5,12Oclock,320_480nm,476.5,0.2629684209823608
dose_5,12Oclock,320_480nm,477.0,0.2618735680977503
dose_5,12Oclock,320_480nm,477.5,0.2654786109924316
dose_5,12Oclock,320_480nm,478.0,0.2639409899711609
dose_5,12Oclock,320_480nm,478.5,0.2613335400819778
dose_5,12Oclock,320_480nm,479.0,0.2610470255215962
dose_5,12Oclock,320_480nm,479.5,0.2619910637537638
dose_5,12Oclock,320_480nm,480.0,0.2647224068641662
dose_6,12Oclock,320_480nm,320.0,0.1617513795693715
dose_6,12Oclock,320_480nm,320.5,0.1650292177995045
dose_6,12Oclock,320_480nm,321.0,0.1651910344759622
dose_6,12Oclock,320_480nm,321.5,0.1653909981250762
dose_6,12Oclock,320_480nm,322.0,0.1667457570632298
dose_6,12Oclock,320_480nm,322.5,0.1650875210762023
dose_6,12Oclock,320_480nm,323.0,0.1671023766199747
dose_6,12Oclock,320_480nm,323.5,0.1698279033104578
dose_6,12Oclock,320_480nm,324.0,0.1671719551086425
dose_6,12Oclock,320_480nm,324.5,0.1676698376735051
dose_6,12Oclock,320_480nm,325.0,0.1706938743591308
dose_6,12Oclock,320_480nm,325.5,0.1690409729878107
dose_6,12Oclock,320_480nm,326.0,0.1717393497625986
dose_6,12Oclock,320_480nm,326.5,0.1725205679734547
dose_6,12Oclock,320_480nm,327.0,0.1715999394655226
dose_6,12Oclock,320_480nm,327.5,0.172082503636678
dose_6,12Oclock,320_480nm,328.0,0.172589952747027
dose_6,12Oclock,320_480nm,328.5,0.1737600664297739
dose_6,12Oclock,320_480nm,329.0,0.1734860390424728
dose_6,12Oclock,320_480nm,329.5,0.1719017873207728
dose_6,12Oclock,320_480nm,330.0,0.1724352339903513
dose_6,12Oclock,320_480nm,330.5,0.1752511362234751
dose_6,12Oclock,320_480nm,331.0,0.173967570066452
dose_6,12Oclock,320_480nm,331.5,0.1726342538992563
dose_6,12Oclock,320_480nm,332.0,0.1762019594510395
dose_6,12Oclock,320_480nm,332.5,0.1743767857551574
dose_6,12Oclock,320_480nm,333.0,0.1733506669600804
dose_6,12Oclock,320_480nm,333.5,0.176443040370941
dose_6,12Oclock,320_480nm,334.0,0.1745784729719161
dose_6,12Oclock,320_480nm,334.5,0.175751656293869
dose_6,12Oclock,320_480nm,335.0,0.1755796968936919
dose_6,12Oclock,320_480nm,335.5,0.173107827703158
dose_6,12Oclock,320_480nm,336.0,0.173763558268547
dose_6,12Oclock,320_480nm,336.5,0.1743437498807906
dose_6,12Oclock,320_480nm,337.0,0.1750134527683257
dose_6,12Oclock,320_480nm,337.5,0.174426719546318
dose_6,12Oclock,320_480nm,338.0,0.1745170106490452
dose_6,12Oclock,320_480nm,338.5,0.1751194546620051
dose_6,12Oclock,320_480nm,339.0,0.1764925817648569
dose_6,12Oclock,320_480nm,339.5,0.1777101010084151
dose_6,12Oclock,320_480nm,340.0,0.1747444669405619
dose_6,12Oclock,320_480nm,340.5,0.1762339323759079
dose_6,12Oclock,320_480nm,341.0,0.1766071021556853
dose_6,12Oclock,320_480nm,341.5,0.1764830897251764
dose_6,12Oclock,320_480nm,342.0,0.1784757872422536
dose_6,12Oclock,320_480nm,342.5,0.1786601543426513
dose_6,12Oclock,320_480nm,343.0,0.1788242657979329
dose_6,12Oclock,320_480nm,343.5,0.1809750149647394
dose_6,12Oclock,320_480nm,344.0,0.1799580107132593
dose_6,12Oclock,320_480nm,344.5,0.1812793562809626
dose_6,12Oclock,320_480nm,345.0,0.1805248061815897
dose_6,12Oclock,320_480nm,345.5,0.1793013662099838
dose_6,12Oclock,320_480nm,346.0,0.1808385103940963
dose_6,12Oclock,320_480nm,346.5,0.181432803471883
dose_6,12Oclock,320_480nm,347.0,0.1820977081855137
dose_6,12Oclock,320_480nm,347.5,0.1832398523886998
dose_6,12Oclock,320_480nm,348.0,0.1825295090675353
dose_6,12Oclock,320_480nm,348.5,0.1837324649095535
dose_6,12Oclock,320_480nm,349.0,0.1829482614994048
dose_6,12Oclock,320_480nm,349.5,0.1834164708852768
dose_6,12Oclock,320_480nm,350.0,0.1833809564510981
dose_6,12Oclock,320_480nm,350.5,0.1837067653735478
dose_6,12Oclock,320_480nm,351.0,0.1847463448842366
dose_6,12Oclock,320_480nm,351.5,0.1853350599606831
dose_6,12Oclock,320_480nm,352.0,0.1866455425818761
dose_6,12Oclock,320_480nm,352.5,0.1855635245641072
dose_6,12Oclock,320_480nm,353.0,0.1849865267674127
dose_6,12Oclock,320_480nm,353.5,0.1853310217459996
dose_6,12Oclock,320_480nm,354.0,0.1864188760519027
dose_6,12Oclock,320_480nm,354.5,0.1877748717864354
dose_6,12Oclock,320_480nm,355.0,0.1879621297121048
dose_6,12Oclock,320_480nm,355.5,0.1895870119333267
dose_6,12Oclock,320_480nm,356.0,0.1883233437935511
dose_6,12Oclock,320_480nm,356.5,0.1904406795899072
dose_6,12Oclock,320_480nm,357.0,0.1896546979745228
dose_6,12Oclock,320_480nm,357.5,0.1879398971796035
dose_6,12Oclock,320_480nm,358.0,0.1892350117365519
dose_6,12Oclock,320_480nm,358.5,0.1889404257138569
dose_6,12Oclock,320_480nm,359.0,0.1899326841036478
dose_6,12Oclock,320_480nm,359.5,0.1887876639763513
dose_6,12Oclock,320_480nm,360.0,0.1877607206503549
dose_6,12Oclock,320_480nm,360.5,0.1898548950751622
dose_6,12Oclock,320_480nm,361.0,0.1900943815708159
dose_6,12Oclock,320_480nm,361.5,0.190590019027392
dose_6,12Oclock,320_480nm,362.0,0.1915398190418879
dose_6,12Oclock,320_480nm,362.5,0.1910131921370823
dose_6,12Oclock,320_480nm,363.0,0.1922323803106943
dose_6,12Oclock,320_480nm,363.5,0.1917327294747034
dose_6,12Oclock,320_480nm,364.0,0.191602885723114
dose_6,12Oclock,320_480nm,364.5,0.1922936936219532
dose_6,12Oclock,320_480nm,365.0,0.193224882086118
dose_6,12Oclock,320_480nm,365.5,0.194917653997739
dose_6,12Oclock,320_480nm,366.0,0.1941259950399398
dose_6,12Oclock,320_480nm,366.5,0.1929788490136464
dose_6,12Oclock,320_480nm,367.0,0.1951783349116642
dose_6,12Oclock,320_480nm,367.5,0.1939852734406789
dose_6,12Oclock,320_480nm,368.0,0.1917924682299295
dose_6,12Oclock,320_480nm,368.5,0.1923712641000747
dose_6,12Oclock,320_480nm,369.0,0.1929907500743865
dose_6,12Oclock,320_480nm,369.5,0.1942002127567926
dose_6,12Oclock,320_480nm,370.0,0.1969533115625381
dose_6,12Oclock,320_480nm,370.5,0.1974106431007385
dose_6,12Oclock,320_480nm,371.0,0.1960435658693313
dose_6,12Oclock,320_480nm,371.5,0.1981511314709981
dose_6,12Oclock,320_480nm,372.0,0.1992668112119039
dose_6,12Oclock,320_480nm,372.5,0.1978572855393091
dose_6,12Oclock,320_480nm,373.0,0.1983003119627634
dose_6,12Oclock,320_480nm,373.5,0.1993208676576614
dose_6,12Oclock,320_480nm,374.0,0.1986534943183262
dose_6,12Oclock,320_480nm,374.5,0.1979314734538395
dose_6,12Oclock,320_480nm,375.0,0.1960961073637008
dose_6,12Oclock,320_480nm,375.5,0.196354404091835
dose_6,12Oclock,320_480nm,376.0,0.1941029131412506
dose_6,12Oclock,320_480nm,376.5,0.1930961459875106
dose_6,12Oclock,320_480nm,377.0,0.1941494892040888
dose_6,12Oclock,320_480nm,377.5,0.1974416027466455
dose_6,12Oclock,320_480nm,378.0,0.2005083709955214
dose_6,12Oclock,320_480nm,378.5,0.1990315069754918
dose_6,12Oclock,320_480nm,379.0,0.1990647961695989
dose_6,12Oclock,320_480nm,379.5,0.1999540776014327
dose_6,12Oclock,320_480nm,380.0,0.1996411730845768
dose_6,12Oclock,320_480nm,380.5,0.1985985438028971
dose_6,12Oclock,320_480nm,381.0,0.1972354551156362
dose_6,12Oclock,320_480nm,381.5,0.1981640954812367
dose_6,12Oclock,320_480nm,382.0,0.2005733350912729
dose_6,12Oclock,320_480nm,382.5,0.2019822845856348
dose_6,12Oclock,320_480nm,383.0,0.2024755080540974
dose_6,12Oclock,320_480nm,383.5,0.2014014373222986
dose_6,12Oclock,320_480nm,384.0,0.2012850791215896
dose_6,12Oclock,320_480nm,384.5,0.2016953378915786
dose_6,12Oclock,320_480nm,385.0,0.2025644928216934
dose_6,12Oclock,320_480nm,385.5,0.2030305216709772
dose_6,12Oclock,320_480nm,386.0,0.2028350333372751
dose_6,12Oclock,320_480nm,386.5,0.2027703225612639
dose_6,12Oclock,320_480nm,387.0,0.2065881689389546
dose_6,12Oclock,320_480nm,387.5,0.2076418896516163
dose_6,12Oclock,320_480nm,388.0,0.2070764104525247
dose_6,12Oclock,320_480nm,388.5,0.2041226526101429
dose_6,12Oclock,320_480nm,389.0,0.2033475637435912
dose_6,12Oclock,320_480nm,389.5,0.2047539005676905
dose_6,12Oclock,320_480nm,390.0,0.2071675807237624
dose_6,12Oclock,320_480nm,390.5,0.2059423029422759
dose_6,12Oclock,320_480nm,391.0,0.2077043404181797
dose_6,12Oclock,320_480nm,391.5,0.2064859767754872
dose_6,12Oclock,320_480nm,392.0,0.2050216794013976
dose_6,12Oclock,320_480nm,392.5,0.2061919768651326
dose_6,12Oclock,320_480nm,393.0,0.206669732928276
dose_6,12Oclock,320_480nm,393.5,0.2065077424049377
dose_6,12Oclock,320_480nm,394.0,0.2056804249684015
dose_6,12Oclock,320_480nm,394.5,0.2058009505271911
dose_6,12Oclock,320_480nm,395.0,0.206550841530164
dose_6,12Oclock,320_480nm,395.5,0.2092348188161849
dose_6,12Oclock,320_480nm,396.0,0.2126205017169316
dose_6,12Oclock,320_480nm,396.5,0.2115745445092518
dose_6,12Oclock,320_480nm,397.0,0.2121060689290364
dose_6,12Oclock,320_480nm,397.5,0.2115121533473332
dose_6,12Oclock,320_480nm,398.0,0.2114569892485936
dose_6,12Oclock,320_480nm,398.5,0.2103440264860788
dose_6,12Oclock,320_480nm,399.0,0.2126003553469975
dose_6,12Oclock,320_480nm,399.5,0.2133513689041137
dose_6,12Oclock,320_480nm,400.0,0.2123666505018869
dose_6,12Oclock,320_480nm,400.5,0.2100464552640914
dose_6,12Oclock,320_480nm,401.0,0.2085812240839004
dose_6,12Oclock,320_480nm,401.5,0.210315778851509
dose_6,12Oclock,320_480nm,402.0,0.2118282218774159
dose_6,12Oclock,320_480nm,402.5,0.2116784701744715
dose_6,12Oclock,320_480nm,403.0,0.2108886589606602
dose_6,12Oclock,320_480nm,403.5,0.2105066329240798
dose_6,12Oclock,320_480nm,404.0,0.2106164296468098
dose_6,12Oclock,320_480nm,404.5,0.2092370390892028
dose_6,12Oclock,320_480nm,405.0,0.2102363606293995
dose_6,12Oclock,320_480nm,405.5,0.2124715894460677
dose_6,12Oclock,320_480nm,406.0,0.2169600874185561
dose_6,12Oclock,320_480nm,406.5,0.214219848314921
dose_6,12Oclock,320_480nm,407.0,0.2138901849587757
dose_6,12Oclock,320_480nm,407.5,0.2139613181352615
dose_6,12Oclock,320_480nm,408.0,0.2135947197675705
dose_6,12Oclock,320_480nm,408.5,0.2124497393767038
dose_6,12Oclock,320_480nm,409.0,0.213869775334994
dose_6,12Oclock,320_480nm,409.5,0.2173875719308853
dose_6,12Oclock,320_480nm,410.0,0.2176362375418345
dose_6,12Oclock,320_480nm,410.5,0.2154663503170012
dose_6,12Oclock,320_480nm,411.0,0.2165526250998178
dose_6,12Oclock,320_480nm,411.5,0.2215453485647837
dose_6,12Oclock,320_480nm,412.0,0.2204735030730564
dose_6,12Oclock,320_480nm,412.5,0.2182404100894928
dose_6,12Oclock,320_480nm,413.0,0.2152643551429112
dose_6,12Oclock,320_480nm,413.5,0.2184753865003585
dose_6,12Oclock,320_480nm,414.0,0.2217479149500528
dose_6,12Oclock,320_480nm,414.5,0.2202486544847488
dose_6,12Oclock,320_480nm,415.0,0.2172051767508188
dose_6,12Oclock,320_480nm,415.5,0.2181576341390609
dose_6,12Oclock,320_480nm,416.0,0.2199307481447855
dose_6,12Oclock,320_480nm,416.5,0.2166680246591568
dose_6,12Oclock,320_480nm,417.0,0.2160637577374776
dose_6,12Oclock,320_480nm,417.5,0.2163761059443155
dose_6,12Oclock,320_480nm,418.0,0.2185377975304921
dose_6,12Oclock,320_480nm,418.5,0.2188019752502441
dose_6,12Oclock,320_480nm,419.0,0.2175544649362563
dose_6,12Oclock,320_480nm,419.5,0.2202868113915125
dose_6,12Oclock,320_480nm,420.0,0.2192816783984501
dose_6,12Oclock,320_480nm,420.5,0.2184333950281143
dose_6,12Oclock,320_480nm,421.0,0.2204152643680572
dose_6,12Oclock,320_480nm,421.5,0.2179298599561055
dose_6,12Oclock,320_480nm,422.0,0.2191142092148462
dose_6,12Oclock,320_480nm,422.5,0.2205252895752588
dose_6,12Oclock,320_480nm,423.0,0.219182680050532
dose_6,12Oclock,320_480nm,423.5,0.2197413146495819
dose_6,12Oclock,320_480nm,424.0,0.2194624990224838
dose_6,12Oclock,320_480nm,424.5,0.2202514608701069
dose_6,12Oclock,320_480nm,425.0,0.2248946875333785
dose_6,12Oclock,320_480nm,425.5,0.2241743952035903
dose_6,12Oclock,320_480nm,426.0,0.2206110159556071
dose_6,12Oclock,320_480nm,426.5,0.2195349335670471
dose_6,12Oclock,320_480nm,427.0,0.2209403912226358
dose_6,12Oclock,320_480nm,427.5,0.2255394309759139
dose_6,12Oclock,320_480nm,428.0,0.221285750468572
dose_6,12Oclock,320_480nm,428.5,0.2213529596726099
dose_6,12Oclock,320_480nm,429.0,0.2250841657320658
dose_6,12Oclock,320_480nm,429.5,0.230066567659378
dose_6,12Oclock,320_480nm,430.0,0.2229069421688715
dose_6,12Oclock,320_480nm,430.5,0.2230556408564249
dose_6,12Oclock,320_480nm,431.0,0.2239579657713571
dose_6,12Oclock,320_480nm,431.5,0.2246242860953012
dose_6,12Oclock,320_480nm,432.0,0.2262241293986638
dose_6,12Oclock,320_480nm,432.5,0.2257347653309503
dose_6,12Oclock,320_480nm,433.0,0.2248157163461048
dose_6,12Oclock,320_480nm,433.5,0.2247737993796666
dose_6,12Oclock,320_480nm,434.0,0.2240645239750544
dose_6,12Oclock,320_480nm,434.5,0.2242709298928578
dose_6,12Oclock,320_480nm,435.0,0.2232875029246012
dose_6,12Oclock,320_480nm,435.5,0.2274408489465713
dose_6,12Oclock,320_480nm,436.0,0.2276143878698348
dose_6,12Oclock,320_480nm,436.5,0.2296332617600759
dose_6,12Oclock,320_480nm,437.0,0.2255407522122064
dose_6,12Oclock,320_480nm,437.5,0.2265846530596415
dose_6,12Oclock,320_480nm,438.0,0.2254027823607126
dose_6,12Oclock,320_480nm,438.5,0.2272958705822626
dose_6,12Oclock,320_480nm,439.0,0.2273577799399693
dose_6,12Oclock,320_480nm,439.5,0.2286883443593978
dose_6,12Oclock,320_480nm,440.0,0.2277923822402953
dose_6,12Oclock,320_480nm,440.5,0.2283764878908792
dose_6,12Oclock,320_480nm,441.0,0.2282896041870117
dose_6,12Oclock,320_480nm,441.5,0.2322883953650791
dose_6,12Oclock,320_480nm,442.0,0.2287929008404413
dose_6,12Oclock,320_480nm,442.5,0.2332161168257395
dose_6,12Oclock,320_480nm,443.0,0.2347176522016525
dose_6,12Oclock,320_480nm,443.5,0.2343092511097589
dose_6,12Oclock,320_480nm,444.0,0.2356719623009363
dose_6,12Oclock,320_480nm,444.5,0.2305165479580561
dose_6,12Oclock,320_480nm,445.0,0.2326049904028574
dose_6,12Oclock,320_480nm,445.5,0.2356266031662623
dose_6,12Oclock,320_480nm,446.0,0.2331826736529668
dose_6,12Oclock,320_480nm,446.5,0.2325607488552729
dose_6,12Oclock,320_480nm,447.0,0.2311142881711323
dose_6,12Oclock,320_480nm,447.5,0.2306314508120218
dose_6,12Oclock,320_480nm,448.0,0.2321247160434722
dose_6,12Oclock,320_480nm,448.5,0.231869821747144
dose_6,12Oclock,320_480nm,449.0,0.2323861767848332
dose_6,12Oclock,320_480nm,449.5,0.2351038406292596
dose_6,12Oclock,320_480nm,450.0,0.2331610669692356
dose_6,12Oclock,320_480nm,450.5,0.2362236032883326
dose_6,12Oclock,320_480nm,451.0,0.242769087354342
dose_6,12Oclock,320_480nm,451.5,0.2480549216270446
dose_6,12Oclock,320_480nm,452.0,0.2423330495754877
dose_6,12Oclock,320_480nm,452.5,0.2433346311251322
dose_6,12Oclock,320_480nm,453.0,0.2453842858473459
dose_6,12Oclock,320_480nm,453.5,0.2394514729579289
dose_6,12Oclock,320_480nm,454.0,0.2475813577572504
dose_6,12Oclock,320_480nm,454.5,0.2424065719048181
dose_6,12Oclock,320_480nm,455.0,0.2416522403558095
dose_6,12Oclock,320_480nm,455.5,0.2440064499775568
dose_6,12Oclock,320_480nm,456.0,0.2411536326011022
dose_6,12Oclock,320_480nm,456.5,0.2415293802817662
dose_6,12Oclock,320_480nm,457.0,0.2465147972106933
dose_6,12Oclock,320_480nm,457.5,0.2480241159598032
dose_6,12Oclock,320_480nm,458.0,0.243123044570287
dose_6,12Oclock,320_480nm,458.5,0.2448755552371342
dose_6,12Oclock,320_480nm,459.0,0.2468829154968261
dose_6,12Oclock,320_480nm,459.5,0.2489076058069864
dose_6,12Oclock,320_480nm,460.0,0.2480366726716359
dose_6,12Oclock,320_480nm,460.5,0.244540716211001
dose_6,12Oclock,320_480nm,461.0,0.2465590586264927
dose_6,12Oclock,320_480nm,461.5,0.2509843508402506
dose_6,12Oclock,320_480nm,462.0,0.2508752544720967
dose_6,12Oclock,320_480nm,462.5,0.2520137031873067
dose_6,12Oclock,320_480nm,463.0,0.2559049328168233
dose_6,12Oclock,320_480nm,463.5,0.2578851332267124
dose_6,12Oclock,320_480nm,464.0,0.2576080461343129
dose_6,12Oclock,320_480nm,464.5,0.2620660215616225
dose_6,12Oclock,320_480nm,465.0,0.2580377012491225
dose_6,12Oclock,320_480nm,465.5,0.260491594672203
dose_6,12Oclock,320_480nm,466.0,0.2596750607093174
dose_6,12Oclock,320_480nm,466.5,0.2585060546795527
dose_6,12Oclock,320_480nm,467.0,0.2579821646213531
dose_6,12Oclock,320_480nm,467.5,0.262353350718816
dose_6,12Oclock,320_480nm,468.0,0.2672164440155029
dose_6,12Oclock,320_480nm,468.5,0.2685753802458445
dose_6,12Oclock,320_480nm,469.0,0.2707886497179667
dose_6,12Oclock,320_480nm,469.5,0.2745656768480937
dose_6,12Oclock,320_480nm,470.0,0.2712676028410593
dose_6,12Oclock,320_480nm,470.5,0.2702096005280812
dose_6,12Oclock,320_480nm,471.0,0.2660585343837738
dose_6,12Oclock,320_480nm,471.5,0.2671775023142496
dose_6,12Oclock,320_480nm,472.0,0.2650560637315114
dose_6,12Oclock,320_480nm,472.5,0.2700025637944539
dose_6,12Oclock,320_480nm,473.0,0.2646861573060353
dose_6,12Oclock,320_480nm,473.5,0.2682717442512512
dose_6,12Oclock,320_480nm,474.0,0.2675214111804961
dose_6,12Oclock,320_480nm,474.5,0.2707218925158183
dose_6,12Oclock,320_480nm,475.0,0.2701107561588287
dose_6,12Oclock,320_480nm,475.5,0.2716285089651744
dose_6,12Oclock,320_480nm,476.0,0.2699893613656361
dose_6,12Oclock,320_480nm,476.5,0.2691570023695628
dose_6,12Oclock,320_480nm,477.0,0.2708452045917511
dose_6,12Oclock,320_480nm,477.5,0.2719572484493255
dose_6,12Oclock,320_480nm,478.0,0.2703338662783305
dose_6,12Oclock,320_480nm,478.5,0.2673361897468567
dose_6,12Oclock,320_480nm,479.0,0.2679475645224253
dose_6,12Oclock,320_480nm,479.5,0.2691938579082489
dose_6,12Oclock,320_480nm,480.0,0.2717224260171254
