dose_id,angle,band_label,wavelength_nm,continuum_minus_reflectance
dose_3,12Oclock,320_480nm,320.0,0.0
dose_3,12Oclock,320_480nm,320.5,-0.0036298062186689017
dose_3,12Oclock,320_480nm,321.0,-0.003362169023603201
dose_3,12Oclock,320_480nm,321.5,-0.003396364782626504
dose_3,12Oclock,320_480nm,322.0,-0.003935051771501802
dose_3,12Oclock,320_480nm,322.5,-0.0018271484877915023
dose_3,12Oclock,320_480nm,323.0,-0.00370301352813851
dose_3,12Oclock,320_480nm,323.5,-0.00677811408725891
dose_3,12Oclock,320_480nm,324.0,-0.0030753593891860026
dose_3,12Oclock,320_480nm,324.5,-0.003497981233522421
dose_3,12Oclock,320_480nm,325.0,-0.0066882752192518186
dose_3,12Oclock,320_480nm,325.5,-0.004043306767319718
dose_3,12Oclock,320_480nm,326.0,-0.007128147718807126
dose_3,12Oclock,320_480nm,326.5,-0.00747698894701912
dose_3,12Oclock,320_480nm,327.0,-0.005502334330231021
dose_3,12Oclock,320_480nm,327.5,-0.006232863835369626
dose_3,12Oclock,320_480nm,328.0,-0.005992428710063419
dose_3,12Oclock,320_480nm,328.5,-0.006979432034616734
dose_3,12Oclock,320_480nm,329.0,-0.006109470035880846
dose_3,12Oclock,320_480nm,329.5,-0.0037101074897995384
dose_3,12Oclock,320_480nm,330.0,-0.004049950900177235
dose_3,12Oclock,320_480nm,330.5,-0.007327662548050354
dose_3,12Oclock,320_480nm,331.0,-0.005326183357586542
dose_3,12Oclock,320_480nm,331.5,-0.003035115000481453
dose_3,12Oclock,320_480nm,332.0,-0.007398597275217453
dose_3,12Oclock,320_480nm,332.5,-0.004814957035705544
dose_3,12Oclock,320_480nm,333.0,-0.0030034626834095496
dose_3,12Oclock,320_480nm,333.5,-0.006988244364038151
dose_3,12Oclock,320_480nm,334.0,-0.0036620469763875563
dose_3,12Oclock,320_480nm,334.5,-0.004578267301743266
dose_3,12Oclock,320_480nm,335.0,-0.0040947222150862495
dose_3,12Oclock,320_480nm,335.5,-0.0006582711357623616
dose_3,12Oclock,320_480nm,336.0,-0.0013527497649193643
dose_3,12Oclock,320_480nm,336.5,-0.0015692761323105597
dose_3,12Oclock,320_480nm,337.0,-0.001913783606141875
dose_3,12Oclock,320_480nm,337.5,-0.0008073625310014709
dose_3,12Oclock,320_480nm,338.0,-0.0005334171776970736
dose_3,12Oclock,320_480nm,338.5,-0.0007180004225423725
dose_3,12Oclock,320_480nm,339.0,-0.0022831613508363796
dose_3,12Oclock,320_480nm,339.5,-0.0033287088541935766
dose_3,12Oclock,320_480nm,340.0,0.0005865239848692194
dose_3,12Oclock,320_480nm,340.5,-0.0012650943826884864
dose_3,12Oclock,320_480nm,341.0,-0.0012050601653755821
dose_3,12Oclock,320_480nm,341.5,-0.000474312265093188
dose_3,12Oclock,320_480nm,342.0,-0.0025757336989045976
dose_3,12Oclock,320_480nm,342.5,-0.00215216578605279
dose_3,12Oclock,320_480nm,343.0,-0.0017331178920965001
dose_3,12Oclock,320_480nm,343.5,-0.004189778041715511
dose_3,12Oclock,320_480nm,344.0,-0.0023807746668657037
dose_3,12Oclock,320_480nm,344.5,-0.00405761979830771
dose_3,12Oclock,320_480nm,345.0,-0.002605116770913296
dose_3,12Oclock,320_480nm,345.5,-0.0008340616865705058
dose_3,12Oclock,320_480nm,346.0,-0.002466257972022018
dose_3,12Oclock,320_480nm,346.5,-0.0028232849047830078
dose_3,12Oclock,320_480nm,347.0,-0.003384003260483423
dose_3,12Oclock,320_480nm,347.5,-0.0041367354958008196
dose_3,12Oclock,320_480nm,348.0,-0.0028323798129956113
dose_3,12Oclock,320_480nm,348.5,-0.004007468077664625
dose_3,12Oclock,320_480nm,349.0,-0.002537836165477911
dose_3,12Oclock,320_480nm,349.5,-0.0027629803710928214
dose_3,12Oclock,320_480nm,350.0,-0.002206074384351636
dose_3,12Oclock,320_480nm,350.5,-0.002099411950136229
dose_3,12Oclock,320_480nm,351.0,-0.003056044224649737
dose_3,12Oclock,320_480nm,351.5,-0.0031003851909191388
dose_3,12Oclock,320_480nm,352.0,-0.004535237948099832
dose_3,12Oclock,320_480nm,352.5,-0.0029612010500084385
dose_3,12Oclock,320_480nm,353.0,-0.001793141321589642
dose_3,12Oclock,320_480nm,353.5,-0.0021382622265568446
dose_3,12Oclock,320_480nm,354.0,-0.002834347697595843
dose_3,12Oclock,320_480nm,354.5,-0.003697204481189556
dose_3,12Oclock,320_480nm,355.0,-0.00431977755700555
dose_3,12Oclock,320_480nm,355.5,-0.006009581731632449
dose_3,12Oclock,320_480nm,356.0,-0.0038580577820540585
dose_3,12Oclock,320_480nm,356.5,-0.006830427252377161
dose_3,12Oclock,320_480nm,357.0,-0.005327141067634059
dose_3,12Oclock,320_480nm,357.5,-0.0029504580888897736
dose_3,12Oclock,320_480nm,358.0,-0.004455674129227857
dose_3,12Oclock,320_480nm,358.5,-0.003487895941361868
dose_3,12Oclock,320_480nm,359.0,-0.0043301742213468775
dose_3,12Oclock,320_480nm,359.5,-0.0025775518734008768
dose_3,12Oclock,320_480nm,360.0,-0.0013310673336188739
dose_3,12Oclock,320_480nm,360.5,-0.0031870914778362874
dose_3,12Oclock,320_480nm,361.0,-0.0030833596053223833
dose_3,12Oclock,320_480nm,361.5,-0.0032911861781031865
dose_3,12Oclock,320_480nm,362.0,-0.004367300930122595
dose_3,12Oclock,320_480nm,362.5,-0.0034444497432559867
dose_3,12Oclock,320_480nm,363.0,-0.004259637712190595
dose_3,12Oclock,320_480nm,363.5,-0.0030857714979599937
dose_3,12Oclock,320_480nm,364.0,-0.0027677038063605996
dose_3,12Oclock,320_480nm,364.5,-0.0030340671073646047
dose_3,12Oclock,320_480nm,365.0,-0.0036419377041360945
dose_3,12Oclock,320_480nm,365.5,-0.005667539546266295
dose_3,12Oclock,320_480nm,366.0,-0.004072889375190014
dose_3,12Oclock,320_480nm,366.5,-0.002245974804585202
dose_3,12Oclock,320_480nm,367.0,-0.005124712828546804
dose_3,12Oclock,320_480nm,367.5,-0.003125900945936705
dose_3,12Oclock,320_480nm,368.0,0.0002663110693295889
dose_3,12Oclock,320_480nm,368.5,-0.00015772638532031424
dose_3,12Oclock,320_480nm,369.0,-0.00027489926045140556
dose_3,12Oclock,320_480nm,369.5,-0.0006211427195619151
dose_3,12Oclock,320_480nm,370.0,-0.003927616092066016
dose_3,12Oclock,320_480nm,370.5,-0.004288157215342009
dose_3,12Oclock,320_480nm,371.0,-0.001656232246508224
dose_3,12Oclock,320_480nm,371.5,-0.004021866169447719
dose_3,12Oclock,320_480nm,372.0,-0.005007548257708633
dose_3,12Oclock,320_480nm,372.5,-0.0025863604775320376
dose_3,12Oclock,320_480nm,373.0,-0.0029260846786201278
dose_3,12Oclock,320_480nm,373.5,-0.003896440922593142
dose_3,12Oclock,320_480nm,374.0,-0.0022169609243672256
dose_3,12Oclock,320_480nm,374.5,-0.0017133837100118399
dose_3,12Oclock,320_480nm,375.0,0.0005422074658174569
dose_3,12Oclock,320_480nm,375.5,0.0006496795297910585
dose_3,12Oclock,320_480nm,376.0,0.003874126821756349
dose_3,12Oclock,320_480nm,376.5,0.005443877152477655
dose_3,12Oclock,320_480nm,377.0,0.004867691391458026
dose_3,12Oclock,320_480nm,377.5,0.002124591187263533
dose_3,12Oclock,320_480nm,378.0,-0.0005128051464756422
dose_3,12Oclock,320_480nm,378.5,0.0013493879232555211
dose_3,12Oclock,320_480nm,379.0,0.0013083624653517367
dose_3,12Oclock,320_480nm,379.5,0.0006454097262273417
dose_3,12Oclock,320_480nm,380.0,0.0014781833936770294
dose_3,12Oclock,320_480nm,380.5,0.0030814737547188303
dose_3,12Oclock,320_480nm,381.0,0.004941804179300832
dose_3,12Oclock,320_480nm,381.5,0.004736913135275203
dose_3,12Oclock,320_480nm,382.0,0.0024777579431732033
dose_3,12Oclock,320_480nm,382.5,0.0011429664834091136
dose_3,12Oclock,320_480nm,383.0,0.0006325370632112304
dose_3,12Oclock,320_480nm,383.5,0.0026985730510204198
dose_3,12Oclock,320_480nm,384.0,0.0029126405715942105
dose_3,12Oclock,320_480nm,384.5,0.0030342141011108215
dose_3,12Oclock,320_480nm,385.0,0.0024266415275633058
dose_3,12Oclock,320_480nm,385.5,0.0020811853464692
dose_3,12Oclock,320_480nm,386.0,0.0030810854708154256
dose_3,12Oclock,320_480nm,386.5,0.003746658175562717
dose_3,12Oclock,320_480nm,387.0,-0.0013251483129957942
dose_3,12Oclock,320_480nm,387.5,-0.0021982148755342046
dose_3,12Oclock,320_480nm,388.0,-0.001173981154958481
dose_3,12Oclock,320_480nm,388.5,0.0031379528809337975
dose_3,12Oclock,320_480nm,389.0,0.004248076894630998
dose_3,12Oclock,320_480nm,389.5,0.002727460504199003
dose_3,12Oclock,320_480nm,390.0,0.0003038387124736919
dose_3,12Oclock,320_480nm,390.5,0.0028049066507566944
dose_3,12Oclock,320_480nm,391.0,0.0006336633426446969
dose_3,12Oclock,320_480nm,391.5,0.0023563343565910777
dose_3,12Oclock,320_480nm,392.0,0.004903710136810874
dose_3,12Oclock,320_480nm,392.5,0.004036708346878387
dose_3,12Oclock,320_480nm,393.0,0.003673711015532377
dose_3,12Oclock,320_480nm,393.5,0.004220248277609473
dose_3,12Oclock,320_480nm,394.0,0.006183866101006685
dose_3,12Oclock,320_480nm,394.5,0.006895704427733962
dose_3,12Oclock,320_480nm,395.0,0.0063445898704229675
dose_3,12Oclock,320_480nm,395.5,0.003472634358331478
dose_3,12Oclock,320_480nm,396.0,0.00029110225538406254
dose_3,12Oclock,320_480nm,396.5,0.002779295590395664
dose_3,12Oclock,320_480nm,397.0,0.002294431595752572
dose_3,12Oclock,320_480nm,397.5,0.0040077744827915485
dose_3,12Oclock,320_480nm,398.0,0.004147845320403548
dose_3,12Oclock,320_480nm,398.5,0.005942575866356464
dose_3,12Oclock,320_480nm,399.0,0.0036489195190369528
dose_3,12Oclock,320_480nm,399.5,0.0027406837325543443
dose_3,12Oclock,320_480nm,400.0,0.004494441052277864
dose_3,12Oclock,320_480nm,400.5,0.007379658442611431
dose_3,12Oclock,320_480nm,401.0,0.009454975370317642
dose_3,12Oclock,320_480nm,401.5,0.007515142128492358
dose_3,12Oclock,320_480nm,402.0,0.006211101698378629
dose_3,12Oclock,320_480nm,402.5,0.006427727251624021
dose_3,12Oclock,320_480nm,403.0,0.00847081296766794
dose_3,12Oclock,320_480nm,403.5,0.00903779213937611
dose_3,12Oclock,320_480nm,404.0,0.008833964044849124
dose_3,12Oclock,320_480nm,404.5,0.011246248381212326
dose_3,12Oclock,320_480nm,405.0,0.010683908282468707
dose_3,12Oclock,320_480nm,405.5,0.008399940173452025
dose_3,12Oclock,320_480nm,406.0,0.0035074070716897277
dose_3,12Oclock,320_480nm,406.5,0.0074687143011639145
dose_3,12Oclock,320_480nm,407.0,0.008241319563239813
dose_3,12Oclock,320_480nm,407.5,0.008376276819035328
dose_3,12Oclock,320_480nm,408.0,0.009414068112770596
dose_3,12Oclock,320_480nm,408.5,0.011224745384727897
dose_3,12Oclock,320_480nm,409.0,0.010146497283130801
dose_3,12Oclock,320_480nm,409.5,0.006237828250353489
dose_3,12Oclock,320_480nm,410.0,0.006620778081317696
dose_3,12Oclock,320_480nm,410.5,0.01023982550638411
dose_3,12Oclock,320_480nm,411.0,0.00934381612266097
dose_3,12Oclock,320_480nm,411.5,0.0033015963466216935
dose_3,12Oclock,320_480nm,412.0,0.005212081596255302
dose_3,12Oclock,320_480nm,412.5,0.009257694628710483
dose_3,12Oclock,320_480nm,413.0,0.013193073837707375
dose_3,12Oclock,320_480nm,413.5,0.009071107100074471
dose_3,12Oclock,320_480nm,414.0,0.004918319794038867
dose_3,12Oclock,320_480nm,414.5,0.0076659622136502625
dose_3,12Oclock,320_480nm,415.0,0.012031326846529966
dose_3,12Oclock,320_480nm,415.5,0.011406123715763244
dose_3,12Oclock,320_480nm,416.0,0.009088831643263462
dose_3,12Oclock,320_480nm,416.5,0.013942691109453564
dose_3,12Oclock,320_480nm,417.0,0.014539263987292855
dose_3,12Oclock,320_480nm,417.5,0.014932778741543445
dose_3,12Oclock,320_480nm,418.0,0.011972255694369466
dose_3,12Oclock,320_480nm,418.5,0.012425658215458157
dose_3,12Oclock,320_480nm,419.0,0.01446812801683936
dose_3,12Oclock,320_480nm,419.5,0.010852425747240546
dose_3,12Oclock,320_480nm,420.0,0.012900632495681352
dose_3,12Oclock,320_480nm,420.5,0.014518317378436535
dose_3,12Oclock,320_480nm,421.0,0.012456329384197745
dose_3,12Oclock,320_480nm,421.5,0.016046769063298855
dose_3,12Oclock,320_480nm,422.0,0.014173074625432436
dose_3,12Oclock,320_480nm,422.5,0.012909155571833253
dose_3,12Oclock,320_480nm,423.0,0.015370718048264537
dose_3,12Oclock,320_480nm,423.5,0.014880298404023051
dose_3,12Oclock,320_480nm,424.0,0.01674820606907204
dose_3,12Oclock,320_480nm,424.5,0.01610491789566973
dose_3,12Oclock,320_480nm,425.0,0.011030563308546959
dose_3,12Oclock,320_480nm,425.5,0.012980966285491918
dose_3,12Oclock,320_480nm,426.0,0.016265090244511726
dose_3,12Oclock,320_480nm,426.5,0.018315909663215252
dose_3,12Oclock,320_480nm,427.0,0.017063673119992018
dose_3,12Oclock,320_480nm,427.5,0.011390058401351127
dose_3,12Oclock,320_480nm,428.0,0.017958837871750233
dose_3,12Oclock,320_480nm,428.5,0.018058683024719413
dose_3,12Oclock,320_480nm,429.0,0.013970894583811316
dose_3,12Oclock,320_480nm,429.5,0.008031246950849918
dose_3,12Oclock,320_480nm,430.0,0.0177978354816635
dose_3,12Oclock,320_480nm,430.5,0.01729200555322072
dose_3,12Oclock,320_480nm,431.0,0.016042096074670525
dose_3,12Oclock,320_480nm,431.5,0.016395956355457486
dose_3,12Oclock,320_480nm,432.0,0.015251917143662697
dose_3,12Oclock,320_480nm,432.5,0.016634188514823706
dose_3,12Oclock,320_480nm,433.0,0.017625590010235698
dose_3,12Oclock,320_480nm,433.5,0.017671204870566698
dose_3,12Oclock,320_480nm,434.0,0.018721865800519794
dose_3,12Oclock,320_480nm,434.5,0.01956612081266937
dose_3,12Oclock,320_480nm,435.0,0.021041484704861974
dose_3,12Oclock,320_480nm,435.5,0.019003830306852793
dose_3,12Oclock,320_480nm,436.0,0.017634691670536967
dose_3,12Oclock,320_480nm,436.5,0.014680866695319567
dose_3,12Oclock,320_480nm,437.0,0.020264408706376885
dose_3,12Oclock,320_480nm,437.5,0.019148964822913173
dose_3,12Oclock,320_480nm,438.0,0.021156973205506774
dose_3,12Oclock,320_480nm,438.5,0.019433119877551974
dose_3,12Oclock,320_480nm,439.0,0.019644080506016764
dose_3,12Oclock,320_480nm,439.5,0.018991566030308576
dose_3,12Oclock,320_480nm,440.0,0.020112577825784683
dose_3,12Oclock,320_480nm,440.5,0.019306844643627558
dose_3,12Oclock,320_480nm,441.0,0.019774895006169857
dose_3,12Oclock,320_480nm,441.5,0.015296845153594973
dose_3,12Oclock,320_480nm,442.0,0.020577200688421643
dose_3,12Oclock,320_480nm,442.5,0.015785339831685036
dose_3,12Oclock,320_480nm,443.0,0.014149363618344069
dose_3,12Oclock,320_480nm,443.5,0.014168901446585835
dose_3,12Oclock,320_480nm,444.0,0.013841088240345328
dose_3,12Oclock,320_480nm,444.5,0.020890728182469842
dose_3,12Oclock,320_480nm,445.0,0.017840274143964024
dose_3,12Oclock,320_480nm,445.5,0.014162543307368936
dose_3,12Oclock,320_480nm,446.0,0.017424688053627846
dose_3,12Oclock,320_480nm,446.5,0.019885455801462115
dose_3,12Oclock,320_480nm,447.0,0.02072165425245953
dose_3,12Oclock,320_480nm,447.5,0.020453808285916836
dose_3,12Oclock,320_480nm,448.0,0.018944849570592198
dose_3,12Oclock,320_480nm,448.5,0.019875960967813827
dose_3,12Oclock,320_480nm,449.0,0.019766752763340834
dose_3,12Oclock,320_480nm,449.5,0.016855147744839316
dose_3,12Oclock,320_480nm,450.0,0.01912381717314321
dose_3,12Oclock,320_480nm,450.5,0.016830173243458008
dose_3,12Oclock,320_480nm,451.0,0.009830648234734896
dose_3,12Oclock,320_480nm,451.5,0.003069442464038702
dose_3,12Oclock,320_480nm,452.0,0.012174302712082918
dose_3,12Oclock,320_480nm,452.5,0.008286577261363393
dose_3,12Oclock,320_480nm,453.0,0.006620441097766133
dose_3,12Oclock,320_480nm,453.5,0.01523127321464321
dose_3,12Oclock,320_480nm,454.0,0.004905799093345792
dose_3,12Oclock,320_480nm,454.5,0.011252250755205723
dose_3,12Oclock,320_480nm,455.0,0.012163603212684393
dose_3,12Oclock,320_480nm,455.5,0.008603375482683362
dose_3,12Oclock,320_480nm,456.0,0.013685274869203595
dose_3,12Oclock,320_480nm,456.5,0.013259272944802974
dose_3,12Oclock,320_480nm,457.0,0.007512935592482478
dose_3,12Oclock,320_480nm,457.5,0.006282072281464907
dose_3,12Oclock,320_480nm,458.0,0.01262691958496967
dose_3,12Oclock,320_480nm,458.5,0.010338232774908362
dose_3,12Oclock,320_480nm,459.0,0.008144665043801097
dose_3,12Oclock,320_480nm,459.5,0.0063256429663548774
dose_3,12Oclock,320_480nm,460.0,0.007527945563197164
dose_3,12Oclock,320_480nm,460.5,0.011867434329663695
dose_3,12Oclock,320_480nm,461.0,0.009728727707018464
dose_3,12Oclock,320_480nm,461.5,0.004897709082191143
dose_3,12Oclock,320_480nm,462.0,0.006022252452870164
dose_3,12Oclock,320_480nm,462.5,0.005541806652521047
dose_3,12Oclock,320_480nm,463.0,0.0025933510623872558
dose_3,12Oclock,320_480nm,463.5,0.0014728606523324583
dose_3,12Oclock,320_480nm,464.0,0.0016592169801393497
dose_3,12Oclock,320_480nm,464.5,-0.003307789641742831
dose_3,12Oclock,320_480nm,465.0,0.001864659134298563
dose_3,12Oclock,320_480nm,465.5,-0.0008650623106708499
dose_3,12Oclock,320_480nm,466.0,0.00015702564269304276
dose_3,12Oclock,320_480nm,466.5,0.0012028759811073542
dose_3,12Oclock,320_480nm,467.0,0.004365913104265928
dose_3,12Oclock,320_480nm,467.5,0.0005499367446949455
dose_3,12Oclock,320_480nm,468.0,-0.0030656438320875445
dose_3,12Oclock,320_480nm,468.5,-0.00343236397020516
dose_3,12Oclock,320_480nm,469.0,-0.006515987993528455
dose_3,12Oclock,320_480nm,469.5,-0.012751555303111756
dose_3,12Oclock,320_480nm,470.0,-0.008099673626323495
dose_3,12Oclock,320_480nm,470.5,-0.00806508562527597
dose_3,12Oclock,320_480nm,471.0,-0.002163398855676263
dose_3,12Oclock,320_480nm,471.5,-0.003902655017251788
dose_3,12Oclock,320_480nm,472.0,-0.00044772401452058963
dose_3,12Oclock,320_480nm,472.5,-0.007162130204960676
dose_3,12Oclock,320_480nm,473.0,0.00010155250007901073
dose_3,12Oclock,320_480nm,473.5,-0.0034300351981073895
dose_3,12Oclock,320_480nm,474.0,-0.0009725432222087715
dose_3,12Oclock,320_480nm,474.5,-0.0036143180138120956
dose_3,12Oclock,320_480nm,475.0,-0.003124633648743297
dose_3,12Oclock,320_480nm,475.5,-0.00531806726939979
dose_3,12Oclock,320_480nm,476.0,-0.0038845234860977185
dose_3,12Oclock,320_480nm,476.5,-0.0015971083970119093
dose_3,12Oclock,320_480nm,477.0,-0.0006676460616290847
dose_3,12Oclock,320_480nm,477.5,-0.00324077617066601
dose_3,12Oclock,320_480nm,478.0,-0.0015697873507937166
dose_3,12Oclock,320_480nm,478.5,0.0021394319677104923
dose_3,12Oclock,320_480nm,479.0,0.0030140629969537813
dose_3,12Oclock,320_480nm,479.5,0.0022705570639421913
dose_3,12Oclock,320_480nm,480.0,0.0
