window,kind,modality,dcor_statistic,dcor_permutation_p,procrustes_permutation_p,rv_value,rv_permutation_p,multiblock_blocks_used,multiblock_joint_components,multiblock_warning,component,band_label,baseline_rmse_loocv,baseline_mae_loocv,feature_set,model_type,band_lower_nm,band_upper_nm
320_480nm,12Oclock,chrom,0.6266651739895731,0.9133086691330868,0.7164283571642835,0.3513262173657682,0.7691230876912308,"['12Oclock', '6Oclock']",1,,total,360_410nm,1.7473622791942651,1.4483732114451942,phase6,linear,,
320_480nm,12Oclock,dad,0.5084312380567101,0.9616038396160383,0.8499150084991501,0.1326906398567709,0.8745125487451255,"['12Oclock', '6Oclock']",1,,total,360_410nm,3.264289869954856,2.705684614189614,phase6,linear,,
320_480nm,12Oclock,latent,0.5755027985076775,0.9433056694330568,0.792020797920208,0.2258032943494582,0.8586141385861414,"['12Oclock', '6Oclock']",1,,total,360_410nm,1.6397245791729544,1.3591515546909163,phase6,linear,,
320_480nm,6Oclock,chrom,0.760523690295844,0.1381861813818618,0.0931906809319068,1.135283948055131,0.1412858714128587,"['12Oclock', '6Oclock']",1,,total,360_410nm,3.2237663725435652,1.8542210470518787,phase6,linear,,
320_480nm,6Oclock,dad,0.600072328618511,0.5615438456154385,0.3035696430356964,0.7249344558773894,0.3997600239976002,"['12Oclock', '6Oclock']",1,,total,360_410nm,1.903054203678887,1.0882451808919351,phase6,linear,,
320_480nm,6Oclock,latent,0.686618222680795,0.3351664833516648,0.1666833316668333,0.9274932153400924,0.2557744225577442,"['12Oclock', '6Oclock']",1,,total,360_410nm,2.0483559785151657,1.1764948559948152,phase6,linear,,
320_480nm,Delta,chrom,0.6933106229689188,0.2996700329967003,0.4408559144085591,0.6959704977110209,0.2977702229777022,"['12Oclock', '6Oclock']",1,,total,360_410nm,11.06608631240086,5.579065083095855,phase6,linear,,
320_480nm,Delta,dad,0.5712768073072175,0.4222577742225777,0.3955604439556044,0.4645497032914408,0.3577642235776422,"['12Oclock', '6Oclock']",1,,total,360_410nm,20.76226230370879,10.502057485091214,phase6,linear,,
320_480nm,Delta,latent,0.6475840198139853,0.3317668233176682,0.4191580841915808,0.588736803781604,0.3192680731926807,"['12Oclock', '6Oclock']",1,,total,360_410nm,10.45573759506209,5.276123041848492,phase6,linear,,
320_480nm,Sigma,chrom,0.7451038912928127,0.2300769923007699,0.0953904609539046,1.1446011498283473,0.1444855514448555,"['12Oclock', '6Oclock']",1,,total,360_410nm,0.0985508384484339,0.0878176535566252,phase6,linear,,
320_480nm,Sigma,dad,0.6088256847417398,0.4634536546345365,0.2887711228877112,0.8348252141532411,0.2664733526647335,"['12Oclock', '6Oclock']",1,,total,360_410nm,0.1616458156021667,0.1440409449476479,phase6,linear,,
320_480nm,Sigma,latent,0.6868229599491834,0.3395660433956604,0.1641835816418358,0.990688407070575,0.1932806719328067,"['12Oclock', '6Oclock']",1,,total,360_410nm,0.0808704025012429,0.072062796209573,phase6,linear,,
320_480nm,12Oclock,chrom,0.6266651739895731,0.9133086691330868,0.7164283571642835,0.3513262173657682,0.7691230876912308,"['12Oclock', '6Oclock']",1,,total,320_480nm,0.3029800421883891,0.2210670735505686,phase9,ridge,320.0,480.0
320_480nm,12Oclock,chrom,0.6266651739895731,0.9133086691330868,0.7164283571642835,0.3513262173657682,0.7691230876912308,"['12Oclock', '6Oclock']",1,,oxidized,320_480nm,0.1806608087136982,0.1626920871358852,phase9,ridge,320.0,480.0
320_480nm,12Oclock,chrom,0.6266651739895731,0.9133086691330868,0.7164283571642835,0.3513262173657682,0.7691230876912308,"['12Oclock', '6Oclock']",1,,reduced,320_480nm,0.5589624339306488,0.4027199718637472,phase9,ridge,320.0,480.0
320_480nm,12Oclock,chrom,0.6266651739895731,0.9133086691330868,0.7164283571642835,0.3513262173657682,0.7691230876912308,"['12Oclock', '6Oclock']",1,,total,360_410nm,0.3486812491307092,0.2884757252273468,phase9,ridge,360.0,410.0
320_480nm,12Oclock,chrom,0.6266651739895731,0.9133086691330868,0.7164283571642835,0.3513262173657682,0.7691230876912308,"['12Oclock', '6Oclock']",1,,oxidized,360_410nm,0.2231273894117203,0.2131099502746482,phase9,ridge,360.0,410.0
320_480nm,12Oclock,chrom,0.6266651739895731,0.9133086691330868,0.7164283571642835,0.3513262173657682,0.7691230876912308,"['12Oclock', '6Oclock']",1,,reduced,360_410nm,0.6058458660143509,0.4934547554777082,phase9,ridge,360.0,410.0
320_480nm,12Oclock,chrom,0.6266651739895731,0.9133086691330868,0.7164283571642835,0.3513262173657682,0.7691230876912308,"['12Oclock', '6Oclock']",1,,total,peak_band_auto,0.6605361613972354,0.5917693148605533,phase9,ridge,300.0,600.0
320_480nm,12Oclock,chrom,0.6266651739895731,0.9133086691330868,0.7164283571642835,0.3513262173657682,0.7691230876912308,"['12Oclock', '6Oclock']",1,,oxidized,peak_band_auto,0.3722621720397087,0.3406561964571799,phase9,ridge,300.0,600.0
320_480nm,12Oclock,chrom,0.6266651739895731,0.9133086691330868,0.7164283571642835,0.3513262173657682,0.7691230876912308,"['12Oclock', '6Oclock']",1,,reduced,peak_band_auto,0.9813121066403204,0.8169987479595574,phase9,ridge,300.0,600.0
320_480nm,12Oclock,dad,0.5084312380567101,0.9616038396160383,0.8499150084991501,0.1326906398567709,0.8745125487451255,"['12Oclock', '6Oclock']",1,,total,320_480nm,0.5982533912003029,0.4407955219212948,phase9,ridge,320.0,480.0
320_480nm,12Oclock,dad,0.5084312380567101,0.9616038396160383,0.8499150084991501,0.1326906398567709,0.8745125487451255,"['12Oclock', '6Oclock']",1,,oxidized,320_480nm,0.4361012894347874,0.3937467381515207,phase9,ridge,320.0,480.0
320_480nm,12Oclock,dad,0.5084312380567101,0.9616038396160383,0.8499150084991501,0.1326906398567709,0.8745125487451255,"['12Oclock', '6Oclock']",1,,reduced,320_480nm,0.6432201876797926,0.4903585674579262,phase9,ridge,320.0,480.0
320_480nm,12Oclock,dad,0.5084312380567101,0.9616038396160383,0.8499150084991501,0.1326906398567709,0.8745125487451255,"['12Oclock', '6Oclock']",1,,total,360_410nm,0.6036317085732199,0.4864382118890415,phase9,ridge,360.0,410.0
320_480nm,12Oclock,dad,0.5084312380567101,0.9616038396160383,0.8499150084991501,0.1326906398567709,0.8745125487451255,"['12Oclock', '6Oclock']",1,,oxidized,360_410nm,0.4216229901790111,0.3595570177319351,phase9,ridge,360.0,410.0
320_480nm,12Oclock,dad,0.5084312380567101,0.9616038396160383,0.8499150084991501,0.1326906398567709,0.8745125487451255,"['12Oclock', '6Oclock']",1,,reduced,360_410nm,0.6118238865657327,0.4932302864985008,phase9,ridge,360.0,410.0
320_480nm,12Oclock,dad,0.5084312380567101,0.9616038396160383,0.8499150084991501,0.1326906398567709,0.8745125487451255,"['12Oclock', '6Oclock']",1,,total,peak_band_auto,1.2189994355355225,1.0523108943594908,phase9,ridge,300.0,600.0
320_480nm,12Oclock,dad,0.5084312380567101,0.9616038396160383,0.8499150084991501,0.1326906398567709,0.8745125487451255,"['12Oclock', '6Oclock']",1,,oxidized,peak_band_auto,0.7763499922297527,0.7022378026112758,phase9,ridge,300.0,600.0
320_480nm,12Oclock,dad,0.5084312380567101,0.9616038396160383,0.8499150084991501,0.1326906398567709,0.8745125487451255,"['12Oclock', '6Oclock']",1,,reduced,peak_band_auto,1.158704236739251,0.9086978480062504,phase9,ridge,300.0,600.0
320_480nm,12Oclock,latent,0.5755027985076775,0.9433056694330568,0.792020797920208,0.2258032943494582,0.8586141385861414,"['12Oclock', '6Oclock']",1,,total,320_480nm,0.2990679511616353,0.2160157304317659,phase9,ridge,320.0,480.0
320_480nm,12Oclock,latent,0.5755027985076775,0.9433056694330568,0.792020797920208,0.2258032943494582,0.8586141385861414,"['12Oclock', '6Oclock']",1,,total,360_410nm,0.3167820119215183,0.2572606084135899,phase9,ridge,360.0,410.0
320_480nm,12Oclock,latent,0.5755027985076775,0.9433056694330568,0.792020797920208,0.2258032943494582,0.8586141385861414,"['12Oclock', '6Oclock']",1,,total,peak_band_auto,0.6227533505088237,0.5499666435304252,phase9,ridge,300.0,600.0
320_480nm,6Oclock,chrom,0.760523690295844,0.1381861813818618,0.0931906809319068,1.135283948055131,0.1412858714128587,"['12Oclock', '6Oclock']",1,,total,320_480nm,1.0638375865322496,0.7173996101414436,phase9,ridge,320.0,480.0
320_480nm,6Oclock,chrom,0.760523690295844,0.1381861813818618,0.0931906809319068,1.135283948055131,0.1412858714128587,"['12Oclock', '6Oclock']",1,,oxidized,320_480nm,0.5780978606328051,0.394359189468975,phase9,ridge,320.0,480.0
320_480nm,6Oclock,chrom,0.760523690295844,0.1381861813818618,0.0931906809319068,1.135283948055131,0.1412858714128587,"['12Oclock', '6Oclock']",1,,reduced,320_480nm,1.4173949800698178,0.992555959717762,phase9,ridge,320.0,480.0
320_480nm,6Oclock,chrom,0.760523690295844,0.1381861813818618,0.0931906809319068,1.135283948055131,0.1412858714128587,"['12Oclock', '6Oclock']",1,,total,360_410nm,0.327269840044819,0.2938015202976479,phase9,ridge,360.0,410.0
320_480nm,6Oclock,chrom,0.760523690295844,0.1381861813818618,0.0931906809319068,1.135283948055131,0.1412858714128587,"['12Oclock', '6Oclock']",1,,oxidized,360_410nm,0.1998401812827553,0.1527497259007045,phase9,ridge,360.0,410.0
320_480nm,6Oclock,chrom,0.760523690295844,0.1381861813818618,0.0931906809319068,1.135283948055131,0.1412858714128587,"['12Oclock', '6Oclock']",1,,reduced,360_410nm,0.4999318028593595,0.4128162356664825,phase9,ridge,360.0,410.0
320_480nm,6Oclock,chrom,0.760523690295844,0.1381861813818618,0.0931906809319068,1.135283948055131,0.1412858714128587,"['12Oclock', '6Oclock']",1,,total,peak_band_auto,0.367014915186688,0.2955387561929086,phase9,ridge,300.0,600.0
320_480nm,6Oclock,chrom,0.760523690295844,0.1381861813818618,0.0931906809319068,1.135283948055131,0.1412858714128587,"['12Oclock', '6Oclock']",1,,oxidized,peak_band_auto,0.2706795697275727,0.2384931490088354,phase9,ridge,300.0,600.0
320_480nm,6Oclock,chrom,0.760523690295844,0.1381861813818618,0.0931906809319068,1.135283948055131,0.1412858714128587,"['12Oclock', '6Oclock']",1,,reduced,peak_band_auto,0.5029040373434684,0.4009151605393646,phase9,ridge,300.0,600.0
320_480nm,6Oclock,dad,0.600072328618511,0.5615438456154385,0.3035696430356964,0.7249344558773894,0.3997600239976002,"['12Oclock', '6Oclock']",1,,total,320_480nm,1.9049601541620296,1.2777682239828172,phase9,ridge,320.0,480.0
320_480nm,6Oclock,dad,0.600072328618511,0.5615438456154385,0.3035696430356964,0.7249344558773894,0.3997600239976002,"['12Oclock', '6Oclock']",1,,oxidized,320_480nm,1.414206131252845,0.9582079886232884,phase9,ridge,320.0,480.0
320_480nm,6Oclock,dad,0.600072328618511,0.5615438456154385,0.3035696430356964,0.7249344558773894,0.3997600239976002,"['12Oclock', '6Oclock']",1,,reduced,320_480nm,1.601297185083108,1.069690410360655,phase9,ridge,320.0,480.0
320_480nm,6Oclock,dad,0.600072328618511,0.5615438456154385,0.3035696430356964,0.7249344558773894,0.3997600239976002,"['12Oclock', '6Oclock']",1,,total,360_410nm,0.595318897103383,0.5388543529208621,phase9,ridge,360.0,410.0
320_480nm,6Oclock,dad,0.600072328618511,0.5615438456154385,0.3035696430356964,0.7249344558773894,0.3997600239976002,"['12Oclock', '6Oclock']",1,,oxidized,360_410nm,0.4690385687094874,0.3582539530245568,phase9,ridge,360.0,410.0
320_480nm,6Oclock,dad,0.600072328618511,0.5615438456154385,0.3035696430356964,0.7249344558773894,0.3997600239976002,"['12Oclock', '6Oclock']",1,,reduced,360_410nm,0.5440890715328708,0.4857688851441786,phase9,ridge,360.0,410.0
320_480nm,6Oclock,dad,0.600072328618511,0.5615438456154385,0.3035696430356964,0.7249344558773894,0.3997600239976002,"['12Oclock', '6Oclock']",1,,total,peak_band_auto,0.5632006894153337,0.4285645423952733,phase9,ridge,300.0,600.0
320_480nm,6Oclock,dad,0.600072328618511,0.5615438456154385,0.3035696430356964,0.7249344558773894,0.3997600239976002,"['12Oclock', '6Oclock']",1,,oxidized,peak_band_auto,0.655064226714554,0.5504356309572831,phase9,ridge,300.0,600.0
320_480nm,6Oclock,dad,0.600072328618511,0.5615438456154385,0.3035696430356964,0.7249344558773894,0.3997600239976002,"['12Oclock', '6Oclock']",1,,reduced,peak_band_auto,0.3844002920344671,0.3052687467745151,phase9,ridge,300.0,600.0
320_480nm,6Oclock,latent,0.686618222680795,0.3351664833516648,0.1666833316668333,0.9274932153400924,0.2557744225577442,"['12Oclock', '6Oclock']",1,,total,320_480nm,1.000097107661028,0.6654759708637714,phase9,ridge,320.0,480.0
320_480nm,6Oclock,latent,0.686618222680795,0.3351664833516648,0.1666833316668333,0.9274932153400924,0.2557744225577442,"['12Oclock', '6Oclock']",1,,total,360_410nm,0.3094578963923366,0.2797738041310271,phase9,ridge,360.0,410.0
320_480nm,6Oclock,latent,0.686618222680795,0.3351664833516648,0.1666833316668333,0.9274932153400924,0.2557744225577442,"['12Oclock', '6Oclock']",1,,total,peak_band_auto,0.3235356345327593,0.2549297546626271,phase9,ridge,300.0,600.0
320_480nm,Delta,chrom,0.6933106229689188,0.2996700329967003,0.4408559144085591,0.6959704977110209,0.2977702229777022,"['12Oclock', '6Oclock']",1,,total,320_480nm,0.6037862629844786,0.4289146143765398,phase9,ridge,320.0,480.0
320_480nm,Delta,chrom,0.6933106229689188,0.2996700329967003,0.4408559144085591,0.6959704977110209,0.2977702229777022,"['12Oclock', '6Oclock']",1,,oxidized,320_480nm,0.5789741648438816,0.4206936098925801,phase9,ridge,320.0,480.0
320_480nm,Delta,chrom,0.6933106229689188,0.2996700329967003,0.4408559144085591,0.6959704977110209,0.2977702229777022,"['12Oclock', '6Oclock']",1,,reduced,320_480nm,0.4401064737242435,0.38256401524165,phase9,ridge,320.0,480.0
320_480nm,Delta,chrom,0.6933106229689188,0.2996700329967003,0.4408559144085591,0.6959704977110209,0.2977702229777022,"['12Oclock', '6Oclock']",1,,total,360_410nm,0.5740522466043384,0.4321258226778863,phase9,ridge,360.0,410.0
320_480nm,Delta,chrom,0.6933106229689188,0.2996700329967003,0.4408559144085591,0.6959704977110209,0.2977702229777022,"['12Oclock', '6Oclock']",1,,oxidized,360_410nm,0.2964587028744653,0.2674379481394665,phase9,ridge,360.0,410.0
320_480nm,Delta,chrom,0.6933106229689188,0.2996700329967003,0.4408559144085591,0.6959704977110209,0.2977702229777022,"['12Oclock', '6Oclock']",1,,reduced,360_410nm,1.1482115692905597,0.8818564424355025,phase9,ridge,360.0,410.0
320_480nm,Delta,chrom,0.6933106229689188,0.2996700329967003,0.4408559144085591,0.6959704977110209,0.2977702229777022,"['12Oclock', '6Oclock']",1,,total,peak_band_auto,0.4473304033269744,0.3881316324255922,phase9,ridge,300.0,600.0
320_480nm,Delta,chrom,0.6933106229689188,0.2996700329967003,0.4408559144085591,0.6959704977110209,0.2977702229777022,"['12Oclock', '6Oclock']",1,,oxidized,peak_band_auto,0.4201292041993723,0.3801893936552376,phase9,ridge,300.0,600.0
320_480nm,Delta,chrom,0.6933106229689188,0.2996700329967003,0.4408559144085591,0.6959704977110209,0.2977702229777022,"['12Oclock', '6Oclock']",1,,reduced,peak_band_auto,0.7261781115710074,0.6119570975857943,phase9,ridge,300.0,600.0
320_480nm,Delta,dad,0.5712768073072175,0.4222577742225777,0.3955604439556044,0.4645497032914408,0.3577642235776422,"['12Oclock', '6Oclock']",1,,total,320_480nm,1.1096172780442723,0.7920841231580824,phase9,ridge,320.0,480.0
320_480nm,Delta,dad,0.5712768073072175,0.4222577742225777,0.3955604439556044,0.4645497032914408,0.3577642235776422,"['12Oclock', '6Oclock']",1,,oxidized,320_480nm,1.440309068110743,1.024712959860465,phase9,ridge,320.0,480.0
320_480nm,Delta,dad,0.5712768073072175,0.4222577742225777,0.3955604439556044,0.4645497032914408,0.3577642235776422,"['12Oclock', '6Oclock']",1,,reduced,320_480nm,0.4794208122074502,0.4003084272609603,phase9,ridge,320.0,480.0
320_480nm,Delta,dad,0.5712768073072175,0.4222577742225777,0.3955604439556044,0.4645497032914408,0.3577642235776422,"['12Oclock', '6Oclock']",1,,total,360_410nm,1.140002020811906,0.8428837777403526,phase9,ridge,360.0,410.0
320_480nm,Delta,dad,0.5712768073072175,0.4222577742225777,0.3955604439556044,0.4645497032914408,0.3577642235776422,"['12Oclock', '6Oclock']",1,,oxidized,360_410nm,0.636664586029899,0.5824430252208044,phase9,ridge,360.0,410.0
320_480nm,Delta,dad,0.5712768073072175,0.4222577742225777,0.3955604439556044,0.4645497032914408,0.3577642235776422,"['12Oclock', '6Oclock']",1,,reduced,360_410nm,1.3148798710132594,1.0030707745533656,phase9,ridge,360.0,410.0
320_480nm,Delta,dad,0.5712768073072175,0.4222577742225777,0.3955604439556044,0.4645497032914408,0.3577642235776422,"['12Oclock', '6Oclock']",1,,total,peak_band_auto,0.8448228304794624,0.7235870191923159,phase9,ridge,300.0,600.0
320_480nm,Delta,dad,0.5712768073072175,0.4222577742225777,0.3955604439556044,0.4645497032914408,0.3577642235776422,"['12Oclock', '6Oclock']",1,,oxidized,peak_band_auto,0.7659796558760025,0.6667924649745158,phase9,ridge,300.0,600.0
320_480nm,Delta,dad,0.5712768073072175,0.4222577742225777,0.3955604439556044,0.4645497032914408,0.3577642235776422,"['12Oclock', '6Oclock']",1,,reduced,peak_band_auto,0.784646707897415,0.6549545654399933,phase9,ridge,300.0,600.0
320_480nm,Delta,latent,0.6475840198139853,0.3317668233176682,0.4191580841915808,0.588736803781604,0.3192680731926807,"['12Oclock', '6Oclock']",1,,total,320_480nm,0.5940786997696537,0.4233078361229345,phase9,ridge,320.0,480.0
320_480nm,Delta,latent,0.6475840198139853,0.3317668233176682,0.4191580841915808,0.588736803781604,0.3192680731926807,"['12Oclock', '6Oclock']",1,,total,360_410nm,0.556786460185942,0.4140119410356199,phase9,ridge,360.0,410.0
320_480nm,Delta,latent,0.6475840198139853,0.3317668233176682,0.4191580841915808,0.588736803781604,0.3192680731926807,"['12Oclock', '6Oclock']",1,,total,peak_band_auto,0.4313486374060722,0.3746332078757496,phase9,ridge,300.0,600.0
320_480nm,Sigma,chrom,0.7451038912928127,0.2300769923007699,0.0953904609539046,1.1446011498283473,0.1444855514448555,"['12Oclock', '6Oclock']",1,,total,320_480nm,0.5679717216598709,0.4668487786940781,phase9,ridge,320.0,480.0
320_480nm,Sigma,chrom,0.7451038912928127,0.2300769923007699,0.0953904609539046,1.1446011498283473,0.1444855514448555,"['12Oclock', '6Oclock']",1,,oxidized,320_480nm,0.3237081295994741,0.2946199081925394,phase9,ridge,320.0,480.0
320_480nm,Sigma,chrom,0.7451038912928127,0.2300769923007699,0.0953904609539046,1.1446011498283473,0.1444855514448555,"['12Oclock', '6Oclock']",1,,reduced,320_480nm,0.7990933351881929,0.6725761373577558,phase9,ridge,320.0,480.0
320_480nm,Sigma,chrom,0.7451038912928127,0.2300769923007699,0.0953904609539046,1.1446011498283473,0.1444855514448555,"['12Oclock', '6Oclock']",1,,total,360_410nm,0.3258850294864286,0.2743881018840075,phase9,ridge,360.0,410.0
320_480nm,Sigma,chrom,0.7451038912928127,0.2300769923007699,0.0953904609539046,1.1446011498283473,0.1444855514448555,"['12Oclock', '6Oclock']",1,,oxidized,360_410nm,0.2139205764292079,0.2022936821672161,phase9,ridge,360.0,410.0
320_480nm,Sigma,chrom,0.7451038912928127,0.2300769923007699,0.0953904609539046,1.1446011498283473,0.1444855514448555,"['12Oclock', '6Oclock']",1,,reduced,360_410nm,0.5223069751329745,0.3855908131303233,phase9,ridge,360.0,410.0
320_480nm,Sigma,chrom,0.7451038912928127,0.2300769923007699,0.0953904609539046,1.1446011498283473,0.1444855514448555,"['12Oclock', '6Oclock']",1,,total,peak_band_auto,0.3162586848476353,0.2959287503155081,phase9,ridge,300.0,600.0
320_480nm,Sigma,chrom,0.7451038912928127,0.2300769923007699,0.0953904609539046,1.1446011498283473,0.1444855514448555,"['12Oclock', '6Oclock']",1,,oxidized,peak_band_auto,0.074789604846125,0.0521511691877841,phase9,ridge,300.0,600.0
320_480nm,Sigma,chrom,0.7451038912928127,0.2300769923007699,0.0953904609539046,1.1446011498283473,0.1444855514448555,"['12Oclock', '6Oclock']",1,,reduced,peak_band_auto,0.7415580433918569,0.6440011209261374,phase9,ridge,300.0,600.0
320_480nm,Sigma,dad,0.6088256847417398,0.4634536546345365,0.2887711228877112,0.8348252141532411,0.2664733526647335,"['12Oclock', '6Oclock']",1,,total,320_480nm,1.0780579465594022,0.8963042542741718,phase9,ridge,320.0,480.0
320_480nm,Sigma,dad,0.6088256847417398,0.4634536546345365,0.2887711228877112,0.8348252141532411,0.2664733526647335,"['12Oclock', '6Oclock']",1,,oxidized,320_480nm,0.7969216432037829,0.7196117163263053,phase9,ridge,320.0,480.0
320_480nm,Sigma,dad,0.6088256847417398,0.4634536546345365,0.2887711228877112,0.8348252141532411,0.2664733526647335,"['12Oclock', '6Oclock']",1,,reduced,320_480nm,0.9505972997341512,0.7776720208215152,phase9,ridge,320.0,480.0
320_480nm,Sigma,dad,0.6088256847417398,0.4634536546345365,0.2887711228877112,0.8348252141532411,0.2664733526647335,"['12Oclock', '6Oclock']",1,,total,360_410nm,0.5867691294947454,0.4844904827417366,phase9,ridge,360.0,410.0
320_480nm,Sigma,dad,0.6088256847417398,0.4634536546345365,0.2887711228877112,0.8348252141532411,0.2664733526647335,"['12Oclock', '6Oclock']",1,,oxidized,360_410nm,0.4733497465046269,0.4371599314887615,phase9,ridge,360.0,410.0
320_480nm,Sigma,dad,0.6088256847417398,0.4634536546345365,0.2887711228877112,0.8348252141532411,0.2664733526647335,"['12Oclock', '6Oclock']",1,,reduced,360_410nm,0.5522015383691807,0.4396103516244198,phase9,ridge,360.0,410.0
320_480nm,Sigma,dad,0.6088256847417398,0.4634536546345365,0.2887711228877112,0.8348252141532411,0.2664733526647335,"['12Oclock', '6Oclock']",1,,total,peak_band_auto,0.553726739001856,0.5228831968407895,phase9,ridge,300.0,600.0
320_480nm,Sigma,dad,0.6088256847417398,0.4634536546345365,0.2887711228877112,0.8348252141532411,0.2664733526647335,"['12Oclock', '6Oclock']",1,,oxidized,peak_band_auto,0.1661286385692352,0.1341550697405415,phase9,ridge,300.0,600.0
320_480nm,Sigma,dad,0.6088256847417398,0.4634536546345365,0.2887711228877112,0.8348252141532411,0.2664733526647335,"['12Oclock', '6Oclock']",1,,reduced,peak_band_auto,0.7371860574225196,0.6677521595836854,phase9,ridge,300.0,600.0
320_480nm,Sigma,latent,0.6868229599491834,0.3395660433956604,0.1641835816418358,0.990688407070575,0.1932806719328067,"['12Oclock', '6Oclock']",1,,total,320_480nm,0.5483994083224311,0.4519168413190786,phase9,ridge,320.0,480.0
320_480nm,Sigma,latent,0.6868229599491834,0.3395660433956604,0.1641835816418358,0.990688407070575,0.1932806719328067,"['12Oclock', '6Oclock']",1,,total,360_410nm,0.3052728496204224,0.2561023066075141,phase9,ridge,360.0,410.0
320_480nm,Sigma,latent,0.6868229599491834,0.3395660433956604,0.1641835816418358,0.990688407070575,0.1932806719328067,"['12Oclock', '6Oclock']",1,,total,peak_band_auto,0.2895612425427948,0.2731519802572092,phase9,ridge,300.0,600.0
