PC1,PC2,matrix,kind,modality,window,dose_id
-0.520056590024359,2.834791008351689,reflectance,Sigma,chrom,320_480nm,dose_1
-2.236077679911992,0.9174750207355553,reflectance,Sigma,chrom,320_480nm,dose_2
-2.6230588541705795,-0.5944472314225233,reflectance,Sigma,chrom,320_480nm,dose_3
-0.8954840104599167,-2.725157973292721,reflectance,Sigma,chrom,320_480nm,dose_4
2.456148375274991,-0.8648975799305506,reflectance,Sigma,chrom,320_480nm,dose_5
3.8185287592918558,0.43223675555854946,reflectance,Sigma,chrom,320_480nm,dose_6
-3.0915658041000884,0.21051999452379377,chrom,Sigma,chrom,320_480nm,dose_1
-0.3846112881182893,-0.3745249788370532,chrom,Sigma,chrom,320_480nm,dose_2
0.37934867336400685,1.0713522358306389,chrom,Sigma,chrom,320_480nm,dose_3
1.8469954394922818,0.6069352413313551,chrom,Sigma,chrom,320_480nm,dose_4
0.6762888344656975,-1.4806111509330397,chrom,Sigma,chrom,320_480nm,dose_5
0.5735441448963914,-0.03367134191569407,chrom,Sigma,chrom,320_480nm,dose_6
-0.520056590024359,2.834791008351689,reflectance,Sigma,dad,320_480nm,dose_1
-2.236077679911992,0.9174750207355553,reflectance,Sigma,dad,320_480nm,dose_2
-2.6230588541705795,-0.5944472314225233,reflectance,Sigma,dad,320_480nm,dose_3
-0.8954840104599167,-2.725157973292721,reflectance,Sigma,dad,320_480nm,dose_4
2.456148375274991,-0.8648975799305506,reflectance,Sigma,dad,320_480nm,dose_5
3.8185287592918558,0.43223675555854946,reflectance,Sigma,dad,320_480nm,dose_6
-3.4546474023942473,-0.2374133553633988,dad,Sigma,dad,320_480nm,dose_1
0.04898657236436473,0.5962618094873231,dad,Sigma,dad,320_480nm,dose_2
0.46044902356038114,-0.6956386882347688,dad,Sigma,dad,320_480nm,dose_3
1.7376520419098667,-0.3643336573901077,dad,Sigma,dad,320_480nm,dose_4
0.32547390690384254,0.9242497285444308,dad,Sigma,dad,320_480nm,dose_5
0.8820858576557917,-0.22312583704347866,dad,Sigma,dad,320_480nm,dose_6
-0.520056590024359,2.834791008351689,reflectance,Sigma,latent,320_480nm,dose_1
-2.236077679911992,0.9174750207355553,reflectance,Sigma,latent,320_480nm,dose_2
-2.6230588541705795,-0.5944472314225233,reflectance,Sigma,latent,320_480nm,dose_3
-0.8954840104599167,-2.725157973292721,reflectance,Sigma,latent,320_480nm,dose_4
2.456148375274991,-0.8648975799305506,reflectance,Sigma,latent,320_480nm,dose_5
3.8185287592918558,0.43223675555854946,reflectance,Sigma,latent,320_480nm,dose_6
-3.2829976457490218,-0.22496141163314398,latent,Sigma,latent,320_480nm,dose_1
-0.2008985896513215,0.46846667874438924,latent,Sigma,latent,320_480nm,dose_2
0.3794614999805215,-0.8845800137607451,latent,Sigma,latent,320_480nm,dose_3
1.8195497128593219,-0.4940007843906375,latent,Sigma,latent,320_480nm,dose_4
0.539515823432496,1.2434131046395147,latent,Sigma,latent,320_480nm,dose_5
0.7453691991280036,-0.10833757359937715,latent,Sigma,latent,320_480nm,dose_6
-1.4513093257126006,2.096628444812533,reflectance,Delta,chrom,320_480nm,dose_1
-5.112100325584673,-1.392629903860402,reflectance,Delta,chrom,320_480nm,dose_2
0.399635888941785,0.8963800315619287,reflectance,Delta,chrom,320_480nm,dose_3
1.6787637420432409,-1.3241921481095205,reflectance,Delta,chrom,320_480nm,dose_4
3.4642483313747534,-0.7897349143966322,reflectance,Delta,chrom,320_480nm,dose_5
1.0207616889374957,0.5135484899920938,reflectance,Delta,chrom,320_480nm,dose_6
-3.0915658041000884,0.21051999452379377,chrom,Delta,chrom,320_480nm,dose_1
-0.3846112881182893,-0.3745249788370532,chrom,Delta,chrom,320_480nm,dose_2
0.37934867336400685,1.0713522358306389,chrom,Delta,chrom,320_480nm,dose_3
1.8469954394922818,0.6069352413313551,chrom,Delta,chrom,320_480nm,dose_4
0.6762888344656975,-1.4806111509330397,chrom,Delta,chrom,320_480nm,dose_5
0.5735441448963914,-0.03367134191569407,chrom,Delta,chrom,320_480nm,dose_6
-1.4513093257126006,2.096628444812533,reflectance,Delta,dad,320_480nm,dose_1
-5.112100325584673,-1.392629903860402,reflectance,Delta,dad,320_480nm,dose_2
0.399635888941785,0.8963800315619287,reflectance,Delta,dad,320_480nm,dose_3
1.6787637420432409,-1.3241921481095205,reflectance,Delta,dad,320_480nm,dose_4
3.4642483313747534,-0.7897349143966322,reflectance,Delta,dad,320_480nm,dose_5
1.0207616889374957,0.5135484899920938,reflectance,Delta,dad,320_480nm,dose_6
-3.4546474023942473,-0.2374133553633988,dad,Delta,dad,320_480nm,dose_1
0.04898657236436473,0.5962618094873231,dad,Delta,dad,320_480nm,dose_2
0.46044902356038114,-0.6956386882347688,dad,Delta,dad,320_480nm,dose_3
1.7376520419098667,-0.3643336573901077,dad,Delta,dad,320_480nm,dose_4
0.32547390690384254,0.9242497285444308,dad,Delta,dad,320_480nm,dose_5
0.8820858576557917,-0.22312583704347866,dad,Delta,dad,320_480nm,dose_6
-1.4513093257126006,2.096628444812533,reflectance,Delta,latent,320_480nm,dose_1
-5.112100325584673,-1.392629903860402,reflectance,Delta,latent,320_480nm,dose_2
0.399635888941785,0.8963800315619287,reflectance,Delta,latent,320_480nm,dose_3
1.6787637420432409,-1.3241921481095205,reflectance,Delta,latent,320_480nm,dose_4
3.4642483313747534,-0.7897349143966322,reflectance,Delta,latent,320_480nm,dose_5
1.0207616889374957,0.5135484899920938,reflectance,Delta,latent,320_480nm,dose_6
-3.2829976457490218,-0.22496141163314398,latent,Delta,latent,320_480nm,dose_1
-0.2008985896513215,0.46846667874438924,latent,Delta,latent,320_480nm,dose_2
0.3794614999805215,-0.8845800137607451,latent,Delta,latent,320_480nm,dose_3
1.8195497128593219,-0.4940007843906375,latent,Delta,latent,320_480nm,dose_4
0.539515823432496,1.2434131046395147,latent,Delta,latent,320_480nm,dose_5
0.7453691991280036,-0.10833757359937715,latent,Delta,latent,320_480nm,dose_6
-0.2637300692251929,0.5146150824709795,reflectance,12Oclock,chrom,320_480nm,dose_1
-2.850528466984919,1.3759923960197549,reflectance,12Oclock,chrom,320_480nm,dose_2
-1.7355301293140293,-1.9416195589923064,reflectance,12Oclock,chrom,320_480nm,dose_3
-1.2722975735832187,0.17563634848304496,reflectance,12Oclock,chrom,320_480nm,dose_4
3.400021997530237,1.8452221761093555,reflectance,12Oclock,chrom,320_480nm,dose_5
2.7220642415771255,-1.969846444090828,reflectance,12Oclock,chrom,320_480nm,dose_6
-3.0915658041000884,0.21051999452379377,chrom,12Oclock,chrom,320_480nm,dose_1
-0.3846112881182893,-0.3745249788370532,chrom,12Oclock,chrom,320_480nm,dose_2
0.37934867336400685,1.0713522358306389,chrom,12Oclock,chrom,320_480nm,dose_3
1.8469954394922818,0.6069352413313551,chrom,12Oclock,chrom,320_480nm,dose_4
0.6762888344656975,-1.4806111509330397,chrom,12Oclock,chrom,320_480nm,dose_5
0.5735441448963914,-0.03367134191569407,chrom,12Oclock,chrom,320_480nm,dose_6
-0.2637300692251929,0.5146150824709795,reflectance,12Oclock,dad,320_480nm,dose_1
-2.850528466984919,1.3759923960197549,reflectance,12Oclock,dad,320_480nm,dose_2
-1.7355301293140293,-1.9416195589923064,reflectance,12Oclock,dad,320_480nm,dose_3
-1.2722975735832187,0.17563634848304496,reflectance,12Oclock,dad,320_480nm,dose_4
3.400021997530237,1.8452221761093555,reflectance,12Oclock,dad,320_480nm,dose_5
2.7220642415771255,-1.969846444090828,reflectance,12Oclock,dad,320_480nm,dose_6
-3.4546474023942473,-0.2374133553633988,dad,12Oclock,dad,320_480nm,dose_1
0.04898657236436473,0.5962618094873231,dad,12Oclock,dad,320_480nm,dose_2
0.46044902356038114,-0.6956386882347688,dad,12Oclock,dad,320_480nm,dose_3
1.7376520419098667,-0.3643336573901077,dad,12Oclock,dad,320_480nm,dose_4
0.32547390690384254,0.9242497285444308,dad,12Oclock,dad,320_480nm,dose_5
0.8820858576557917,-0.22312583704347866,dad,12Oclock,dad,320_480nm,dose_6
-0.2637300692251929,0.5146150824709795,reflectance,12Oclock,latent,320_480nm,dose_1
-2.850528466984919,1.3759923960197549,reflectance,12Oclock,latent,320_480nm,dose_2
-1.7355301293140293,-1.9416195589923064,reflectance,12Oclock,latent,320_480nm,dose_3
-1.2722975735832187,0.17563634848304496,reflectance,12Oclock,latent,320_480nm,dose_4
3.400021997530237,1.8452221761093555,reflectance,12Oclock,latent,320_480nm,dose_5
2.7220642415771255,-1.969846444090828,reflectance,12Oclock,latent,320_480nm,dose_6
-3.2829976457490218,-0.22496141163314398,latent,12Oclock,latent,320_480nm,dose_1
-0.2008985896513215,0.46846667874438924,latent,12Oclock,latent,320_480nm,dose_2
0.3794614999805215,-0.8845800137607451,latent,12Oclock,latent,320_480nm,dose_3
1.8195497128593219,-0.4940007843906375,latent,12Oclock,latent,320_480nm,dose_4
0.539515823432496,1.2434131046395147,latent,12Oclock,latent,320_480nm,dose_5
0.7453691991280036,-0.10833757359937715,latent,12Oclock,latent,320_480nm,dose_6
1.5870959377413845,2.400026188868327,reflectance,6Oclock,chrom,320_480nm,dose_1
1.460478728827147,1.311293771514587,reflectance,6Oclock,chrom,320_480nm,dose_2
-3.1552418703623526,1.3284956871923352,reflectance,6Oclock,chrom,320_480nm,dose_3
-2.6095546542682033,-0.5618859535005493,reflectance,6Oclock,chrom,320_480nm,dose_4
-0.5619692632202216,-3.042115080123836,reflectance,6Oclock,chrom,320_480nm,dose_5
3.2791911212822455,-1.435814613950864,reflectance,6Oclock,chrom,320_480nm,dose_6
-3.0915658041000884,0.21051999452379377,chrom,6Oclock,chrom,320_480nm,dose_1
-0.3846112881182893,-0.3745249788370532,chrom,6Oclock,chrom,320_480nm,dose_2
0.37934867336400685,1.0713522358306389,chrom,6Oclock,chrom,320_480nm,dose_3
1.8469954394922818,0.6069352413313551,chrom,6Oclock,chrom,320_480nm,dose_4
0.6762888344656975,-1.4806111509330397,chrom,6Oclock,chrom,320_480nm,dose_5
0.5735441448963914,-0.03367134191569407,chrom,6Oclock,chrom,320_480nm,dose_6
1.5870959377413845,2.400026188868327,reflectance,6Oclock,dad,320_480nm,dose_1
1.460478728827147,1.311293771514587,reflectance,6Oclock,dad,320_480nm,dose_2
-3.1552418703623526,1.3284956871923352,reflectance,6Oclock,dad,320_480nm,dose_3
-2.6095546542682033,-0.5618859535005493,reflectance,6Oclock,dad,320_480nm,dose_4
-0.5619692632202216,-3.042115080123836,reflectance,6Oclock,dad,320_480nm,dose_5
3.2791911212822455,-1.435814613950864,reflectance,6Oclock,dad,320_480nm,dose_6
-3.4546474023942473,-0.2374133553633988,dad,6Oclock,dad,320_480nm,dose_1
0.04898657236436473,0.5962618094873231,dad,6Oclock,dad,320_480nm,dose_2
0.46044902356038114,-0.6956386882347688,dad,6Oclock,dad,320_480nm,dose_3
1.7376520419098667,-0.3643336573901077,dad,6Oclock,dad,320_480nm,dose_4
0.32547390690384254,0.9242497285444308,dad,6Oclock,dad,320_480nm,dose_5
0.8820858576557917,-0.22312583704347866,dad,6Oclock,dad,320_480nm,dose_6
1.5870959377413845,2.400026188868327,reflectance,6Oclock,latent,320_480nm,dose_1
1.460478728827147,1.311293771514587,reflectance,6Oclock,latent,320_480nm,dose_2
-3.1552418703623526,1.3284956871923352,reflectance,6Oclock,latent,320_480nm,dose_3
-2.6095546542682033,-0.5618859535005493,reflectance,6Oclock,latent,320_480nm,dose_4
-0.5619692632202216,-3.042115080123836,reflectance,6Oclock,latent,320_480nm,dose_5
3.2791911212822455,-1.435814613950864,reflectance,6Oclock,latent,320_480nm,dose_6
-3.2829976457490218,-0.22496141163314398,latent,6Oclock,latent,320_480nm,dose_1
-0.2008985896513215,0.46846667874438924,latent,6Oclock,latent,320_480nm,dose_2
0.3794614999805215,-0.8845800137607451,latent,6Oclock,latent,320_480nm,dose_3
1.8195497128593219,-0.4940007843906375,latent,6Oclock,latent,320_480nm,dose_4
0.539515823432496,1.2434131046395147,latent,6Oclock,latent,320_480nm,dose_5
0.7453691991280036,-0.10833757359937715,latent,6Oclock,latent,320_480nm,dose_6
