PC1,PC2,feature,matrix,kind,modality,window
0.4051910058529587,0.15746074524761033,mean_reflectance,reflectance,Sigma,chrom,320_480nm
0.4078872240887557,0.14338370356371805,median_reflectance,reflectance,Sigma,chrom,320_480nm
0.3782212715749911,0.22889496385681035,min_reflectance,reflectance,Sigma,chrom,320_480nm
0.40706657591644296,0.13334278938518146,max_reflectance,reflectance,Sigma,chrom,320_480nm
0.21362001637832181,-0.19226075806997503,range_reflectance,reflectance,Sigma,chrom,320_480nm
0.4052110716501005,0.15735766669977835,area_reflectance,reflectance,Sigma,chrom,320_480nm
-0.10104138128611095,0.5199791769065166,mean_std,reflectance,Sigma,chrom,320_480nm
-0.08295086384752283,0.5261317831664645,median_std,reflectance,Sigma,chrom,320_480nm
-0.249595720804009,0.4136581284685963,mean_mad,reflectance,Sigma,chrom,320_480nm
-0.26734991925690105,0.32317540750048496,median_mad,reflectance,Sigma,chrom,320_480nm
0.6516196359666339,-0.020962525834356396,chrom_total_mean,chrom,Sigma,chrom,320_480nm
0.5275243649950555,0.730831405594068,chrom_oxidized_mean,chrom,Sigma,chrom,320_480nm
0.5450778791689083,-0.6822360508709888,chrom_reduced_mean,chrom,Sigma,chrom,320_480nm
0.4051910058529587,0.15746074524761033,mean_reflectance,reflectance,Sigma,dad,320_480nm
0.4078872240887557,0.14338370356371805,median_reflectance,reflectance,Sigma,dad,320_480nm
0.3782212715749911,0.22889496385681035,min_reflectance,reflectance,Sigma,dad,320_480nm
0.40706657591644296,0.13334278938518146,max_reflectance,reflectance,Sigma,dad,320_480nm
0.21362001637832181,-0.19226075806997503,range_reflectance,reflectance,Sigma,dad,320_480nm
0.4052110716501005,0.15735766669977835,area_reflectance,reflectance,Sigma,dad,320_480nm
-0.10104138128611095,0.5199791769065166,mean_std,reflectance,Sigma,dad,320_480nm
-0.08295086384752283,0.5261317831664645,median_std,reflectance,Sigma,dad,320_480nm
-0.249595720804009,0.4136581284685963,mean_mad,reflectance,Sigma,dad,320_480nm
-0.26734991925690105,0.32317540750048496,median_mad,reflectance,Sigma,dad,320_480nm
0.6108389278419976,-0.023394240119227094,dad_total_mean,dad,Sigma,dad,320_480nm
0.5622300124035887,-0.6909707575658445,dad_oxidized_mean,dad,Sigma,dad,320_480nm
0.5574703735495721,0.7225040634613251,dad_reduced_mean,dad,Sigma,dad,320_480nm
0.4051910058529587,0.15746074524761033,mean_reflectance,reflectance,Sigma,latent,320_480nm
0.4078872240887557,0.14338370356371805,median_reflectance,reflectance,Sigma,latent,320_480nm
0.3782212715749911,0.22889496385681035,min_reflectance,reflectance,Sigma,latent,320_480nm
0.40706657591644296,0.13334278938518146,max_reflectance,reflectance,Sigma,latent,320_480nm
0.21362001637832181,-0.19226075806997503,range_reflectance,reflectance,Sigma,latent,320_480nm
0.4052110716501005,0.15735766669977835,area_reflectance,reflectance,Sigma,latent,320_480nm
-0.10104138128611095,0.5199791769065166,mean_std,reflectance,Sigma,latent,320_480nm
-0.08295086384752283,0.5261317831664645,median_std,reflectance,Sigma,latent,320_480nm
-0.249595720804009,0.4136581284685963,mean_mad,reflectance,Sigma,latent,320_480nm
-0.26734991925690105,0.32317540750048496,median_mad,reflectance,Sigma,latent,320_480nm
0.6291168306961071,-0.008074398778405358,latent_total_mean,latent,Sigma,latent,320_480nm
0.5512540639793279,-0.7003538538660874,latent_oxidized_mean,latent,Sigma,latent,320_480nm
0.5480246073682832,0.7137501547875749,latent_reduced_mean,latent,Sigma,latent,320_480nm
0.3562874097854989,0.11424627532230959,mean_reflectance,reflectance,Delta,chrom,320_480nm
0.35515889651904436,0.11320344960322876,median_reflectance,reflectance,Delta,chrom,320_480nm
0.3552080309944496,0.1906146394490698,min_reflectance,reflectance,Delta,chrom,320_480nm
0.3496599349713918,0.05190197264453337,max_reflectance,reflectance,Delta,chrom,320_480nm
-0.2555682929131005,-0.3878058880961318,range_reflectance,reflectance,Delta,chrom,320_480nm
0.3562811012125775,0.11421840641566962,area_reflectance,reflectance,Delta,chrom,320_480nm
-0.22949179679026593,0.6043587773609048,mean_std,reflectance,Delta,chrom,320_480nm
-0.21545625353263098,0.6249371947736493,median_std,reflectance,Delta,chrom,320_480nm
-0.33549404285693907,0.12319046148361991,mean_mad,reflectance,Delta,chrom,320_480nm
-0.30755668460946123,-0.026340877828526357,median_mad,reflectance,Delta,chrom,320_480nm
0.6516196359666339,-0.020962525834356396,chrom_total_mean,chrom,Delta,chrom,320_480nm
0.5275243649950555,0.730831405594068,chrom_oxidized_mean,chrom,Delta,chrom,320_480nm
0.5450778791689083,-0.6822360508709888,chrom_reduced_mean,chrom,Delta,chrom,320_480nm
0.3562874097854989,0.11424627532230959,mean_reflectance,reflectance,Delta,dad,320_480nm
0.35515889651904436,0.11320344960322876,median_reflectance,reflectance,Delta,dad,320_480nm
0.3552080309944496,0.1906146394490698,min_reflectance,reflectance,Delta,dad,320_480nm
0.3496599349713918,0.05190197264453337,max_reflectance,reflectance,Delta,dad,320_480nm
-0.2555682929131005,-0.3878058880961318,range_reflectance,reflectance,Delta,dad,320_480nm
0.3562811012125775,0.11421840641566962,area_reflectance,reflectance,Delta,dad,320_480nm
-0.22949179679026593,0.6043587773609048,mean_std,reflectance,Delta,dad,320_480nm
-0.21545625353263098,0.6249371947736493,median_std,reflectance,Delta,dad,320_480nm
-0.33549404285693907,0.12319046148361991,mean_mad,reflectance,Delta,dad,320_480nm
-0.30755668460946123,-0.026340877828526357,median_mad,reflectance,Delta,dad,320_480nm
0.6108389278419976,-0.023394240119227094,dad_total_mean,dad,Delta,dad,320_480nm
0.5622300124035887,-0.6909707575658445,dad_oxidized_mean,dad,Delta,dad,320_480nm
0.5574703735495721,0.7225040634613251,dad_reduced_mean,dad,Delta,dad,320_480nm
0.3562874097854989,0.11424627532230959,mean_reflectance,reflectance,Delta,latent,320_480nm
0.35515889651904436,0.11320344960322876,median_reflectance,reflectance,Delta,latent,320_480nm
0.3552080309944496,0.1906146394490698,min_reflectance,reflectance,Delta,latent,320_480nm
0.3496599349713918,0.05190197264453337,max_reflectance,reflectance,Delta,latent,320_480nm
-0.2555682929131005,-0.3878058880961318,range_reflectance,reflectance,Delta,latent,320_480nm
0.3562811012125775,0.11421840641566962,area_reflectance,reflectance,Delta,latent,320_480nm
-0.22949179679026593,0.6043587773609048,mean_std,reflectance,Delta,latent,320_480nm
-0.21545625353263098,0.6249371947736493,median_std,reflectance,Delta,latent,320_480nm
-0.33549404285693907,0.12319046148361991,mean_mad,reflectance,Delta,latent,320_480nm
-0.30755668460946123,-0.026340877828526357,median_mad,reflectance,Delta,latent,320_480nm
0.6291168306961071,-0.008074398778405358,latent_total_mean,latent,Delta,latent,320_480nm
0.5512540639793279,-0.7003538538660874,latent_oxidized_mean,latent,Delta,latent,320_480nm
0.5480246073682832,0.7137501547875749,latent_reduced_mean,latent,Delta,latent,320_480nm
0.43085108676259276,-0.002232345873842793,mean_reflectance,reflectance,12Oclock,chrom,320_480nm
0.43078198083419816,-0.003855843790905611,median_reflectance,reflectance,12Oclock,chrom,320_480nm
0.42560592547919207,0.05263695713726129,min_reflectance,reflectance,12Oclock,chrom,320_480nm
0.4305961330576766,-0.05940831701849797,max_reflectance,reflectance,12Oclock,chrom,320_480nm
0.1784314753614869,-0.4543323570969317,range_reflectance,reflectance,12Oclock,chrom,320_480nm
0.43084980227395286,-0.0022143848035957973,area_reflectance,reflectance,12Oclock,chrom,320_480nm
0.03325135005725215,-0.2958717216490256,mean_std,reflectance,12Oclock,chrom,320_480nm
0.10731689064505845,-0.34803428520348595,median_std,reflectance,12Oclock,chrom,320_480nm
0.10843489265574456,0.5411774912506384,mean_mad,reflectance,12Oclock,chrom,320_480nm
0.14279620321995654,0.5345244064798271,median_mad,reflectance,12Oclock,chrom,320_480nm
0.6516196359666339,-0.020962525834356396,chrom_total_mean,chrom,12Oclock,chrom,320_480nm
0.5275243649950555,0.730831405594068,chrom_oxidized_mean,chrom,12Oclock,chrom,320_480nm
0.5450778791689083,-0.6822360508709888,chrom_reduced_mean,chrom,12Oclock,chrom,320_480nm
0.43085108676259276,-0.002232345873842793,mean_reflectance,reflectance,12Oclock,dad,320_480nm
0.43078198083419816,-0.003855843790905611,median_reflectance,reflectance,12Oclock,dad,320_480nm
0.42560592547919207,0.05263695713726129,min_reflectance,reflectance,12Oclock,dad,320_480nm
0.4305961330576766,-0.05940831701849797,max_reflectance,reflectance,12Oclock,dad,320_480nm
0.1784314753614869,-0.4543323570969317,range_reflectance,reflectance,12Oclock,dad,320_480nm
0.43084980227395286,-0.0022143848035957973,area_reflectance,reflectance,12Oclock,dad,320_480nm
0.03325135005725215,-0.2958717216490256,mean_std,reflectance,12Oclock,dad,320_480nm
0.10731689064505845,-0.34803428520348595,median_std,reflectance,12Oclock,dad,320_480nm
0.10843489265574456,0.5411774912506384,mean_mad,reflectance,12Oclock,dad,320_480nm
0.14279620321995654,0.5345244064798271,median_mad,reflectance,12Oclock,dad,320_480nm
0.6108389278419976,-0.023394240119227094,dad_total_mean,dad,12Oclock,dad,320_480nm
0.5622300124035887,-0.6909707575658445,dad_oxidized_mean,dad,12Oclock,dad,320_480nm
0.5574703735495721,0.7225040634613251,dad_reduced_mean,dad,12Oclock,dad,320_480nm
0.43085108676259276,-0.002232345873842793,mean_reflectance,reflectance,12Oclock,latent,320_480nm
0.43078198083419816,-0.003855843790905611,median_reflectance,reflectance,12Oclock,latent,320_480nm
0.42560592547919207,0.05263695713726129,min_reflectance,reflectance,12Oclock,latent,320_480nm
0.4305961330576766,-0.05940831701849797,max_reflectance,reflectance,12Oclock,latent,320_480nm
0.1784314753614869,-0.4543323570969317,range_reflectance,reflectance,12Oclock,latent,320_480nm
0.43084980227395286,-0.0022143848035957973,area_reflectance,reflectance,12Oclock,latent,320_480nm
0.03325135005725215,-0.2958717216490256,mean_std,reflectance,12Oclock,latent,320_480nm
0.10731689064505845,-0.34803428520348595,median_std,reflectance,12Oclock,latent,320_480nm
0.10843489265574456,0.5411774912506384,mean_mad,reflectance,12Oclock,latent,320_480nm
0.14279620321995654,0.5345244064798271,median_mad,reflectance,12Oclock,latent,320_480nm
0.6291168306961071,-0.008074398778405358,latent_total_mean,latent,12Oclock,latent,320_480nm
0.5512540639793279,-0.7003538538660874,latent_oxidized_mean,latent,12Oclock,latent,320_480nm
0.5480246073682832,0.7137501547875749,latent_reduced_mean,latent,12Oclock,latent,320_480nm
0.41213966934464286,-0.14516522440629123,mean_reflectance,reflectance,6Oclock,chrom,320_480nm
0.40712069888039143,-0.16091896573275769,median_reflectance,reflectance,6Oclock,chrom,320_480nm
0.406795056380926,-0.039893139917327104,min_reflectance,reflectance,6Oclock,chrom,320_480nm
0.40447467986459873,-0.14281836114542537,max_reflectance,reflectance,6Oclock,chrom,320_480nm
0.1942859723582354,-0.21301066963628096,range_reflectance,reflectance,6Oclock,chrom,320_480nm
0.41209552836318025,-0.1453140635507791,area_reflectance,reflectance,6Oclock,chrom,320_480nm
0.23486692529464154,0.43333059964820275,mean_std,reflectance,6Oclock,chrom,320_480nm
0.22769673339064372,0.43714612225912497,median_std,reflectance,6Oclock,chrom,320_480nm
0.11585718182636243,0.4949603479773025,mean_mad,reflectance,6Oclock,chrom,320_480nm
0.08550274744772599,0.4906077739761488,median_mad,reflectance,6Oclock,chrom,320_480nm
0.6516196359666339,-0.020962525834356396,chrom_total_mean,chrom,6Oclock,chrom,320_480nm
0.5275243649950555,0.730831405594068,chrom_oxidized_mean,chrom,6Oclock,chrom,320_480nm
0.5450778791689083,-0.6822360508709888,chrom_reduced_mean,chrom,6Oclock,chrom,320_480nm
0.41213966934464286,-0.14516522440629123,mean_reflectance,reflectance,6Oclock,dad,320_480nm
0.40712069888039143,-0.16091896573275769,median_reflectance,reflectance,6Oclock,dad,320_480nm
0.406795056380926,-0.039893139917327104,min_reflectance,reflectance,6Oclock,dad,320_480nm
0.40447467986459873,-0.14281836114542537,max_reflectance,reflectance,6Oclock,dad,320_480nm
0.1942859723582354,-0.21301066963628096,range_reflectance,reflectance,6Oclock,dad,320_480nm
0.41209552836318025,-0.1453140635507791,area_reflectance,reflectance,6Oclock,dad,320_480nm
0.23486692529464154,0.43333059964820275,mean_std,reflectance,6Oclock,dad,320_480nm
0.22769673339064372,0.43714612225912497,median_std,reflectance,6Oclock,dad,320_480nm
0.11585718182636243,0.4949603479773025,mean_mad,reflectance,6Oclock,dad,320_480nm
0.08550274744772599,0.4906077739761488,median_mad,reflectance,6Oclock,dad,320_480nm
0.6108389278419976,-0.023394240119227094,dad_total_mean,dad,6Oclock,dad,320_480nm
0.5622300124035887,-0.6909707575658445,dad_oxidized_mean,dad,6Oclock,dad,320_480nm
0.5574703735495721,0.7225040634613251,dad_reduced_mean,dad,6Oclock,dad,320_480nm
0.41213966934464286,-0.14516522440629123,mean_reflectance,reflectance,6Oclock,latent,320_480nm
0.40712069888039143,-0.16091896573275769,median_reflectance,reflectance,6Oclock,latent,320_480nm
0.406795056380926,-0.039893139917327104,min_reflectance,reflectance,6Oclock,latent,320_480nm
0.40447467986459873,-0.14281836114542537,max_reflectance,reflectance,6Oclock,latent,320_480nm
0.1942859723582354,-0.21301066963628096,range_reflectance,reflectance,6Oclock,latent,320_480nm
0.41209552836318025,-0.1453140635507791,area_reflectance,reflectance,6Oclock,latent,320_480nm
0.23486692529464154,0.43333059964820275,mean_std,reflectance,6Oclock,latent,320_480nm
0.22769673339064372,0.43714612225912497,median_std,reflectance,6Oclock,latent,320_480nm
0.11585718182636243,0.4949603479773025,mean_mad,reflectance,6Oclock,latent,320_480nm
0.08550274744772599,0.4906077739761488,median_mad,reflectance,6Oclock,latent,320_480nm
0.6291168306961071,-0.008074398778405358,latent_total_mean,latent,6Oclock,latent,320_480nm
0.5512540639793279,-0.7003538538660874,latent_oxidized_mean,latent,6Oclock,latent,320_480nm
0.5480246073682832,0.7137501547875749,latent_reduced_mean,latent,6Oclock,latent,320_480nm
