target,kind,band_label,role,subset_name,feature_count,features,alpha,rmse_loocv_subset,mae_loocv_subset,rmse_loocv_catalogue,rmse_in_sample_catalogue,delta_rmse_loocv
chrom_oxidized,Sigma,peak_band_auto,reporting,auc+continuum_depth,2,"auc,continuum_depth",0.1,0.2507738347523587,0.22868021230490032,0.07478960484612507,0.03659961174673222,0.17598422990623364
chrom_oxidized,Sigma,peak_band_auto,reporting,auc_fwhm,2,"auc,fwhm_nm",0.1,0.08703750482323541,0.07229139286204346,0.07478960484612507,0.03659961174673222,0.012247899977110344
chrom_oxidized,Sigma,peak_band_auto,reporting,auc_only,1,auc,0.1,0.25061446518931557,0.22853556587747956,0.07478960484612507,0.03659961174673222,0.1758248603431905
chrom_oxidized,Sigma,peak_band_auto,reporting,continuum_depth+fwhm_nm,2,"continuum_depth,fwhm_nm",0.1,0.0747950642221778,0.058882715417882446,0.07478960484612507,0.03659961174673222,5.459376052729947e-06
chrom_oxidized,Sigma,peak_band_auto,reporting,drop_fixed_terms,6,"peak_reflectance,peak_wavelength_nm,auc,continuum_depth,fwhm_nm,max_curvature",0.1,0.07965679756151256,0.0644310387287908,0.07478960484612507,0.03659961174673222,0.004867192715387492
chrom_oxidized,Sigma,peak_band_auto,reporting,full,8,"peak_reflectance,peak_wavelength_nm,auc,continuum_depth,fwhm_nm,max_curvature,fixed_peak_reflectance,fixed_continuum_depth",0.1,0.07965679756151256,0.0644310387287908,0.07478960484612507,0.03659961174673222,0.004867192715387492
chrom_oxidized,Sigma,peak_band_auto,reporting,fwhm_only,1,fwhm_nm,0.1,0.07476026816349082,0.058900888268237216,0.07478960484612507,0.03659961174673222,-2.9336682634245603e-05
chrom_oxidized,Sigma,peak_band_auto,reporting,peak_auc,2,"peak_reflectance,auc",0.1,0.25089809792918943,0.2289740741483459,0.07478960484612507,0.03659961174673222,0.17610849308306437
chrom_oxidized,Sigma,peak_band_auto,reporting,peak_only,1,peak_reflectance,0.1,0.21886979723029018,0.19546003011273663,0.07478960484612507,0.03659961174673222,0.1440801923841651
chrom_oxidized,Sigma,peak_band_auto,reporting,peak_reflectance+continuum_depth,2,"peak_reflectance,continuum_depth",0.1,0.2190135910119587,0.1955563907308472,0.07478960484612507,0.03659961174673222,0.14422398616583362
chrom_oxidized,Sigma,peak_band_auto,reporting,peak_reflectance+fwhm_nm,2,"peak_reflectance,fwhm_nm",0.1,0.07624477358319855,0.06026633520209899,0.07478960484612507,0.03659961174673222,0.0014551687370734784
chrom_oxidized,Sigma,peak_band_auto,reporting,peak_reflectance+peak_wavelength_nm,2,"peak_reflectance,peak_wavelength_nm",0.1,0.12087988254811201,0.09672044237260437,0.07478960484612507,0.03659961174673222,0.04609027770198694
chrom_oxidized,Sigma,peak_band_auto,reporting,peak_wavelength_nm+auc,2,"peak_wavelength_nm,auc",0.1,0.1364252566108421,0.11392034675320119,0.07478960484612507,0.03659961174673222,0.061635651764717025
chrom_oxidized,Sigma,peak_band_auto,reporting,peak_wavelength_nm+continuum_depth,2,"peak_wavelength_nm,continuum_depth",0.1,0.12346745794302234,0.09704402486499632,0.07478960484612507,0.03659961174673222,0.048677853096897275
chrom_oxidized,Sigma,peak_band_auto,reporting,peak_wavelength_nm+fwhm_nm,2,"peak_wavelength_nm,fwhm_nm",0.1,0.0848581908340962,0.06957621818827305,0.07478960484612507,0.03659961174673222,0.010068585987971126
chrom_total,12Oclock,320_480nm,reporting,auc+continuum_depth,2,"auc,continuum_depth",0.1,0.2762945407522638,0.21305058838275073,0.30298004218838914,0.16587509613106055,-0.02668550143612536
chrom_total,12Oclock,320_480nm,reporting,auc_fwhm,2,"auc,fwhm_nm",0.1,0.30425730452435096,0.22281810313285044,0.30298004218838914,0.16587509613106055,0.0012772623359618152
chrom_total,12Oclock,320_480nm,reporting,auc_only,1,auc,0.1,0.27626788858424356,0.21302819876779774,0.30298004218838914,0.16587509613106055,-0.026712153604145583
chrom_total,12Oclock,320_480nm,reporting,continuum_depth+fwhm_nm,2,"continuum_depth,fwhm_nm",0.1,0.2591834846002912,0.1861173679520559,0.30298004218838914,0.16587509613106055,-0.04379655758809792
chrom_total,12Oclock,320_480nm,reporting,drop_fixed_terms,6,"peak_reflectance,peak_wavelength_nm,auc,continuum_depth,fwhm_nm,max_curvature",0.1,0.30424735409780534,0.22275999231711932,0.30298004218838914,0.16587509613106055,0.0012673119094162022
chrom_total,12Oclock,320_480nm,reporting,full,8,"peak_reflectance,peak_wavelength_nm,auc,continuum_depth,fwhm_nm,max_curvature,fixed_peak_reflectance,fixed_continuum_depth",0.1,0.30424735409780534,0.2227599923171193,0.30298004218838914,0.16587509613106055,0.0012673119094162022
chrom_total,12Oclock,320_480nm,reporting,fwhm_only,1,fwhm_nm,0.1,0.259177542645809,0.18611456424617842,0.30298004218838914,0.16587509613106055,-0.04380249954258014
chrom_total,12Oclock,320_480nm,reporting,peak_auc,2,"peak_reflectance,auc",0.1,0.27622551870542045,0.21295836811630653,0.30298004218838914,0.16587509613106055,-0.026754523482968695
chrom_total,12Oclock,320_480nm,reporting,peak_only,1,peak_reflectance,0.1,0.2654601054643242,0.1979268999926503,0.30298004218838914,0.16587509613106055,-0.03751993672406495
chrom_total,12Oclock,320_480nm,reporting,peak_reflectance+continuum_depth,2,"peak_reflectance,continuum_depth",0.1,0.2654814266942261,0.19794402706397993,0.30298004218838914,0.16587509613106055,-0.03749861549416306
chrom_total,12Oclock,320_480nm,reporting,peak_reflectance+fwhm_nm,2,"peak_reflectance,fwhm_nm",0.1,0.2617090588019604,0.18852766704771204,0.30298004218838914,0.16587509613106055,-0.04127098338642876
chrom_total,12Oclock,320_480nm,reporting,peak_reflectance+peak_wavelength_nm,2,"peak_reflectance,peak_wavelength_nm",0.1,0.26546010546432414,0.19792689999265026,0.30298004218838914,0.16587509613106055,-0.037519936724065006
chrom_total,12Oclock,320_480nm,reporting,peak_wavelength_nm+auc,2,"peak_wavelength_nm,auc",0.1,0.2762678885842436,0.2130281987677977,0.30298004218838914,0.16587509613106055,-0.026712153604145528
chrom_total,12Oclock,320_480nm,reporting,peak_wavelength_nm+continuum_depth,2,"peak_wavelength_nm,continuum_depth",0.1,0.2651228719876584,0.19775399200292723,0.30298004218838914,0.16587509613106055,-0.03785717020073076
chrom_total,12Oclock,320_480nm,reporting,peak_wavelength_nm+fwhm_nm,2,"peak_wavelength_nm,fwhm_nm",0.1,0.25917754264580756,0.18611456424617834,0.30298004218838914,0.16587509613106055,-0.043802499542581586
dad_oxidized,Sigma,peak_band_auto,reporting,auc+continuum_depth,2,"auc,continuum_depth",0.1,0.5329713369145401,0.47195581386442026,0.16612863856923527,0.07477386405913505,0.36684269834530486
dad_oxidized,Sigma,peak_band_auto,reporting,auc_fwhm,2,"auc,fwhm_nm",0.1,0.16345762615744092,0.12596030389358273,0.16612863856923527,0.07477386405913505,-0.002671012411794349
dad_oxidized,Sigma,peak_band_auto,reporting,auc_only,1,auc,0.1,0.5325894797133901,0.47159213037446285,0.16612863856923527,0.07477386405913505,0.36646084114415484
dad_oxidized,Sigma,peak_band_auto,reporting,continuum_depth+fwhm_nm,2,"continuum_depth,fwhm_nm",0.1,0.20687339924557108,0.1856493794452827,0.16612863856923527,0.07477386405913505,0.04074476067633581
dad_oxidized,Sigma,peak_band_auto,reporting,drop_fixed_terms,6,"peak_reflectance,peak_wavelength_nm,auc,continuum_depth,fwhm_nm,max_curvature",0.1,0.2067911129790692,0.17985766439416814,0.16612863856923527,0.07477386405913505,0.04066247440983395
dad_oxidized,Sigma,peak_band_auto,reporting,full,8,"peak_reflectance,peak_wavelength_nm,auc,continuum_depth,fwhm_nm,max_curvature,fixed_peak_reflectance,fixed_continuum_depth",0.1,0.20679111297906727,0.17985766439416664,0.16612863856923527,0.07477386405913505,0.040662474409832006
dad_oxidized,Sigma,peak_band_auto,reporting,fwhm_only,1,fwhm_nm,0.1,0.20702395867507647,0.18578439188396234,0.16612863856923527,0.07477386405913505,0.04089532010584121
dad_oxidized,Sigma,peak_band_auto,reporting,peak_auc,2,"peak_reflectance,auc",0.1,0.5330486441440786,0.4725179951534379,0.16612863856923527,0.07477386405913505,0.36692000557484333
dad_oxidized,Sigma,peak_band_auto,reporting,peak_only,1,peak_reflectance,0.1,0.4389060175181924,0.3871904920431392,0.16612863856923527,0.07477386405913505,0.27277737894895715
dad_oxidized,Sigma,peak_band_auto,reporting,peak_reflectance+continuum_depth,2,"peak_reflectance,continuum_depth",0.1,0.43936282255245296,0.38756896277770214,0.16612863856923527,0.07477386405913505,0.2732341839832177
dad_oxidized,Sigma,peak_band_auto,reporting,peak_reflectance+fwhm_nm,2,"peak_reflectance,fwhm_nm",0.1,0.19809696925089598,0.1762188866821525,0.16612863856923527,0.07477386405913505,0.03196833068166072
dad_oxidized,Sigma,peak_band_auto,reporting,peak_reflectance+peak_wavelength_nm,2,"peak_reflectance,peak_wavelength_nm",0.1,0.34019047976506606,0.24709367194963253,0.16612863856923527,0.07477386405913505,0.1740618411958308
dad_oxidized,Sigma,peak_band_auto,reporting,peak_wavelength_nm+auc,2,"peak_wavelength_nm,auc",0.1,0.3595479315044677,0.28192781757094504,0.16612863856923527,0.07477386405913505,0.1934192929352324
dad_oxidized,Sigma,peak_band_auto,reporting,peak_wavelength_nm+continuum_depth,2,"peak_wavelength_nm,continuum_depth",0.1,0.35053383663149035,0.25554137613142625,0.16612863856923527,0.07477386405913505,0.18440519806225508
dad_oxidized,Sigma,peak_band_auto,reporting,peak_wavelength_nm+fwhm_nm,2,"peak_wavelength_nm,fwhm_nm",0.1,0.2434327614791643,0.223577788570494,0.16612863856923527,0.07477386405913505,0.07730412290992902
dad_total,Sigma,peak_band_auto,reporting,auc+continuum_depth,2,"auc,continuum_depth",0.1,0.542616251288019,0.41352318119762527,0.553726739001856,0.19956935640759682,-0.011110487713836936
dad_total,Sigma,peak_band_auto,reporting,auc_fwhm,2,"auc,fwhm_nm",0.1,0.513022771336246,0.4742016105747191,0.553726739001856,0.19956935640759682,-0.04070396766561002
dad_total,Sigma,peak_band_auto,reporting,auc_only,1,auc,0.1,0.5423185040235928,0.413501660985895,0.553726739001856,0.19956935640759682,-0.011408234978263154
dad_total,Sigma,peak_band_auto,reporting,continuum_depth+fwhm_nm,2,"continuum_depth,fwhm_nm",0.1,0.47088249681402433,0.3899871845051967,0.553726739001856,0.19956935640759682,-0.08284424218783165
dad_total,Sigma,peak_band_auto,reporting,drop_fixed_terms,6,"peak_reflectance,peak_wavelength_nm,auc,continuum_depth,fwhm_nm,max_curvature",0.1,0.6733378627960602,0.6422315493480578,0.553726739001856,0.19956935640759682,0.11961112379420424
dad_total,Sigma,peak_band_auto,reporting,full,8,"peak_reflectance,peak_wavelength_nm,auc,continuum_depth,fwhm_nm,max_curvature,fixed_peak_reflectance,fixed_continuum_depth",0.1,0.6733378627960704,0.6422315493480658,0.553726739001856,0.19956935640759682,0.11961112379421446
dad_total,Sigma,peak_band_auto,reporting,fwhm_only,1,fwhm_nm,0.1,0.47130165564491194,0.39052007282595724,0.553726739001856,0.19956935640759682,-0.08242508335694404
dad_total,Sigma,peak_band_auto,reporting,peak_auc,2,"peak_reflectance,auc",0.1,0.5419991246801624,0.4118761607150119,0.553726739001856,0.19956935640759682,-0.011727614321693558
dad_total,Sigma,peak_band_auto,reporting,peak_only,1,peak_reflectance,0.1,0.49838877089991784,0.34963337791232335,0.553726739001856,0.19956935640759682,-0.05533796810193814
dad_total,Sigma,peak_band_auto,reporting,peak_reflectance+continuum_depth,2,"peak_reflectance,continuum_depth",0.1,0.4987248306381774,0.3497126514585999,0.553726739001856,0.19956935640759682,-0.055001908363678575
dad_total,Sigma,peak_band_auto,reporting,peak_reflectance+fwhm_nm,2,"peak_reflectance,fwhm_nm",0.1,0.46125309634679,0.3783241854707214,0.553726739001856,0.19956935640759682,-0.09247364265506597
dad_total,Sigma,peak_band_auto,reporting,peak_reflectance+peak_wavelength_nm,2,"peak_reflectance,peak_wavelength_nm",0.1,0.4852960645748811,0.41976192804439805,0.553726739001856,0.19956935640759682,-0.06843067442697487
dad_total,Sigma,peak_band_auto,reporting,peak_wavelength_nm+auc,2,"peak_wavelength_nm,auc",0.1,0.547668993943891,0.400555406624503,0.553726739001856,0.19956935640759682,-0.006057745057964969
dad_total,Sigma,peak_band_auto,reporting,peak_wavelength_nm+continuum_depth,2,"peak_wavelength_nm,continuum_depth",0.1,0.497622684047084,0.4321312889794733,0.553726739001856,0.19956935640759682,-0.056104054954772
dad_total,Sigma,peak_band_auto,reporting,peak_wavelength_nm+fwhm_nm,2,"peak_wavelength_nm,fwhm_nm",0.1,0.5394913754192593,0.44620858892464543,0.553726739001856,0.19956935640759682,-0.014235363582596694
latent_total,Sigma,peak_band_auto,reporting,auc+continuum_depth,2,"auc,continuum_depth",0.1,0.2744986395533542,0.21140444886488977,0.28956124254279486,0.10471210711332465,-0.015062602989440677
latent_total,Sigma,peak_band_auto,reporting,auc_fwhm,2,"auc,fwhm_nm",0.1,0.270800888995358,0.24912601371950602,0.28956124254279486,0.10471210711332465,-0.01876035354743688
latent_total,Sigma,peak_band_auto,reporting,auc_only,1,auc,0.1,0.2743538594203968,0.21125905267767373,0.28956124254279486,0.10471210711332465,-0.015207383122398055
latent_total,Sigma,peak_band_auto,reporting,continuum_depth+fwhm_nm,2,"continuum_depth,fwhm_nm",0.1,0.2539602018421923,0.20858923281457487,0.28956124254279486,0.10471210711332465,-0.03560104070060255
latent_total,Sigma,peak_band_auto,reporting,drop_fixed_terms,6,"peak_reflectance,peak_wavelength_nm,auc,continuum_depth,fwhm_nm,max_curvature",0.1,0.35106881752213737,0.3356302256511061,0.28956124254279486,0.10471210711332465,0.061507574979342505
latent_total,Sigma,peak_band_auto,reporting,full,8,"peak_reflectance,peak_wavelength_nm,auc,continuum_depth,fwhm_nm,max_curvature,fixed_peak_reflectance,fixed_continuum_depth",0.1,0.3510688175221391,0.3356302256511076,0.28956124254279486,0.10471210711332465,0.061507574979344226
latent_total,Sigma,peak_band_auto,reporting,fwhm_only,1,fwhm_nm,0.1,0.25420240709283193,0.20888131113393524,0.28956124254279486,0.10471210711332465,-0.03535883544996293
latent_total,Sigma,peak_band_auto,reporting,peak_auc,2,"peak_reflectance,auc",0.1,0.27423159370551675,0.21125754710512953,0.28956124254279486,0.10471210711332465,-0.01532964883727811
latent_total,Sigma,peak_band_auto,reporting,peak_only,1,peak_reflectance,0.1,0.2535981189619637,0.1821218056882352,0.28956124254279486,0.10471210711332465,-0.03596312358083115
latent_total,Sigma,peak_band_auto,reporting,peak_reflectance+continuum_depth,2,"peak_reflectance,continuum_depth",0.1,0.2537439430447929,0.18223238731188296,0.28956124254279486,0.10471210711332465,-0.03581729949800194
latent_total,Sigma,peak_band_auto,reporting,peak_reflectance+fwhm_nm,2,"peak_reflectance,fwhm_nm",0.1,0.24716719742114568,0.20146907057130012,0.28956124254279486,0.10471210711332465,-0.04239404512164918
latent_total,Sigma,peak_band_auto,reporting,peak_reflectance+peak_wavelength_nm,2,"peak_reflectance,peak_wavelength_nm",0.1,0.2524296622145959,0.2211173119645394,0.28956124254279486,0.10471210711332465,-0.037131580328198965
latent_total,Sigma,peak_band_auto,reporting,peak_wavelength_nm+auc,2,"peak_wavelength_nm,auc",0.1,0.2647448955828548,0.1982960820936929,0.28956124254279486,0.10471210711332465,-0.02481634695994006
latent_total,Sigma,peak_band_auto,reporting,peak_wavelength_nm+continuum_depth,2,"peak_wavelength_nm,continuum_depth",0.1,0.26113833290189475,0.2284239051829179,0.28956124254279486,0.10471210711332465,-0.028422909640900107
latent_total,Sigma,peak_band_auto,reporting,peak_wavelength_nm+fwhm_nm,2,"peak_wavelength_nm,fwhm_nm",0.1,0.2946542726133481,0.24178907630982147,0.28956124254279486,0.10471210711332465,0.005093030070553228
