target,kind,band_label,dose_id,predicted,actual,subset_label
chrom_oxidized,Sigma,peak_band_auto,dose_1,0.42227330518739736,0.0901073162314349,auc+continuum_depth
chrom_oxidized,Sigma,peak_band_auto,dose_2,0.4183085629120167,0.268739936889168,auc+continuum_depth
chrom_oxidized,Sigma,peak_band_auto,dose_3,0.3713642192445711,0.5445087237422649,auc+continuum_depth
chrom_oxidized,Sigma,peak_band_auto,dose_4,0.33913159651425684,0.6112001910362025,auc+continuum_depth
chrom_oxidized,Sigma,peak_band_auto,dose_5,0.3120471030486815,0.2336118541425206,auc+continuum_depth
chrom_oxidized,Sigma,peak_band_auto,dose_6,0.026620105031676555,0.3933184159564671,auc+continuum_depth
chrom_oxidized,Sigma,peak_band_auto,dose_1,0.04597562097743424,0.0901073162314349,auc_fwhm
chrom_oxidized,Sigma,peak_band_auto,dose_2,0.33076190466748034,0.268739936889168,auc_fwhm
chrom_oxidized,Sigma,peak_band_auto,dose_3,0.6723308838254178,0.5445087237422649,auc_fwhm
chrom_oxidized,Sigma,peak_band_auto,dose_4,0.4672553405349902,0.6112001910362025,auc_fwhm
chrom_oxidized,Sigma,peak_band_auto,dose_5,0.22852171432466228,0.2336118541425206,auc_fwhm
chrom_oxidized,Sigma,peak_band_auto,dose_6,0.4440559596941913,0.3933184159564671,auc_fwhm
chrom_oxidized,Sigma,peak_band_auto,dose_1,0.4219002282284853,0.0901073162314349,auc_only
chrom_oxidized,Sigma,peak_band_auto,dose_2,0.41815115187105034,0.268739936889168,auc_only
chrom_oxidized,Sigma,peak_band_auto,dose_3,0.3713655297355525,0.5445087237422649,auc_only
chrom_oxidized,Sigma,peak_band_auto,dose_4,0.3391490002820752,0.6112001910362025,auc_only
chrom_oxidized,Sigma,peak_band_auto,dose_5,0.3119449105435443,0.2336118541425206,auc_only
chrom_oxidized,Sigma,peak_band_auto,dose_6,0.026836588832386044,0.3933184159564671,auc_only
chrom_oxidized,Sigma,peak_band_auto,dose_1,0.04935816160710704,0.0901073162314349,continuum_depth+fwhm_nm
chrom_oxidized,Sigma,peak_band_auto,dose_2,0.3233043221637413,0.268739936889168,continuum_depth+fwhm_nm
chrom_oxidized,Sigma,peak_band_auto,dose_3,0.6374057250621918,0.5445087237422649,continuum_depth+fwhm_nm
chrom_oxidized,Sigma,peak_band_auto,dose_4,0.4708735392179282,0.6112001910362025,continuum_depth+fwhm_nm
chrom_oxidized,Sigma,peak_band_auto,dose_5,0.23374159814528728,0.2336118541425206,continuum_depth+fwhm_nm
chrom_oxidized,Sigma,peak_band_auto,dose_6,0.4179477714238926,0.3933184159564671,continuum_depth+fwhm_nm
chrom_oxidized,Sigma,peak_band_auto,dose_1,0.12391479949180706,0.0901073162314349,drop_fixed_terms
chrom_oxidized,Sigma,peak_band_auto,dose_2,0.18295870535025927,0.268739936889168,drop_fixed_terms
chrom_oxidized,Sigma,peak_band_auto,dose_3,0.6631631456496763,0.5445087237422649,drop_fixed_terms
chrom_oxidized,Sigma,peak_band_auto,dose_4,0.48940139844750163,0.6112001910362025,drop_fixed_terms
chrom_oxidized,Sigma,peak_band_auto,dose_5,0.25920774396598745,0.2336118541425206,drop_fixed_terms
chrom_oxidized,Sigma,peak_band_auto,dose_6,0.39426682921035194,0.3933184159564671,drop_fixed_terms
chrom_oxidized,Sigma,peak_band_auto,dose_1,0.12391479949180706,0.0901073162314349,full
chrom_oxidized,Sigma,peak_band_auto,dose_2,0.18295870535025927,0.268739936889168,full
chrom_oxidized,Sigma,peak_band_auto,dose_3,0.6631631456496763,0.5445087237422649,full
chrom_oxidized,Sigma,peak_band_auto,dose_4,0.48940139844750163,0.6112001910362025,full
chrom_oxidized,Sigma,peak_band_auto,dose_5,0.25920774396598745,0.2336118541425206,full
chrom_oxidized,Sigma,peak_band_auto,dose_6,0.39426682921035194,0.3933184159564671,full
chrom_oxidized,Sigma,peak_band_auto,dose_1,0.049276094356876854,0.0901073162314349,fwhm_only
chrom_oxidized,Sigma,peak_band_auto,dose_2,0.32333441188042045,0.268739936889168,fwhm_only
chrom_oxidized,Sigma,peak_band_auto,dose_3,0.6371655686835771,0.5445087237422649,fwhm_only
chrom_oxidized,Sigma,peak_band_auto,dose_4,0.4708743942156275,0.6112001910362025,fwhm_only
chrom_oxidized,Sigma,peak_band_auto,dose_5,0.233907975908477,0.2336118541425206,fwhm_only
chrom_oxidized,Sigma,peak_band_auto,dose_6,0.4180192851722362,0.3933184159564671,fwhm_only
chrom_oxidized,Sigma,peak_band_auto,dose_1,0.42274849194889086,0.0901073162314349,peak_auc
chrom_oxidized,Sigma,peak_band_auto,dose_2,0.41970816619852236,0.268739936889168,peak_auc
chrom_oxidized,Sigma,peak_band_auto,dose_3,0.371557190240998,0.5445087237422649,peak_auc
chrom_oxidized,Sigma,peak_band_auto,dose_4,0.3394986837204391,0.6112001910362025,peak_auc
chrom_oxidized,Sigma,peak_band_auto,dose_5,0.3127853507833278,0.2336118541425206,peak_auc
chrom_oxidized,Sigma,peak_band_auto,dose_6,0.026909913551039777,0.3933184159564671,peak_auc
chrom_oxidized,Sigma,peak_band_auto,dose_1,0.4204109766666501,0.0901073162314349,peak_only
chrom_oxidized,Sigma,peak_band_auto,dose_2,0.37656442578316496,0.268739936889168,peak_only
chrom_oxidized,Sigma,peak_band_auto,dose_3,0.3201701214569068,0.5445087237422649,peak_only
chrom_oxidized,Sigma,peak_band_auto,dose_4,0.3082124484402196,0.6112001910362025,peak_only
chrom_oxidized,Sigma,peak_band_auto,dose_5,0.3765081419000915,0.2336118541425206,peak_only
chrom_oxidized,Sigma,peak_band_auto,dose_6,0.32890901724817134,0.3933184159564671,peak_only
chrom_oxidized,Sigma,peak_band_auto,dose_1,0.42118045655166453,0.0901073162314349,peak_reflectance+continuum_depth
chrom_oxidized,Sigma,peak_band_auto,dose_2,0.37641520362745806,0.268739936889168,peak_reflectance+continuum_depth
chrom_oxidized,Sigma,peak_band_auto,dose_3,0.32027608771056143,0.5445087237422649,peak_reflectance+continuum_depth
chrom_oxidized,Sigma,peak_band_auto,dose_4,0.30828445416287875,0.6112001910362025,peak_reflectance+continuum_depth
chrom_oxidized,Sigma,peak_band_auto,dose_5,0.376346165718103,0.2336118541425206,peak_reflectance+continuum_depth
chrom_oxidized,Sigma,peak_band_auto,dose_6,0.32861116311051314,0.3933184159564671,peak_reflectance+continuum_depth
chrom_oxidized,Sigma,peak_band_auto,dose_1,0.04885205888480204,0.0901073162314349,peak_reflectance+fwhm_nm
chrom_oxidized,Sigma,peak_band_auto,dose_2,0.32376738966270313,0.268739936889168,peak_reflectance+fwhm_nm
chrom_oxidized,Sigma,peak_band_auto,dose_3,0.6431198334034534,0.5445087237422649,peak_reflectance+fwhm_nm
chrom_oxidized,Sigma,peak_band_auto,dose_4,0.4704873000325067,0.6112001910362025,peak_reflectance+fwhm_nm
chrom_oxidized,Sigma,peak_band_auto,dose_5,0.23260648505248582,0.2336118541425206,peak_reflectance+fwhm_nm
chrom_oxidized,Sigma,peak_band_auto,dose_6,0.41830434729397403,0.3933184159564671,peak_reflectance+fwhm_nm
chrom_oxidized,Sigma,peak_band_auto,dose_1,0.29683003139632547,0.0901073162314349,peak_reflectance+peak_wavelength_nm
chrom_oxidized,Sigma,peak_band_auto,dose_2,0.2329780372766237,0.268739936889168,peak_reflectance+peak_wavelength_nm
chrom_oxidized,Sigma,peak_band_auto,dose_3,0.5968399294247178,0.5445087237422649,peak_reflectance+peak_wavelength_nm
chrom_oxidized,Sigma,peak_band_auto,dose_4,0.5421425309284302,0.6112001910362025,peak_reflectance+peak_wavelength_nm
chrom_oxidized,Sigma,peak_band_auto,dose_5,0.26206851602694314,0.2336118541425206,peak_reflectance+peak_wavelength_nm
chrom_oxidized,Sigma,peak_band_auto,dose_6,0.2053259041729234,0.3933184159564671,peak_reflectance+peak_wavelength_nm
chrom_oxidized,Sigma,peak_band_auto,dose_1,0.2647463777557846,0.0901073162314349,peak_wavelength_nm+auc
chrom_oxidized,Sigma,peak_band_auto,dose_2,0.055172020106255104,0.268739936889168,peak_wavelength_nm+auc
chrom_oxidized,Sigma,peak_band_auto,dose_3,0.5564235904862755,0.5445087237422649,peak_wavelength_nm+auc
chrom_oxidized,Sigma,peak_band_auto,dose_4,0.5764279740583902,0.6112001910362025,peak_wavelength_nm+auc
chrom_oxidized,Sigma,peak_band_auto,dose_5,0.3172931792117595,0.2336118541425206,peak_wavelength_nm+auc
chrom_oxidized,Sigma,peak_band_auto,dose_6,0.22837172253558435,0.3933184159564671,peak_wavelength_nm+auc
chrom_oxidized,Sigma,peak_band_auto,dose_1,0.30092139889116254,0.0901073162314349,peak_wavelength_nm+continuum_depth
chrom_oxidized,Sigma,peak_band_auto,dose_2,0.24177336321849907,0.268739936889168,peak_wavelength_nm+continuum_depth
chrom_oxidized,Sigma,peak_band_auto,dose_3,0.6022574176872837,0.5445087237422649,peak_wavelength_nm+continuum_depth
chrom_oxidized,Sigma,peak_band_auto,dose_4,0.5373626175975232,0.6112001910362025,peak_wavelength_nm+continuum_depth
chrom_oxidized,Sigma,peak_band_auto,dose_5,0.2539036555683509,0.2336118541425206,peak_wavelength_nm+continuum_depth
chrom_oxidized,Sigma,peak_band_auto,dose_6,0.20071299190641412,0.3933184159564671,peak_wavelength_nm+continuum_depth
chrom_oxidized,Sigma,peak_band_auto,dose_1,0.13954888238611574,0.0901073162314349,peak_wavelength_nm+fwhm_nm
chrom_oxidized,Sigma,peak_band_auto,dose_2,0.2990969623685018,0.268739936889168,peak_wavelength_nm+fwhm_nm
chrom_oxidized,Sigma,peak_band_auto,dose_3,0.6775066087601971,0.5445087237422649,peak_wavelength_nm+fwhm_nm
chrom_oxidized,Sigma,peak_band_auto,dose_4,0.4755290517830266,0.6112001910362025,peak_wavelength_nm+fwhm_nm
chrom_oxidized,Sigma,peak_band_auto,dose_5,0.2252376269613805,0.2336118541425206,peak_wavelength_nm+fwhm_nm
chrom_oxidized,Sigma,peak_band_auto,dose_6,0.3327029499130916,0.3933184159564671,peak_wavelength_nm+fwhm_nm
chrom_total,12Oclock,320_480nm,dose_1,0.8124615761515832,0.27379686988609,auc+continuum_depth
chrom_total,12Oclock,320_480nm,dose_2,0.7200446699752242,0.6702106062314132,auc+continuum_depth
chrom_total,12Oclock,320_480nm,dose_3,0.6869377360448342,0.746940679793033,auc+continuum_depth
chrom_total,12Oclock,320_480nm,dose_4,0.6366495015248027,0.9855803035928415,auc+continuum_depth
chrom_total,12Oclock,320_480nm,dose_5,0.683923229694821,0.8071596303191209,auc+continuum_depth
chrom_total,12Oclock,320_480nm,dose_6,0.6737289590130771,0.8313635728597397,auc+continuum_depth
chrom_total,12Oclock,320_480nm,dose_1,0.7347543425934173,0.27379686988609,auc_fwhm
chrom_total,12Oclock,320_480nm,dose_2,0.15466226503006997,0.6702106062314132,auc_fwhm
chrom_total,12Oclock,320_480nm,dose_3,0.7464011605330032,0.746940679793033,auc_fwhm
chrom_total,12Oclock,320_480nm,dose_4,0.9985207713589261,0.9855803035928415,auc_fwhm
chrom_total,12Oclock,320_480nm,dose_5,0.725397983695605,0.8071596303191209,auc_fwhm
chrom_total,12Oclock,320_480nm,dose_6,0.5662024016209379,0.8313635728597397,auc_fwhm
chrom_total,12Oclock,320_480nm,dose_1,0.8124376809880771,0.27379686988609,auc_only
chrom_total,12Oclock,320_480nm,dose_2,0.7200496888937695,0.6702106062314132,auc_only
chrom_total,12Oclock,320_480nm,dose_3,0.6869568900013785,0.746940679793033,auc_only
chrom_total,12Oclock,320_480nm,dose_4,0.6367292856629357,0.9855803035928415,auc_only
chrom_total,12Oclock,320_480nm,dose_5,0.6839240933948001,0.8071596303191209,auc_only
chrom_total,12Oclock,320_480nm,dose_6,0.6737446186631779,0.8313635728597397,auc_only
chrom_total,12Oclock,320_480nm,dose_1,0.7346198968709496,0.27379686988609,continuum_depth+fwhm_nm
chrom_total,12Oclock,320_480nm,dose_2,0.2629994509027078,0.6702106062314132,continuum_depth+fwhm_nm
chrom_total,12Oclock,320_480nm,dose_3,0.7196280354617983,0.746940679793033,continuum_depth+fwhm_nm
chrom_total,12Oclock,320_480nm,dose_4,0.9217724025030077,0.9855803035928415,continuum_depth+fwhm_nm
chrom_total,12Oclock,320_480nm,dose_5,0.7902287938745645,0.8071596303191209,continuum_depth+fwhm_nm
chrom_total,12Oclock,320_480nm,dose_6,0.6907449293265941,0.8313635728597397,continuum_depth+fwhm_nm
chrom_total,12Oclock,320_480nm,dose_1,0.7347492523112905,0.27379686988609,drop_fixed_terms
chrom_total,12Oclock,320_480nm,dose_2,0.1546495142643458,0.6702106062314132,drop_fixed_terms
chrom_total,12Oclock,320_480nm,dose_3,0.7465767628089832,0.746940679793033,drop_fixed_terms
chrom_total,12Oclock,320_480nm,dose_4,0.9982899122047248,0.9855803035928415,drop_fixed_terms
chrom_total,12Oclock,320_480nm,dose_5,0.7252198476730953,0.8071596303191209,drop_fixed_terms
chrom_total,12Oclock,320_480nm,dose_6,0.5663304015912503,0.8313635728597397,drop_fixed_terms
chrom_total,12Oclock,320_480nm,dose_1,0.7347492523112905,0.27379686988609,full
chrom_total,12Oclock,320_480nm,dose_2,0.1546495142643458,0.6702106062314132,full
chrom_total,12Oclock,320_480nm,dose_3,0.7465767628089832,0.746940679793033,full
chrom_total,12Oclock,320_480nm,dose_4,0.9982899122047246,0.9855803035928415,full
chrom_total,12Oclock,320_480nm,dose_5,0.7252198476730953,0.8071596303191209,full
chrom_total,12Oclock,320_480nm,dose_6,0.5663304015912503,0.8313635728597397,full
chrom_total,12Oclock,320_480nm,dose_1,0.7346118896128588,0.27379686988609,fwhm_only
chrom_total,12Oclock,320_480nm,dose_2,0.26301152591682353,0.6702106062314132,fwhm_only
chrom_total,12Oclock,320_480nm,dose_3,0.7195861731603967,0.746940679793033,fwhm_only
chrom_total,12Oclock,320_480nm,dose_4,0.9218267009154089,0.9855803035928415,fwhm_only
chrom_total,12Oclock,320_480nm,dose_5,0.7902245765865838,0.8071596303191209,fwhm_only
chrom_total,12Oclock,320_480nm,dose_6,0.6907334504666338,0.8313635728597397,fwhm_only
chrom_total,12Oclock,320_480nm,dose_1,0.8124082207434001,0.27379686988609,peak_auc
chrom_total,12Oclock,320_480nm,dose_2,0.7199518446315899,0.6702106062314132,peak_auc
chrom_total,12Oclock,320_480nm,dose_3,0.6871370157004987,0.746940679793033,peak_auc
chrom_total,12Oclock,320_480nm,dose_4,0.636795941828292,0.9855803035928415,peak_auc
chrom_total,12Oclock,320_480nm,dose_5,0.6836785130912627,0.8071596303191209,peak_auc
chrom_total,12Oclock,320_480nm,dose_6,0.6740350965043294,0.8313635728597397,peak_auc
chrom_total,12Oclock,320_480nm,dose_1,0.808132876066434,0.27379686988609,peak_only
chrom_total,12Oclock,320_480nm,dose_2,0.7263149906636959,0.6702106062314132,peak_only
chrom_total,12Oclock,320_480nm,dose_3,0.7107408915561619,0.746940679793033,peak_only
chrom_total,12Oclock,320_480nm,dose_4,0.6631799886635412,0.9855803035928415,peak_only
chrom_total,12Oclock,320_480nm,dose_5,0.7029530310364047,0.8071596303191209,peak_only
chrom_total,12Oclock,320_480nm,dose_6,0.6970492659653522,0.8313635728597397,peak_only
chrom_total,12Oclock,320_480nm,dose_1,0.8081591767687119,0.27379686988609,peak_reflectance+continuum_depth
chrom_total,12Oclock,320_480nm,dose_2,0.7263100270579648,0.6702106062314132,peak_reflectance+continuum_depth
chrom_total,12Oclock,320_480nm,dose_3,0.7107226933472013,0.746940679793033,peak_reflectance+continuum_depth
chrom_total,12Oclock,320_480nm,dose_4,0.6631215816167976,0.9855803035928415,peak_reflectance+continuum_depth
chrom_total,12Oclock,320_480nm,dose_5,0.7029545977267571,0.8071596303191209,peak_reflectance+continuum_depth
chrom_total,12Oclock,320_480nm,dose_6,0.6970428791992732,0.8313635728597397,peak_reflectance+continuum_depth
chrom_total,12Oclock,320_480nm,dose_1,0.734630920828895,0.27379686988609,peak_reflectance+fwhm_nm
chrom_total,12Oclock,320_480nm,dose_2,0.255545816398159,0.6702106062314132,peak_reflectance+fwhm_nm
chrom_total,12Oclock,320_480nm,dose_3,0.7201869008117303,0.746940679793033,peak_reflectance+fwhm_nm
chrom_total,12Oclock,320_480nm,dose_4,0.9219818122505793,0.9855803035928415,peak_reflectance+fwhm_nm
chrom_total,12Oclock,320_480nm,dose_5,0.7885718300479627,0.8071596303191209,peak_reflectance+fwhm_nm
chrom_total,12Oclock,320_480nm,dose_6,0.6846364819442499,0.8313635728597397,peak_reflectance+fwhm_nm
chrom_total,12Oclock,320_480nm,dose_1,0.8081328760664339,0.27379686988609,peak_reflectance+peak_wavelength_nm
chrom_total,12Oclock,320_480nm,dose_2,0.7263149906636958,0.6702106062314132,peak_reflectance+peak_wavelength_nm
chrom_total,12Oclock,320_480nm,dose_3,0.7107408915561618,0.746940679793033,peak_reflectance+peak_wavelength_nm
chrom_total,12Oclock,320_480nm,dose_4,0.6631799886635412,0.9855803035928415,peak_reflectance+peak_wavelength_nm
chrom_total,12Oclock,320_480nm,dose_5,0.7029530310364048,0.8071596303191209,peak_reflectance+peak_wavelength_nm
chrom_total,12Oclock,320_480nm,dose_6,0.6970492659653522,0.8313635728597397,peak_reflectance+peak_wavelength_nm
chrom_total,12Oclock,320_480nm,dose_1,0.8124376809880771,0.27379686988609,peak_wavelength_nm+auc
chrom_total,12Oclock,320_480nm,dose_2,0.7200496888937686,0.6702106062314132,peak_wavelength_nm+auc
chrom_total,12Oclock,320_480nm,dose_3,0.686956890001378,0.746940679793033,peak_wavelength_nm+auc
chrom_total,12Oclock,320_480nm,dose_4,0.6367292856629354,0.9855803035928415,peak_wavelength_nm+auc
chrom_total,12Oclock,320_480nm,dose_5,0.6839240933948002,0.8071596303191209,peak_wavelength_nm+auc
chrom_total,12Oclock,320_480nm,dose_6,0.6737446186631779,0.8313635728597397,peak_wavelength_nm+auc
chrom_total,12Oclock,320_480nm,dose_1,0.8082773693446297,0.27379686988609,peak_wavelength_nm+continuum_depth
chrom_total,12Oclock,320_480nm,dose_2,0.7289633147749554,0.6702106062314132,peak_wavelength_nm+continuum_depth
chrom_total,12Oclock,320_480nm,dose_3,0.7136041300727721,0.746940679793033,peak_wavelength_nm+continuum_depth
chrom_total,12Oclock,320_480nm,dose_4,0.6658375576177866,0.9855803035928415,peak_wavelength_nm+continuum_depth
chrom_total,12Oclock,320_480nm,dose_5,0.7015800780618087,0.8071596303191209,peak_wavelength_nm+continuum_depth
chrom_total,12Oclock,320_480nm,dose_6,0.6967316767968861,0.8313635728597397,peak_wavelength_nm+continuum_depth
chrom_total,12Oclock,320_480nm,dose_1,0.7346118896128574,0.27379686988609,peak_wavelength_nm+fwhm_nm
chrom_total,12Oclock,320_480nm,dose_2,0.26301152591682797,0.6702106062314132,peak_wavelength_nm+fwhm_nm
chrom_total,12Oclock,320_480nm,dose_3,0.7195861731603963,0.746940679793033,peak_wavelength_nm+fwhm_nm
chrom_total,12Oclock,320_480nm,dose_4,0.9218267009154036,0.9855803035928415,peak_wavelength_nm+fwhm_nm
chrom_total,12Oclock,320_480nm,dose_5,0.7902245765865836,0.8071596303191209,peak_wavelength_nm+fwhm_nm
chrom_total,12Oclock,320_480nm,dose_6,0.690733450466634,0.8313635728597397,peak_wavelength_nm+fwhm_nm
dad_oxidized,Sigma,peak_band_auto,dose_1,0.6611328036240783,-0.114204631160007,auc+continuum_depth
dad_oxidized,Sigma,peak_band_auto,dose_2,0.5870325466312184,0.3770185585136998,auc+continuum_depth
dad_oxidized,Sigma,peak_band_auto,dose_3,0.4200826164911726,0.7930144626982226,auc+continuum_depth
dad_oxidized,Sigma,peak_band_auto,dose_4,0.42275224779833065,0.9507189731815124,auc+continuum_depth
dad_oxidized,Sigma,peak_band_auto,dose_5,0.5286362337205256,0.3675817747447733,auc+continuum_depth
dad_oxidized,Sigma,peak_band_auto,dose_6,-0.01902531595333734,0.7654051137655965,auc+continuum_depth
dad_oxidized,Sigma,peak_band_auto,dose_1,-0.049435951740102624,-0.114204631160007,auc_fwhm
dad_oxidized,Sigma,peak_band_auto,dose_2,0.39170230472544887,0.3770185585136998,auc_fwhm
dad_oxidized,Sigma,peak_band_auto,dose_3,1.0747499161371383,0.7930144626982226,auc_fwhm
dad_oxidized,Sigma,peak_band_auto,dose_4,0.7079946299408881,0.9507189731815124,auc_fwhm
dad_oxidized,Sigma,peak_band_auto,dose_5,0.3467961429744779,0.3675817747447733,auc_fwhm
dad_oxidized,Sigma,peak_band_auto,dose_6,0.8964690830456039,0.7654051137655965,auc_fwhm
dad_oxidized,Sigma,peak_band_auto,dose_1,0.6604256818148047,-0.114204631160007,auc_only
dad_oxidized,Sigma,peak_band_auto,dose_2,0.5866464187747049,0.3770185585136998,auc_only
dad_oxidized,Sigma,peak_band_auto,dose_3,0.4200931247934755,0.7930144626982226,auc_only
dad_oxidized,Sigma,peak_band_auto,dose_4,0.4228222159004684,0.9507189731815124,auc_only
dad_oxidized,Sigma,peak_band_auto,dose_5,0.528251332463236,0.3675817747447733,auc_only
dad_oxidized,Sigma,peak_band_auto,dose_6,-0.018401842341110086,0.7654051137655965,auc_only
dad_oxidized,Sigma,peak_band_auto,dose_1,0.11432842903192153,-0.114204631160007,continuum_depth+fwhm_nm
dad_oxidized,Sigma,peak_band_auto,dose_2,0.45309494048624543,0.3770185585136998,continuum_depth+fwhm_nm
dad_oxidized,Sigma,peak_band_auto,dose_3,1.1513645794313305,0.7930144626982226,continuum_depth+fwhm_nm
dad_oxidized,Sigma,peak_band_auto,dose_4,0.7719886455401532,0.9507189731815124,continuum_depth+fwhm_nm
dad_oxidized,Sigma,peak_band_auto,dose_5,0.25752804034279286,0.3675817747447733,continuum_depth+fwhm_nm
dad_oxidized,Sigma,peak_band_auto,dose_6,0.603252458034822,0.7654051137655965,continuum_depth+fwhm_nm
dad_oxidized,Sigma,peak_band_auto,dose_1,0.05844270800061224,-0.114204631160007,drop_fixed_terms
dad_oxidized,Sigma,peak_band_auto,dose_2,0.10450728465056613,0.3770185585136998,drop_fixed_terms
dad_oxidized,Sigma,peak_band_auto,dose_3,1.0655122444748386,0.7930144626982226,drop_fixed_terms
dad_oxidized,Sigma,peak_band_auto,dose_4,0.6839285246682625,0.9507189731815124,drop_fixed_terms
dad_oxidized,Sigma,peak_band_auto,dose_5,0.3789470441195846,0.3675817747447733,drop_fixed_terms
dad_oxidized,Sigma,peak_band_auto,dose_6,0.8487389874421751,0.7654051137655965,drop_fixed_terms
dad_oxidized,Sigma,peak_band_auto,dose_1,0.05844270800061224,-0.114204631160007,full
dad_oxidized,Sigma,peak_band_auto,dose_2,0.10450728465056613,0.3770185585136998,full
dad_oxidized,Sigma,peak_band_auto,dose_3,1.0655122444748315,0.7930144626982226,full
dad_oxidized,Sigma,peak_band_auto,dose_4,0.6839285246682643,0.9507189731815124,full
dad_oxidized,Sigma,peak_band_auto,dose_5,0.3789470441195846,0.3675817747447733,full
dad_oxidized,Sigma,peak_band_auto,dose_6,0.8487389874421751,0.7654051137655965,full
dad_oxidized,Sigma,peak_band_auto,dose_1,0.11470381940740815,-0.114204631160007,fwhm_only
dad_oxidized,Sigma,peak_band_auto,dose_2,0.45285967534733373,0.3770185585136998,fwhm_only
dad_oxidized,Sigma,peak_band_auto,dose_3,1.1516033891351523,0.7930144626982226,fwhm_only
dad_oxidized,Sigma,peak_band_auto,dose_4,0.7724601925181087,0.9507189731815124,fwhm_only
dad_oxidized,Sigma,peak_band_auto,dose_5,0.25697013601314467,0.3675817747447733,fwhm_only
dad_oxidized,Sigma,peak_band_auto,dose_6,0.6029076756948335,0.7654051137655965,fwhm_only
dad_oxidized,Sigma,peak_band_auto,dose_1,0.661975912922157,-0.114204631160007,peak_auc
dad_oxidized,Sigma,peak_band_auto,dose_2,0.5901630972228034,0.3770185585136998,peak_auc
dad_oxidized,Sigma,peak_band_auto,dose_3,0.4205787781432715,0.7930144626982226,peak_auc
dad_oxidized,Sigma,peak_band_auto,dose_4,0.4237484593127512,0.9507189731815124,peak_auc
dad_oxidized,Sigma,peak_band_auto,dose_5,0.530336850018037,0.3675817747447733,peak_auc
dad_oxidized,Sigma,peak_band_auto,dose_6,-0.018216500666787372,0.7654051137655965,peak_auc
dad_oxidized,Sigma,peak_band_auto,dose_1,0.6600721241933845,-0.114204631160007,peak_only
dad_oxidized,Sigma,peak_band_auto,dose_2,0.5526180923790914,0.3770185585136998,peak_only
dad_oxidized,Sigma,peak_band_auto,dose_3,0.45132846380824326,0.7930144626982226,peak_only
dad_oxidized,Sigma,peak_band_auto,dose_4,0.4302194791135453,0.9507189731815124,peak_only
dad_oxidized,Sigma,peak_band_auto,dose_5,0.5630380992051187,0.3675817747447733,peak_only
dad_oxidized,Sigma,peak_band_auto,dose_6,0.4497802681438364,0.7654051137655965,peak_only
dad_oxidized,Sigma,peak_band_auto,dose_1,0.6611076259848865,-0.114204631160007,peak_reflectance+continuum_depth
dad_oxidized,Sigma,peak_band_auto,dose_2,0.5526261941948997,0.3770185585136998,peak_reflectance+continuum_depth
dad_oxidized,Sigma,peak_band_auto,dose_3,0.4510295017688548,0.7930144626982226,peak_reflectance+continuum_depth
dad_oxidized,Sigma,peak_band_auto,dose_4,0.42995334548564323,0.9507189731815124,peak_reflectance+continuum_depth
dad_oxidized,Sigma,peak_band_auto,dose_5,0.5634540529018943,0.3675817747447733,peak_reflectance+continuum_depth
dad_oxidized,Sigma,peak_band_auto,dose_6,0.44953409670783506,0.7654051137655965,peak_reflectance+continuum_depth
dad_oxidized,Sigma,peak_band_auto,dose_1,0.0921475258649771,-0.114204631160007,peak_reflectance+fwhm_nm
dad_oxidized,Sigma,peak_band_auto,dose_2,0.4485374928662065,0.3770185585136998,peak_reflectance+fwhm_nm
dad_oxidized,Sigma,peak_band_auto,dose_3,1.1417160845753127,0.7930144626982226,peak_reflectance+fwhm_nm
dad_oxidized,Sigma,peak_band_auto,dose_4,0.7623684695753941,0.9507189731815124,peak_reflectance+fwhm_nm
dad_oxidized,Sigma,peak_band_auto,dose_5,0.27200966497486156,0.3675817747447733,peak_reflectance+fwhm_nm
dad_oxidized,Sigma,peak_band_auto,dose_6,0.6185871203032924,0.7654051137655965,peak_reflectance+fwhm_nm
dad_oxidized,Sigma,peak_band_auto,dose_1,0.4922720037510828,-0.114204631160007,peak_reflectance+peak_wavelength_nm
dad_oxidized,Sigma,peak_band_auto,dose_2,0.31747990800542425,0.3770185585136998,peak_reflectance+peak_wavelength_nm
dad_oxidized,Sigma,peak_band_auto,dose_3,0.918782664484695,0.7930144626982226,peak_reflectance+peak_wavelength_nm
dad_oxidized,Sigma,peak_band_auto,dose_4,0.797621067791539,0.9507189731815124,peak_reflectance+peak_wavelength_nm
dad_oxidized,Sigma,peak_band_auto,dose_5,0.3725928204354432,0.3675817747447733,peak_reflectance+peak_wavelength_nm
dad_oxidized,Sigma,peak_band_auto,dose_6,0.23273552035428224,0.7654051137655965,peak_reflectance+peak_wavelength_nm
dad_oxidized,Sigma,peak_band_auto,dose_1,0.3814634272057731,-0.114204631160007,peak_wavelength_nm+auc
dad_oxidized,Sigma,peak_band_auto,dose_2,-0.21324626751868436,0.3770185585136998,peak_wavelength_nm+auc
dad_oxidized,Sigma,peak_band_auto,dose_3,0.7878346444137492,0.7930144626982226,peak_wavelength_nm+auc
dad_oxidized,Sigma,peak_band_auto,dose_4,0.909551897077506,0.9507189731815124,peak_wavelength_nm+auc
dad_oxidized,Sigma,peak_band_auto,dose_5,0.5389980363441964,0.3675817747447733,peak_wavelength_nm+auc
dad_oxidized,Sigma,peak_band_auto,dose_6,0.3775342487259934,0.7654051137655965,peak_wavelength_nm+auc
dad_oxidized,Sigma,peak_band_auto,dose_1,0.5064313673135814,-0.114204631160007,peak_wavelength_nm+continuum_depth
dad_oxidized,Sigma,peak_band_auto,dose_2,0.34392245151377665,0.3770185585136998,peak_wavelength_nm+continuum_depth
dad_oxidized,Sigma,peak_band_auto,dose_3,0.9358069578069887,0.7930144626982226,peak_wavelength_nm+continuum_depth
dad_oxidized,Sigma,peak_band_auto,dose_4,0.7825073046194007,0.9507189731815124,peak_wavelength_nm+continuum_depth
dad_oxidized,Sigma,peak_band_auto,dose_5,0.3485347802932779,0.3675817747447733,peak_wavelength_nm+continuum_depth
dad_oxidized,Sigma,peak_band_auto,dose_6,0.2159401205729239,0.7654051137655965,peak_wavelength_nm+continuum_depth
dad_oxidized,Sigma,peak_band_auto,dose_1,0.11658711974596869,-0.114204631160007,peak_wavelength_nm+fwhm_nm
dad_oxidized,Sigma,peak_band_auto,dose_2,0.5074776686779146,0.3770185585136998,peak_wavelength_nm+fwhm_nm
dad_oxidized,Sigma,peak_band_auto,dose_3,1.1460884665556534,0.7930144626982226,peak_wavelength_nm+fwhm_nm
dad_oxidized,Sigma,peak_band_auto,dose_4,0.6103559779627403,0.9507189731815124,peak_wavelength_nm+fwhm_nm
dad_oxidized,Sigma,peak_band_auto,dose_5,0.26687350144775124,0.3675817747447733,peak_wavelength_nm+fwhm_nm
dad_oxidized,Sigma,peak_band_auto,dose_6,0.5793345157860479,0.7654051137655965,peak_wavelength_nm+fwhm_nm
dad_total,Sigma,peak_band_auto,dose_1,1.5569933757242034,0.5202563375770172,auc+continuum_depth
dad_total,Sigma,peak_band_auto,dose_2,1.376407984014892,1.4054024203995992,auc+continuum_depth
dad_total,Sigma,peak_band_auto,dose_3,1.294385622456013,1.492350762046004,auc+continuum_depth
dad_total,Sigma,peak_band_auto,dose_4,1.2204909564375077,1.8439993034629107,auc+continuum_depth
dad_total,Sigma,peak_band_auto,dose_5,1.3507252562849095,1.4396078592597448,auc+continuum_depth
dad_total,Sigma,peak_band_auto,dose_6,1.0798862334858903,1.5849377565495193,auc+continuum_depth
dad_total,Sigma,peak_band_auto,dose_1,1.2645161302982428,0.5202563375770172,auc_fwhm
dad_total,Sigma,peak_band_auto,dose_2,1.1610165569989075,1.4054024203995992,auc_fwhm
dad_total,Sigma,peak_band_auto,dose_3,2.045923221831824,1.492350762046004,auc_fwhm
dad_total,Sigma,peak_band_auto,dose_4,1.510242665186194,1.8439993034629107,auc_fwhm
dad_total,Sigma,peak_band_auto,dose_5,1.1524277081834366,1.4396078592597448,auc_fwhm
dad_total,Sigma,peak_band_auto,dose_6,2.266992514737071,1.5849377565495193,auc_fwhm
dad_total,Sigma,peak_band_auto,dose_1,1.5566454047938225,0.5202563375770172,auc_only
dad_total,Sigma,peak_band_auto,dose_2,1.375641505086014,1.4054024203995992,auc_only
dad_total,Sigma,peak_band_auto,dose_3,1.2944265525589749,1.492350762046004,auc_only
dad_total,Sigma,peak_band_auto,dose_4,1.2207060504961382,1.8439993034629107,auc_only
dad_total,Sigma,peak_band_auto,dose_5,1.3499024539184987,1.4396078592597448,auc_only
dad_total,Sigma,peak_band_auto,dose_6,1.0810006409595871,1.5849377565495193,auc_only
dad_total,Sigma,peak_band_auto,dose_1,1.339750156617412,0.5202563375770172,continuum_depth+fwhm_nm
dad_total,Sigma,peak_band_auto,dose_2,1.2759505276286323,1.4054024203995992,continuum_depth+fwhm_nm
dad_total,Sigma,peak_band_auto,dose_3,2.1405301748004835,1.492350762046004,continuum_depth+fwhm_nm
dad_total,Sigma,peak_band_auto,dose_4,1.6080192359815193,1.8439993034629107,continuum_depth+fwhm_nm
dad_total,Sigma,peak_band_auto,dose_5,1.0487239949559122,1.4396078592597448,continuum_depth+fwhm_nm
dad_total,Sigma,peak_band_auto,dose_6,1.4690037058694045,1.5849377565495193,continuum_depth+fwhm_nm
dad_total,Sigma,peak_band_auto,dose_1,1.421275794076223,0.5202563375770172,drop_fixed_terms
dad_total,Sigma,peak_band_auto,dose_2,0.5746911716846057,1.4054024203995992,drop_fixed_terms
dad_total,Sigma,peak_band_auto,dose_3,2.0480211011660825,1.492350762046004,drop_fixed_terms
dad_total,Sigma,peak_band_auto,dose_4,1.3236794678201704,1.8439993034629107,drop_fixed_terms
dad_total,Sigma,peak_band_auto,dose_5,1.1314507922197805,1.4396078592597448,drop_fixed_terms
dad_total,Sigma,peak_band_auto,dose_6,2.3224491056208834,1.5849377565495193,drop_fixed_terms
dad_total,Sigma,peak_band_auto,dose_1,1.421275794076223,0.5202563375770172,full
dad_total,Sigma,peak_band_auto,dose_2,0.5746911716845489,1.4054024203995992,full
dad_total,Sigma,peak_band_auto,dose_3,2.0480211011660807,1.492350762046004,full
dad_total,Sigma,peak_band_auto,dose_4,1.3236794678201704,1.8439993034629107,full
dad_total,Sigma,peak_band_auto,dose_5,1.1314507922197805,1.4396078592597448,full
dad_total,Sigma,peak_band_auto,dose_6,2.3224491056208763,1.5849377565495193,full
dad_total,Sigma,peak_band_auto,dose_1,1.3397454998789908,0.5202563375770172,fwhm_only
dad_total,Sigma,peak_band_auto,dose_2,1.275360802913955,1.4054024203995992,fwhm_only
dad_total,Sigma,peak_band_auto,dose_3,2.1416339118910663,1.492350762046004,fwhm_only
dad_total,Sigma,peak_band_auto,dose_4,1.6092045295113113,1.8439993034629107,fwhm_only
dad_total,Sigma,peak_band_auto,dose_5,1.047411284441683,1.4396078592597448,fwhm_only
dad_total,Sigma,peak_band_auto,dose_6,1.467622597996117,1.5849377565495193,fwhm_only
dad_total,Sigma,peak_band_auto,dose_1,1.557241119335555,0.5202563375770172,peak_auc
dad_total,Sigma,peak_band_auto,dose_2,1.380347542022979,1.4054024203995992,peak_auc
dad_total,Sigma,peak_band_auto,dose_3,1.2952166783834318,1.492350762046004,peak_auc
dad_total,Sigma,peak_band_auto,dose_4,1.2222399200972098,1.8439993034629107,peak_auc
dad_total,Sigma,peak_band_auto,dose_5,1.352923071708876,1.4396078592597448,peak_auc
dad_total,Sigma,peak_band_auto,dose_6,1.0812987069737479,1.5849377565495193,peak_auc
dad_total,Sigma,peak_band_auto,dose_1,1.5565777604461373,0.5202563375770172,peak_only
dad_total,Sigma,peak_band_auto,dose_2,1.37319293453085,1.4054024203995992,peak_only
dad_total,Sigma,peak_band_auto,dose_3,1.3313205448339898,1.492350762046004,peak_only
dad_total,Sigma,peak_band_auto,dose_4,1.270456295085676,1.8439993034629107,peak_only
dad_total,Sigma,peak_band_auto,dose_5,1.3845729567469809,1.4396078592597448,peak_only
dad_total,Sigma,peak_band_auto,dose_6,1.3452765259154613,1.5849377565495193,peak_only
dad_total,Sigma,peak_band_auto,dose_1,1.5570416108552352,0.5202563375770172,peak_reflectance+continuum_depth
dad_total,Sigma,peak_band_auto,dose_2,1.3735802217117477,1.4054024203995992,peak_reflectance+continuum_depth
dad_total,Sigma,peak_band_auto,dose_3,1.3303490484095555,1.492350762046004,peak_reflectance+continuum_depth
dad_total,Sigma,peak_band_auto,dose_4,1.2695112986405146,1.8439993034629107,peak_reflectance+continuum_depth
dad_total,Sigma,peak_band_auto,dose_5,1.38565888440247,1.4396078592597448,peak_reflectance+continuum_depth
dad_total,Sigma,peak_band_auto,dose_6,1.3457080130801087,1.5849377565495193,peak_reflectance+continuum_depth
dad_total,Sigma,peak_band_auto,dose_1,1.329244829130789,0.5202563375770172,peak_reflectance+fwhm_nm
dad_total,Sigma,peak_band_auto,dose_2,1.2667054339835335,1.4054024203995992,peak_reflectance+fwhm_nm
dad_total,Sigma,peak_band_auto,dose_3,2.1223278681076927,1.492350762046004,peak_reflectance+fwhm_nm
dad_total,Sigma,peak_band_auto,dose_4,1.5910829757961,1.8439993034629107,peak_reflectance+fwhm_nm
dad_total,Sigma,peak_band_auto,dose_5,1.0691465647803327,1.4396078592597448,peak_reflectance+fwhm_nm
dad_total,Sigma,peak_band_auto,dose_6,1.51603284990294,1.5849377565495193,peak_reflectance+fwhm_nm
dad_total,Sigma,peak_band_auto,dose_1,1.4675852078155813,0.5202563375770172,peak_reflectance+peak_wavelength_nm
dad_total,Sigma,peak_band_auto,dose_2,1.1483690593441622,1.4054024203995992,peak_reflectance+peak_wavelength_nm
dad_total,Sigma,peak_band_auto,dose_3,1.807787144752723,1.492350762046004,peak_reflectance+peak_wavelength_nm
dad_total,Sigma,peak_band_auto,dose_4,1.5053729326538559,1.8439993034629107,peak_reflectance+peak_wavelength_nm
dad_total,Sigma,peak_band_auto,dose_5,1.2031048574239662,1.4396078592597448,peak_reflectance+peak_wavelength_nm
dad_total,Sigma,peak_band_auto,dose_6,1.1612941749286847,1.5849377565495193,peak_reflectance+peak_wavelength_nm
dad_total,Sigma,peak_band_auto,dose_1,1.3908761683496067,0.5202563375770172,peak_wavelength_nm+auc
dad_total,Sigma,peak_band_auto,dose_2,0.431760603041937,1.4054024203995992,peak_wavelength_nm+auc
dad_total,Sigma,peak_band_auto,dose_3,1.671884554674989,1.492350762046004,peak_wavelength_nm+auc
dad_total,Sigma,peak_band_auto,dose_4,1.6228225656228972,1.8439993034629107,peak_wavelength_nm+auc
dad_total,Sigma,peak_band_auto,dose_5,1.3601404045083427,1.4396078592597448,peak_wavelength_nm+auc
dad_total,Sigma,peak_band_auto,dose_6,1.5060449501531536,1.5849377565495193,peak_wavelength_nm+auc
dad_total,Sigma,peak_band_auto,dose_1,1.4781067568291846,0.5202563375770172,peak_wavelength_nm+continuum_depth
dad_total,Sigma,peak_band_auto,dose_2,1.1855448220293567,1.4054024203995992,peak_wavelength_nm+continuum_depth
dad_total,Sigma,peak_band_auto,dose_3,1.8287649593083302,1.492350762046004,peak_wavelength_nm+continuum_depth
dad_total,Sigma,peak_band_auto,dose_4,1.4866002273133034,1.8439993034629107,peak_wavelength_nm+continuum_depth
dad_total,Sigma,peak_band_auto,dose_5,1.1762730764412765,1.4396078592597448,peak_wavelength_nm+continuum_depth
dad_total,Sigma,peak_band_auto,dose_6,1.1270060965254913,1.5849377565495193,peak_wavelength_nm+continuum_depth
dad_total,Sigma,peak_band_auto,dose_1,1.4684804561791651,0.5202563375770172,peak_wavelength_nm+fwhm_nm
dad_total,Sigma,peak_band_auto,dose_2,1.3725286448900107,1.4054024203995992,peak_wavelength_nm+fwhm_nm
dad_total,Sigma,peak_band_auto,dose_3,2.092670643579389,1.492350762046004,peak_wavelength_nm+fwhm_nm
dad_total,Sigma,peak_band_auto,dose_4,1.2722546885242991,1.8439993034629107,peak_wavelength_nm+fwhm_nm
dad_total,Sigma,peak_band_auto,dose_5,1.0739162402232267,1.4396078592597448,peak_wavelength_nm+fwhm_nm
dad_total,Sigma,peak_band_auto,dose_6,1.7433352804771403,1.5849377565495193,peak_wavelength_nm+fwhm_nm
latent_total,Sigma,peak_band_auto,dose_1,0.7991379504040695,0.2810129500194107,auc+continuum_depth
latent_total,Sigma,peak_band_auto,dose_2,0.7112176063447024,0.6936283724299851,auc+continuum_depth
latent_total,Sigma,peak_band_auto,dose_3,0.6558464571515059,0.7483282619584828,auc+continuum_depth
latent_total,Sigma,peak_band_auto,dose_4,0.6150799585398914,0.9575543551063278,auc+continuum_depth
latent_total,Sigma,peak_band_auto,dose_5,0.7026371712751609,0.7703884531900113,auc+continuum_depth
latent_total,Sigma,peak_band_auto,dose_6,0.5959536908692351,0.8259586664709339,auc+continuum_depth
latent_total,Sigma,peak_band_auto,dose_1,0.6433569239133905,0.2810129500194107,auc_fwhm
latent_total,Sigma,peak_band_auto,dose_2,0.6041211233555561,0.6936283724299851,auc_fwhm
latent_total,Sigma,peak_band_auto,dose_3,1.0371240088573739,0.7483282619584828,auc_fwhm
latent_total,Sigma,peak_band_auto,dose_4,0.757932728464092,0.9575543551063278,auc_fwhm
latent_total,Sigma,peak_band_auto,dose_5,0.6020347066614153,0.7703884531900113,auc_fwhm
latent_total,Sigma,peak_band_auto,dose_6,1.2120924057498383,0.8259586664709339,auc_fwhm
latent_total,Sigma,peak_band_auto,dose_1,0.7989530077426444,0.2810129500194107,auc_only
latent_total,Sigma,peak_band_auto,dose_2,0.7108149463909988,0.6936283724299851,auc_only
latent_total,Sigma,peak_band_auto,dose_3,0.6558663959874592,0.7483282619584828,auc_only
latent_total,Sigma,peak_band_auto,dose_4,0.6151865823719278,0.9575543551063278,auc_only
latent_total,Sigma,peak_band_auto,dose_5,0.7022609014341792,0.7703884531900113,auc_only
latent_total,Sigma,peak_band_auto,dose_6,0.5964881725503948,0.8259586664709339,auc_only
latent_total,Sigma,peak_band_auto,dose_1,0.7093547385305716,0.2810129500194107,continuum_depth+fwhm_nm
latent_total,Sigma,peak_band_auto,dose_2,0.6681147457681194,0.6936283724299851,continuum_depth+fwhm_nm
latent_total,Sigma,peak_band_auto,dose_3,1.1013063468388387,0.7483282619584828,continuum_depth+fwhm_nm
latent_total,Sigma,peak_band_auto,dose_4,0.8157809865296262,0.9575543551063278,continuum_depth+fwhm_nm
latent_total,Sigma,peak_band_auto,dose_5,0.5405947286760258,0.7703884531900113,continuum_depth+fwhm_nm
latent_total,Sigma,peak_band_auto,dose_6,0.7528238627275545,0.8259586664709339,continuum_depth+fwhm_nm
latent_total,Sigma,peak_band_auto,dose_1,0.7535137920394703,0.2810129500194107,drop_fixed_terms
latent_total,Sigma,peak_band_auto,dose_2,0.27576238275224796,0.6936283724299851,drop_fixed_terms
latent_total,Sigma,peak_band_auto,dose_3,1.0343867156357973,0.7483282619584828,drop_fixed_terms
latent_total,Sigma,peak_band_auto,dose_4,0.6856016615993497,0.9575543551063278,drop_fixed_terms
latent_total,Sigma,peak_band_auto,dose_5,0.6017013746293967,0.7703884531900113,drop_fixed_terms
latent_total,Sigma,peak_band_auto,dose_6,1.2226749629348665,0.8259586664709339,drop_fixed_terms
latent_total,Sigma,peak_band_auto,dose_1,0.7535137920394561,0.2810129500194107,full
latent_total,Sigma,peak_band_auto,dose_2,0.27576238275221954,0.6936283724299851,full
latent_total,Sigma,peak_band_auto,dose_3,1.0343867156358009,0.7483282619584828,full
latent_total,Sigma,peak_band_auto,dose_4,0.6856016615993568,0.9575543551063278,full
latent_total,Sigma,peak_band_auto,dose_5,0.6017013746293975,0.7703884531900113,full
latent_total,Sigma,peak_band_auto,dose_6,1.2226749629348657,0.8259586664709339,full
latent_total,Sigma,peak_band_auto,dose_1,0.7094423409033528,0.2810129500194107,fwhm_only
latent_total,Sigma,peak_band_auto,dose_2,0.6677864727467249,0.6936283724299851,fwhm_only
latent_total,Sigma,peak_band_auto,dose_3,1.1019013170314569,0.7483282619584828,fwhm_only
latent_total,Sigma,peak_band_auto,dose_4,0.8164298418274374,0.9575543551063278,fwhm_only
latent_total,Sigma,peak_band_auto,dose_5,0.5399391891364802,0.7703884531900113,fwhm_only
latent_total,Sigma,peak_band_auto,dose_6,0.7520889226399206,0.8259586664709339,fwhm_only
latent_total,Sigma,peak_band_auto,dose_1,0.799300003072731,0.2810129500194107,peak_auc
latent_total,Sigma,peak_band_auto,dose_2,0.713219486646968,0.6936283724299851,peak_auc
latent_total,Sigma,peak_band_auto,dose_3,0.6562573640280552,0.7483282619584828,peak_auc
latent_total,Sigma,peak_band_auto,dose_4,0.6159351648184678,0.9575543551063278,peak_auc
latent_total,Sigma,peak_band_auto,dose_5,0.7037344313245774,0.7703884531900113,peak_auc
latent_total,Sigma,peak_band_auto,dose_6,0.5966356611941814,0.8259586664709339,peak_auc
latent_total,Sigma,peak_band_auto,dose_1,0.7993621585386623,0.2810129500194107,peak_only
latent_total,Sigma,peak_band_auto,dose_2,0.7147150306984846,0.6936283724299851,peak_only
latent_total,Sigma,peak_band_auto,dose_3,0.6901106020523792,0.7483282619584828,peak_only
latent_total,Sigma,peak_band_auto,dose_4,0.6530387874363107,0.9575543551063278,peak_only
latent_total,Sigma,peak_band_auto,dose_5,0.7102186307655611,0.7703884531900113,peak_only
latent_total,Sigma,peak_band_auto,dose_6,0.6955667491298447,0.8259586664709339,peak_only
latent_total,Sigma,peak_band_auto,dose_1,0.7995392512626384,0.2810129500194107,peak_reflectance+continuum_depth
latent_total,Sigma,peak_band_auto,dose_2,0.7149473209868349,0.6936283724299851,peak_reflectance+continuum_depth
latent_total,Sigma,peak_band_auto,dose_3,0.6895959770632146,0.7483282619584828,peak_reflectance+continuum_depth
latent_total,Sigma,peak_band_auto,dose_4,0.6525151132058069,0.9575543551063278,peak_reflectance+continuum_depth
latent_total,Sigma,peak_band_auto,dose_5,0.7107539702823609,0.7703884531900113,peak_reflectance+continuum_depth
latent_total,Sigma,peak_band_auto,dose_6,0.6958156021031531,0.8259586664709339,peak_reflectance+continuum_depth
latent_total,Sigma,peak_band_auto,dose_1,0.7004186478875718,0.2810129500194107,peak_reflectance+fwhm_nm
latent_total,Sigma,peak_band_auto,dose_2,0.662966592634521,0.6936283724299851,peak_reflectance+fwhm_nm
latent_total,Sigma,peak_band_auto,dose_3,1.0902029307823584,0.7483282619584828,peak_reflectance+fwhm_nm
latent_total,Sigma,peak_band_auto,dose_4,0.8060637622011089,0.9575543551063278,peak_reflectance+fwhm_nm
latent_total,Sigma,peak_band_auto,dose_5,0.5520616119992852,0.7703884531900113,peak_reflectance+fwhm_nm
latent_total,Sigma,peak_band_auto,dose_6,0.7789038236265791,0.8259586664709339,peak_reflectance+fwhm_nm
latent_total,Sigma,peak_band_auto,dose_1,0.756128827536191,0.2810129500194107,peak_reflectance+peak_wavelength_nm
latent_total,Sigma,peak_band_auto,dose_2,0.6081376512237711,0.6936283724299851,peak_reflectance+peak_wavelength_nm
latent_total,Sigma,peak_band_auto,dose_3,0.9381946838920925,0.7483282619584828,peak_reflectance+peak_wavelength_nm
latent_total,Sigma,peak_band_auto,dose_4,0.7562521824652464,0.9575543551063278,peak_reflectance+peak_wavelength_nm
latent_total,Sigma,peak_band_auto,dose_5,0.6177311954725582,0.7703884531900113,peak_reflectance+peak_wavelength_nm
latent_total,Sigma,peak_band_auto,dose_6,0.6036872456988363,0.8259586664709339,peak_reflectance+peak_wavelength_nm
latent_total,Sigma,peak_band_auto,dose_1,0.6985842664874724,0.2810129500194107,peak_wavelength_nm+auc
latent_total,Sigma,peak_band_auto,dose_2,0.23299652932479376,0.6936283724299851,peak_wavelength_nm+auc
latent_total,Sigma,peak_band_auto,dose_3,0.8593945884959737,0.7483282619584828,peak_wavelength_nm+auc
latent_total,Sigma,peak_band_auto,dose_4,0.8244911979137868,0.9575543551063278,peak_wavelength_nm+auc
latent_total,Sigma,peak_band_auto,dose_5,0.7077201116001106,0.7703884531900113,peak_wavelength_nm+auc
latent_total,Sigma,peak_band_auto,dose_6,0.8307341741399057,0.8259586664709339,peak_wavelength_nm+auc
latent_total,Sigma,peak_band_auto,dose_1,0.7639176520024691,0.2810129500194107,peak_wavelength_nm+continuum_depth
latent_total,Sigma,peak_band_auto,dose_2,0.627626258047556,0.6936283724299851,peak_wavelength_nm+continuum_depth
latent_total,Sigma,peak_band_auto,dose_3,0.9496418743808732,0.7483282619584828,peak_wavelength_nm+continuum_depth
latent_total,Sigma,peak_band_auto,dose_4,0.7459938239865416,0.9575543551063278,peak_wavelength_nm+continuum_depth
latent_total,Sigma,peak_band_auto,dose_5,0.6032747326956098,0.7703884531900113,peak_wavelength_nm+continuum_depth
latent_total,Sigma,peak_band_auto,dose_6,0.5843099157754921,0.8259586664709339,peak_wavelength_nm+continuum_depth
latent_total,Sigma,peak_band_auto,dose_1,0.7896570241865462,0.2810129500194107,peak_wavelength_nm+fwhm_nm
latent_total,Sigma,peak_band_auto,dose_2,0.721705168190006,0.6936283724299851,peak_wavelength_nm+fwhm_nm
latent_total,Sigma,peak_band_auto,dose_3,1.0811152031892828,0.7483282619584828,peak_wavelength_nm+fwhm_nm
latent_total,Sigma,peak_band_auto,dose_4,0.6394899752915393,0.9575543551063278,peak_wavelength_nm+fwhm_nm
latent_total,Sigma,peak_band_auto,dose_5,0.5525505685524195,0.7703884531900113,peak_wavelength_nm+fwhm_nm
latent_total,Sigma,peak_band_auto,dose_6,0.8712830487195262,0.8259586664709339,peak_wavelength_nm+fwhm_nm
